2025-12-22 22:07:00 - advanced_pipeline - INFO - Logger advanced_pipeline configuré - Fichier: /Users/taieb/Documents/GITHUB REPO/ML_banking_segmentation/logs/advanced_pipeline_20251222.log
2025-12-22 22:07:00 - advanced_pipeline - INFO - AdvancedPipeline initialisé - Mode: dev, Clustering: stratifie
2025-12-22 22:07:00 - advanced_pipeline - INFO - Force retrain: True
2025-12-22 22:07:00 - advanced_pipeline - INFO - === DÉMARRAGE PIPELINE AVANCÉ ===
2025-12-22 22:07:00 - advanced_pipeline - INFO - Étape 1: Extraction données
2025-12-22 22:07:00 - advanced_pipeline - INFO - Données extraites: (2000, 19)
2025-12-22 22:07:00 - advanced_pipeline - INFO - Étape 2: Optimisation dimensions
2025-12-22 22:07:00 - advanced_pipeline - INFO - Dimensions optimisées: (2000, 9)
2025-12-22 22:07:00 - advanced_pipeline - INFO - === CLUSTERING AVEC GESTION MODÈLES ===
2025-12-22 22:07:00 - advanced_pipeline - INFO - RECALCUL FORCÉ - Entraînement nouveau modèle
2025-12-22 22:07:01 - advanced_pipeline - INFO - Étape 4: Scoring clients
2025-12-22 22:07:01 - advanced_pipeline - INFO - Scoring terminé: (2000, 58)
2025-12-22 22:07:01 - advanced_pipeline - INFO - Résultats sauvegardés dans: /var/folders/0m/c5clbvqd31s3ynlm0xf7lccw0000gn/T/tmplw926q2k/models/pipeline_output/20251222_220700
2025-12-22 22:07:01 - advanced_pipeline - INFO - === PIPELINE TERMINÉ AVEC SUCCÈS ===
2025-12-22 22:07:01 - advanced_pipeline - INFO - AdvancedPipeline initialisé - Mode: dev, Clustering: stratifie
2025-12-22 22:07:01 - advanced_pipeline - INFO - Force retrain: True
2025-12-22 22:07:01 - advanced_pipeline - INFO - Étape 1: Extraction données
2025-12-22 22:07:01 - advanced_pipeline - INFO - Données extraites: (2000, 19)
2025-12-22 22:07:01 - advanced_pipeline - INFO - Étape 2: Optimisation dimensions
2025-12-22 22:07:01 - advanced_pipeline - INFO - Dimensions optimisées: (2000, 9)
2025-12-22 22:07:01 - advanced_pipeline - INFO - === CLUSTERING AVEC GESTION MODÈLES ===
2025-12-22 22:07:01 - advanced_pipeline - INFO - RECALCUL FORCÉ - Entraînement nouveau modèle
2025-12-22 22:07:01 - advanced_pipeline - INFO - AdvancedPipeline initialisé - Mode: dev, Clustering: stratifie
2025-12-22 22:07:01 - advanced_pipeline - INFO - Force retrain: False
2025-12-22 22:07:01 - advanced_pipeline - INFO - Étape 1: Extraction données
2025-12-22 22:07:01 - advanced_pipeline - INFO - Données extraites: (2000, 19)
2025-12-22 22:07:01 - advanced_pipeline - INFO - AdvancedPipeline initialisé - Mode: dev, Clustering: stratifie
2025-12-22 22:07:01 - advanced_pipeline - INFO - Force retrain: False
2025-12-22 22:07:01 - advanced_pipeline - INFO - AdvancedPipeline initialisé - Mode: dev, Clustering: stratifie
2025-12-22 22:07:01 - advanced_pipeline - INFO - Force retrain: True
2025-12-22 22:07:01 - advanced_pipeline - INFO - === DÉMARRAGE PIPELINE AVANCÉ ===
2025-12-22 22:07:01 - advanced_pipeline - INFO - Étape 1: Extraction données
2025-12-22 22:07:01 - advanced_pipeline - INFO - Données extraites: (2000, 19)
2025-12-22 22:07:01 - advanced_pipeline - INFO - Étape 2: Optimisation dimensions
2025-12-22 22:07:01 - advanced_pipeline - INFO - Dimensions optimisées: (2000, 9)
2025-12-22 22:07:01 - advanced_pipeline - INFO - === CLUSTERING AVEC GESTION MODÈLES ===
2025-12-22 22:07:01 - advanced_pipeline - INFO - RECALCUL FORCÉ - Entraînement nouveau modèle
2025-12-22 22:07:02 - advanced_pipeline - INFO - Étape 4: Scoring clients
2025-12-22 22:07:02 - advanced_pipeline - INFO - Scoring terminé: (2000, 58)
2025-12-22 22:07:02 - advanced_pipeline - INFO - Résultats sauvegardés dans: /var/folders/0m/c5clbvqd31s3ynlm0xf7lccw0000gn/T/tmplw926q2k/models/pipeline_output/20251222_220701
2025-12-22 22:07:02 - advanced_pipeline - INFO - === PIPELINE TERMINÉ AVEC SUCCÈS ===
2025-12-22 22:07:02 - advanced_pipeline - INFO - AdvancedPipeline initialisé - Mode: dev, Clustering: stratifie
2025-12-22 22:07:02 - advanced_pipeline - INFO - Force retrain: False
2025-12-22 22:07:02 - advanced_pipeline - INFO - AdvancedPipeline initialisé - Mode: test, Clustering: stratifie
2025-12-22 22:07:02 - advanced_pipeline - INFO - Force retrain: False
2025-12-22 22:07:02 - advanced_pipeline - INFO - AdvancedPipeline initialisé - Mode: prod, Clustering: stratifie
2025-12-22 22:07:02 - advanced_pipeline - INFO - Force retrain: False
2025-12-22 22:07:02 - advanced_pipeline - INFO - AdvancedPipeline initialisé - Mode: dev, Clustering: stratifie
2025-12-22 22:07:02 - advanced_pipeline - INFO - Force retrain: False
2025-12-22 22:07:02 - advanced_pipeline - INFO - Étape 1: Extraction données
2025-12-22 22:07:02 - advanced_pipeline - INFO - Données extraites: (2000, 19)
2025-12-22 22:07:02 - advanced_pipeline - INFO - Étape 2: Optimisation dimensions
2025-12-22 22:07:02 - advanced_pipeline - INFO - Dimensions optimisées: (2000, 9)
2025-12-22 22:07:02 - advanced_pipeline - INFO - AdvancedPipeline initialisé - Mode: dev, Clustering: stratifie
2025-12-22 22:07:02 - advanced_pipeline - INFO - Force retrain: False
2025-12-22 22:07:02 - advanced_pipeline - INFO - === DÉMARRAGE PIPELINE AVANCÉ ===
2025-12-22 22:07:02 - advanced_pipeline - INFO - Étape 1: Extraction données
2025-12-22 22:07:02 - advanced_pipeline - INFO - Données extraites: (2000, 19)
2025-12-22 22:07:02 - advanced_pipeline - INFO - Étape 2: Optimisation dimensions
2025-12-22 22:07:02 - advanced_pipeline - INFO - Dimensions optimisées: (2000, 9)
2025-12-22 22:07:02 - advanced_pipeline - INFO - === CLUSTERING AVEC GESTION MODÈLES ===
2025-12-22 22:07:02 - advanced_pipeline - INFO - Modèle existant trouvé: /var/folders/0m/c5clbvqd31s3ynlm0xf7lccw0000gn/T/tmplw926q2k/models/age_clustering_20251222_220701.pkl
2025-12-22 22:07:02 - advanced_pipeline - INFO - === MÉTRIQUES DÉTAILLÉES DU MODÈLE ===
2025-12-22 22:07:02 - advanced_pipeline - INFO - 📊 MODÈLE EXISTANT:
2025-12-22 22:07:02 - advanced_pipeline - INFO -   Version: 20251222_220701
2025-12-22 22:07:02 - advanced_pipeline - INFO -   Date entraînement: 2025-12-22T22:07:02.407933
2025-12-22 22:07:02 - advanced_pipeline - INFO -   Échantillons entraînement: 2,000
2025-12-22 22:07:02 - advanced_pipeline - INFO -   Features entraînement: 7
2025-12-22 22:07:02 - advanced_pipeline - INFO -   Silhouette moyenne: 0.000
2025-12-22 22:07:02 - advanced_pipeline - INFO -   Min/Max silhouette: 0.000 / 0.000
2025-12-22 22:07:02 - advanced_pipeline - INFO -   Clusters créés: 10
2025-12-22 22:07:02 - advanced_pipeline - INFO -   Strates viables: 10
2025-12-22 22:07:02 - advanced_pipeline - INFO -   Strates cluster unique: 10
2025-12-22 22:07:02 - advanced_pipeline - INFO - 👥 PROFIL DÉMOGRAPHIQUE MODÈLE:
2025-12-22 22:07:02 - advanced_pipeline - INFO -   Âge moyen entraînement: 45.3 ± 14.3
2025-12-22 22:07:02 - advanced_pipeline - INFO -   Âge min/max entraînement: 18 / 85
2025-12-22 22:07:02 - advanced_pipeline - INFO - 📈 NOUVELLES DONNÉES:
2025-12-22 22:07:02 - advanced_pipeline - INFO -   Échantillons actuels: 2,000
2025-12-22 22:07:02 - advanced_pipeline - INFO -   Features actuelles: 8
2025-12-22 22:07:02 - advanced_pipeline - INFO -   Âge moyen actuel: 45.3 ± 14.3
2025-12-22 22:07:02 - advanced_pipeline - INFO -   Âge min/max actuel: 18 / 85
2025-12-22 22:07:02 - advanced_pipeline - INFO - ⚖️  COMPARAISON MODÈLE vs NOUVELLES DONNÉES:
2025-12-22 22:07:02 - advanced_pipeline - INFO -   Dérive âge moyen: 0.0 ans
2025-12-22 22:07:02 - advanced_pipeline - INFO -   Dérive écart-type âge: 0.0
2025-12-22 22:07:02 - advanced_pipeline - INFO -   Ratio volume: 1.00x (2,000 vs 2,000)
2025-12-22 22:07:02 - advanced_pipeline - INFO - 🧪 TEST APPLICATION MODÈLE:
2025-12-22 22:07:02 - advanced_pipeline - INFO -   Échantillon testé: 1,000
2025-12-22 22:07:02 - advanced_pipeline - INFO -   Clients clusterisés: 1,000 (100.0%)
2025-12-22 22:07:02 - advanced_pipeline - INFO -   Clients non-clusterisés: 0 (0.0%)
2025-12-22 22:07:02 - advanced_pipeline - INFO -   Strates actives: 10
2025-12-22 22:07:02 - advanced_pipeline - INFO -     - 43-47: 145 clients
2025-12-22 22:07:02 - advanced_pipeline - INFO -     - 48-52: 138 clients
2025-12-22 22:07:02 - advanced_pipeline - INFO -     - 63+: 121 clients
2025-12-22 22:07:02 - advanced_pipeline - INFO -     - 33-37: 119 clients
2025-12-22 22:07:02 - advanced_pipeline - INFO -     - 38-42: 108 clients
2025-12-22 22:07:02 - advanced_pipeline - INFO - 🚨 SIGNAUX POUR DÉCISION MANUELLE:
2025-12-22 22:07:02 - advanced_pipeline - WARNING -   ⚠️  ALERTES DÉTECTÉES:
2025-12-22 22:07:02 - advanced_pipeline - WARNING -       QUALITÉ MODÈLE FAIBLE - Silhouette 0.000
2025-12-22 22:07:02 - advanced_pipeline - WARNING -       TROP DE CLUSTERS UNIQUES - 100.0% des strates
2025-12-22 22:07:02 - advanced_pipeline - WARNING -   💡 RECOMMANDATION: Considérer un recalcul avec force_retrain=True
2025-12-22 22:07:02 - advanced_pipeline - INFO - 📋 RÉSUMÉ DÉCISIONNEL:
2025-12-22 22:07:02 - advanced_pipeline - INFO -   Âge du modèle: 0 jours
2025-12-22 22:07:02 - advanced_pipeline - INFO -   Qualité modèle: Faible
2025-12-22 22:07:02 - advanced_pipeline - INFO -   Dérive détectée: Non
2025-12-22 22:07:02 - advanced_pipeline - INFO -   Couverture: Bonne
2025-12-22 22:07:02 - advanced_pipeline - INFO - APPLICATION MODÈLE EXISTANT
2025-12-22 22:07:02 - advanced_pipeline - INFO - Étape 4: Scoring clients
2025-12-22 22:07:02 - advanced_pipeline - INFO - Scoring terminé: (2000, 58)
2025-12-22 22:07:02 - advanced_pipeline - INFO - Résultats sauvegardés dans: /var/folders/0m/c5clbvqd31s3ynlm0xf7lccw0000gn/T/tmplw926q2k/models/pipeline_output/20251222_220702
2025-12-22 22:07:02 - advanced_pipeline - INFO - === PIPELINE TERMINÉ AVEC SUCCÈS ===
2025-12-22 22:07:02 - advanced_pipeline - INFO - AdvancedPipeline initialisé - Mode: test, Clustering: stratifie
2025-12-22 22:07:02 - advanced_pipeline - INFO - Force retrain: False
2025-12-22 22:07:02 - advanced_pipeline - INFO - === DÉMARRAGE PIPELINE AVANCÉ ===
2025-12-22 22:07:02 - advanced_pipeline - INFO - Étape 1: Extraction données
2025-12-22 22:07:02 - advanced_pipeline - INFO - Données extraites: (200, 19)
2025-12-22 22:07:02 - advanced_pipeline - INFO - Étape 2: Optimisation dimensions
2025-12-22 22:07:02 - advanced_pipeline - INFO - Dimensions optimisées: (200, 9)
2025-12-22 22:07:02 - advanced_pipeline - INFO - === CLUSTERING AVEC GESTION MODÈLES ===
2025-12-22 22:07:02 - advanced_pipeline - INFO - Modèle existant trouvé: /var/folders/0m/c5clbvqd31s3ynlm0xf7lccw0000gn/T/tmplw926q2k/models/age_clustering_20251222_220701.pkl
2025-12-22 22:07:02 - advanced_pipeline - INFO - === MÉTRIQUES DÉTAILLÉES DU MODÈLE ===
2025-12-22 22:07:02 - advanced_pipeline - INFO - 📊 MODÈLE EXISTANT:
2025-12-22 22:07:02 - advanced_pipeline - INFO -   Version: 20251222_220701
2025-12-22 22:07:02 - advanced_pipeline - INFO -   Date entraînement: 2025-12-22T22:07:02.407933
2025-12-22 22:07:02 - advanced_pipeline - INFO -   Échantillons entraînement: 2,000
2025-12-22 22:07:02 - advanced_pipeline - INFO -   Features entraînement: 7
2025-12-22 22:07:02 - advanced_pipeline - INFO -   Silhouette moyenne: 0.000
2025-12-22 22:07:02 - advanced_pipeline - INFO -   Min/Max silhouette: 0.000 / 0.000
2025-12-22 22:07:02 - advanced_pipeline - INFO -   Clusters créés: 10
2025-12-22 22:07:02 - advanced_pipeline - INFO -   Strates viables: 10
2025-12-22 22:07:02 - advanced_pipeline - INFO -   Strates cluster unique: 10
2025-12-22 22:07:02 - advanced_pipeline - INFO - 👥 PROFIL DÉMOGRAPHIQUE MODÈLE:
2025-12-22 22:07:02 - advanced_pipeline - INFO -   Âge moyen entraînement: 45.3 ± 14.3
2025-12-22 22:07:02 - advanced_pipeline - INFO -   Âge min/max entraînement: 18 / 85
2025-12-22 22:07:02 - advanced_pipeline - INFO - 📈 NOUVELLES DONNÉES:
2025-12-22 22:07:02 - advanced_pipeline - INFO -   Échantillons actuels: 200
2025-12-22 22:07:02 - advanced_pipeline - INFO -   Features actuelles: 8
2025-12-22 22:07:02 - advanced_pipeline - INFO -   Âge moyen actuel: 46.6 ± 14.4
2025-12-22 22:07:02 - advanced_pipeline - INFO -   Âge min/max actuel: 18 / 85
2025-12-22 22:07:02 - advanced_pipeline - INFO - ⚖️  COMPARAISON MODÈLE vs NOUVELLES DONNÉES:
2025-12-22 22:07:02 - advanced_pipeline - INFO -   Dérive âge moyen: 1.2 ans
2025-12-22 22:07:02 - advanced_pipeline - INFO -   Dérive écart-type âge: 0.1
2025-12-22 22:07:02 - advanced_pipeline - INFO -   Ratio volume: 0.10x (200 vs 2,000)
2025-12-22 22:07:02 - advanced_pipeline - INFO - 🧪 TEST APPLICATION MODÈLE:
2025-12-22 22:07:02 - advanced_pipeline - INFO -   Échantillon testé: 200
2025-12-22 22:07:02 - advanced_pipeline - INFO -   Clients clusterisés: 200 (100.0%)
2025-12-22 22:07:02 - advanced_pipeline - INFO -   Clients non-clusterisés: 0 (0.0%)
2025-12-22 22:07:02 - advanced_pipeline - INFO -   Strates actives: 10
2025-12-22 22:07:02 - advanced_pipeline - INFO -     - 48-52: 33 clients
2025-12-22 22:07:02 - advanced_pipeline - INFO -     - 43-47: 30 clients
2025-12-22 22:07:02 - advanced_pipeline - INFO -     - 63+: 26 clients
2025-12-22 22:07:02 - advanced_pipeline - INFO -     - 33-37: 24 clients
2025-12-22 22:07:02 - advanced_pipeline - INFO -     - 38-42: 20 clients
2025-12-22 22:07:02 - advanced_pipeline - INFO - 🚨 SIGNAUX POUR DÉCISION MANUELLE:
2025-12-22 22:07:02 - advanced_pipeline - WARNING -   ⚠️  ALERTES DÉTECTÉES:
2025-12-22 22:07:02 - advanced_pipeline - WARNING -       CHANGEMENT VOLUME - Ratio 0.1x par rapport à l'entraînement
2025-12-22 22:07:02 - advanced_pipeline - WARNING -       QUALITÉ MODÈLE FAIBLE - Silhouette 0.000
2025-12-22 22:07:02 - advanced_pipeline - WARNING -       TROP DE CLUSTERS UNIQUES - 100.0% des strates
2025-12-22 22:07:02 - advanced_pipeline - WARNING -   💡 RECOMMANDATION: Considérer un recalcul avec force_retrain=True
2025-12-22 22:07:02 - advanced_pipeline - INFO - 📋 RÉSUMÉ DÉCISIONNEL:
2025-12-22 22:07:02 - advanced_pipeline - INFO -   Âge du modèle: 0 jours
2025-12-22 22:07:02 - advanced_pipeline - INFO -   Qualité modèle: Faible
2025-12-22 22:07:02 - advanced_pipeline - INFO -   Dérive détectée: Oui
2025-12-22 22:07:02 - advanced_pipeline - INFO -   Couverture: Bonne
2025-12-22 22:07:02 - advanced_pipeline - INFO - APPLICATION MODÈLE EXISTANT
2025-12-22 22:07:03 - advanced_pipeline - INFO - Étape 4: Scoring clients
2025-12-22 22:07:03 - advanced_pipeline - INFO - Scoring terminé: (200, 58)
2025-12-22 22:07:03 - advanced_pipeline - INFO - === PIPELINE TERMINÉ AVEC SUCCÈS ===
2025-12-22 22:07:03 - advanced_pipeline - INFO - AdvancedPipeline initialisé - Mode: dev, Clustering: stratifie
2025-12-22 22:07:03 - advanced_pipeline - INFO - Force retrain: True
2025-12-22 22:07:03 - advanced_pipeline - INFO - Étape 1: Extraction données
2025-12-22 22:07:03 - advanced_pipeline - INFO - Données extraites: (2000, 19)
2025-12-22 22:07:03 - advanced_pipeline - INFO - Étape 2: Optimisation dimensions
2025-12-22 22:07:03 - advanced_pipeline - INFO - Dimensions optimisées: (2000, 9)
2025-12-22 22:07:03 - advanced_pipeline - INFO - === CLUSTERING AVEC GESTION MODÈLES ===
2025-12-22 22:07:03 - advanced_pipeline - INFO - RECALCUL FORCÉ - Entraînement nouveau modèle
2025-12-22 22:07:03 - advanced_pipeline - INFO - Étape 4: Scoring clients
2025-12-22 22:07:03 - advanced_pipeline - INFO - Scoring terminé: (2000, 58)
2025-12-22 22:07:03 - advanced_pipeline - INFO - AdvancedPipeline initialisé - Mode: dev, Clustering: stratifie
2025-12-22 22:07:03 - advanced_pipeline - INFO - Force retrain: True
2025-12-22 22:07:03 - advanced_pipeline - INFO - === DÉMARRAGE PIPELINE AVANCÉ ===
2025-12-22 22:07:03 - advanced_pipeline - INFO - Étape 1: Extraction données
2025-12-22 22:07:03 - advanced_pipeline - INFO - Données extraites: (2000, 19)
2025-12-22 22:07:03 - advanced_pipeline - INFO - Étape 2: Optimisation dimensions
2025-12-22 22:07:03 - advanced_pipeline - INFO - Dimensions optimisées: (2000, 9)
2025-12-22 22:07:03 - advanced_pipeline - INFO - === CLUSTERING AVEC GESTION MODÈLES ===
2025-12-22 22:07:03 - advanced_pipeline - INFO - RECALCUL FORCÉ - Entraînement nouveau modèle
2025-12-22 22:07:04 - advanced_pipeline - INFO - Étape 4: Scoring clients
2025-12-22 22:07:04 - advanced_pipeline - INFO - Scoring terminé: (2000, 58)
2025-12-22 22:07:04 - advanced_pipeline - INFO - Résultats sauvegardés dans: /var/folders/0m/c5clbvqd31s3ynlm0xf7lccw0000gn/T/tmplw926q2k/models/pipeline_output/20251222_220703
2025-12-22 22:07:04 - advanced_pipeline - INFO - === PIPELINE TERMINÉ AVEC SUCCÈS ===
2025-12-22 22:07:04 - advanced_pipeline - INFO - AdvancedPipeline initialisé - Mode: dev, Clustering: stratifie
2025-12-22 22:07:04 - advanced_pipeline - INFO - Force retrain: True
2025-12-22 22:07:04 - advanced_pipeline - INFO - === DÉMARRAGE PIPELINE AVANCÉ ===
2025-12-22 22:07:04 - advanced_pipeline - INFO - Étape 1: Extraction données
2025-12-22 22:07:04 - advanced_pipeline - INFO - Données extraites: (2000, 19)
2025-12-22 22:07:04 - advanced_pipeline - INFO - Étape 2: Optimisation dimensions
2025-12-22 22:07:04 - advanced_pipeline - INFO - Dimensions optimisées: (2000, 9)
2025-12-22 22:07:04 - advanced_pipeline - INFO - === CLUSTERING AVEC GESTION MODÈLES ===
2025-12-22 22:07:04 - advanced_pipeline - INFO - RECALCUL FORCÉ - Entraînement nouveau modèle
2025-12-22 22:07:05 - advanced_pipeline - INFO - Étape 4: Scoring clients
2025-12-22 22:07:05 - advanced_pipeline - INFO - Scoring terminé: (2000, 58)
2025-12-22 22:07:05 - advanced_pipeline - INFO - Résultats sauvegardés dans: /var/folders/0m/c5clbvqd31s3ynlm0xf7lccw0000gn/T/tmplw926q2k/models/pipeline_output/20251222_220704
2025-12-22 22:07:05 - advanced_pipeline - INFO - === PIPELINE TERMINÉ AVEC SUCCÈS ===
2025-12-22 22:07:05 - advanced_pipeline - INFO - AdvancedPipeline initialisé - Mode: dev, Clustering: stratifie
2025-12-22 22:07:05 - advanced_pipeline - INFO - Force retrain: True
2025-12-22 22:07:05 - advanced_pipeline - INFO - === DÉMARRAGE PIPELINE AVANCÉ ===
2025-12-22 22:07:05 - advanced_pipeline - INFO - Étape 1: Extraction données
2025-12-22 22:07:05 - advanced_pipeline - INFO - Données extraites: (2000, 19)
2025-12-22 22:07:05 - advanced_pipeline - INFO - Étape 2: Optimisation dimensions
2025-12-22 22:07:05 - advanced_pipeline - INFO - Dimensions optimisées: (2000, 9)
2025-12-22 22:07:05 - advanced_pipeline - INFO - === CLUSTERING AVEC GESTION MODÈLES ===
2025-12-22 22:07:05 - advanced_pipeline - INFO - RECALCUL FORCÉ - Entraînement nouveau modèle
2025-12-22 22:07:06 - advanced_pipeline - INFO - Étape 4: Scoring clients
2025-12-22 22:07:06 - advanced_pipeline - INFO - Scoring terminé: (2000, 58)
2025-12-22 22:07:06 - advanced_pipeline - INFO - Résultats sauvegardés dans: /var/folders/0m/c5clbvqd31s3ynlm0xf7lccw0000gn/T/tmplw926q2k/models/pipeline_output/20251222_220705
2025-12-22 22:07:06 - advanced_pipeline - INFO - === PIPELINE TERMINÉ AVEC SUCCÈS ===
2025-12-22 22:07:06 - advanced_pipeline - INFO - AdvancedPipeline initialisé - Mode: dev, Clustering: stratifie
2025-12-22 22:07:06 - advanced_pipeline - INFO - Force retrain: False
2025-12-22 22:07:06 - advanced_pipeline - INFO - === DÉMARRAGE PIPELINE AVANCÉ ===
2025-12-22 22:07:06 - advanced_pipeline - INFO - Étape 1: Extraction données
2025-12-22 22:07:06 - advanced_pipeline - INFO - Données extraites: (2000, 19)
2025-12-22 22:07:06 - advanced_pipeline - INFO - Étape 2: Optimisation dimensions
2025-12-22 22:07:06 - advanced_pipeline - INFO - Dimensions optimisées: (2000, 9)
2025-12-22 22:07:06 - advanced_pipeline - INFO - === CLUSTERING AVEC GESTION MODÈLES ===
2025-12-22 22:07:06 - advanced_pipeline - INFO - Modèle existant trouvé: /var/folders/0m/c5clbvqd31s3ynlm0xf7lccw0000gn/T/tmplw926q2k/models/age_clustering_20251222_220705.pkl
2025-12-22 22:07:06 - advanced_pipeline - INFO - === MÉTRIQUES DÉTAILLÉES DU MODÈLE ===
2025-12-22 22:07:06 - advanced_pipeline - INFO - 📊 MODÈLE EXISTANT:
2025-12-22 22:07:06 - advanced_pipeline - INFO -   Version: 20251222_220705
2025-12-22 22:07:06 - advanced_pipeline - INFO -   Date entraînement: 2025-12-22T22:07:06.119750
2025-12-22 22:07:06 - advanced_pipeline - INFO -   Échantillons entraînement: 2,000
2025-12-22 22:07:06 - advanced_pipeline - INFO -   Features entraînement: 7
2025-12-22 22:07:06 - advanced_pipeline - INFO -   Silhouette moyenne: 0.000
2025-12-22 22:07:06 - advanced_pipeline - INFO -   Min/Max silhouette: 0.000 / 0.000
2025-12-22 22:07:06 - advanced_pipeline - INFO -   Clusters créés: 10
2025-12-22 22:07:06 - advanced_pipeline - INFO -   Strates viables: 10
2025-12-22 22:07:06 - advanced_pipeline - INFO -   Strates cluster unique: 10
2025-12-22 22:07:06 - advanced_pipeline - INFO - 👥 PROFIL DÉMOGRAPHIQUE MODÈLE:
2025-12-22 22:07:06 - advanced_pipeline - INFO -   Âge moyen entraînement: 45.3 ± 14.3
2025-12-22 22:07:06 - advanced_pipeline - INFO -   Âge min/max entraînement: 18 / 85
2025-12-22 22:07:06 - advanced_pipeline - INFO - 📈 NOUVELLES DONNÉES:
2025-12-22 22:07:06 - advanced_pipeline - INFO -   Échantillons actuels: 2,000
2025-12-22 22:07:06 - advanced_pipeline - INFO -   Features actuelles: 8
2025-12-22 22:07:06 - advanced_pipeline - INFO -   Âge moyen actuel: 45.3 ± 14.3
2025-12-22 22:07:06 - advanced_pipeline - INFO -   Âge min/max actuel: 18 / 85
2025-12-22 22:07:06 - advanced_pipeline - INFO - ⚖️  COMPARAISON MODÈLE vs NOUVELLES DONNÉES:
2025-12-22 22:07:06 - advanced_pipeline - INFO -   Dérive âge moyen: 0.0 ans
2025-12-22 22:07:06 - advanced_pipeline - INFO -   Dérive écart-type âge: 0.0
2025-12-22 22:07:06 - advanced_pipeline - INFO -   Ratio volume: 1.00x (2,000 vs 2,000)
2025-12-22 22:07:06 - advanced_pipeline - INFO - 🧪 TEST APPLICATION MODÈLE:
2025-12-22 22:07:06 - advanced_pipeline - INFO -   Échantillon testé: 1,000
2025-12-22 22:07:06 - advanced_pipeline - INFO -   Clients clusterisés: 1,000 (100.0%)
2025-12-22 22:07:06 - advanced_pipeline - INFO -   Clients non-clusterisés: 0 (0.0%)
2025-12-22 22:07:06 - advanced_pipeline - INFO -   Strates actives: 10
2025-12-22 22:07:06 - advanced_pipeline - INFO -     - 43-47: 145 clients
2025-12-22 22:07:06 - advanced_pipeline - INFO -     - 48-52: 138 clients
2025-12-22 22:07:06 - advanced_pipeline - INFO -     - 63+: 121 clients
2025-12-22 22:07:06 - advanced_pipeline - INFO -     - 33-37: 119 clients
2025-12-22 22:07:06 - advanced_pipeline - INFO -     - 38-42: 108 clients
2025-12-22 22:07:06 - advanced_pipeline - INFO - 🚨 SIGNAUX POUR DÉCISION MANUELLE:
2025-12-22 22:07:06 - advanced_pipeline - WARNING -   ⚠️  ALERTES DÉTECTÉES:
2025-12-22 22:07:06 - advanced_pipeline - WARNING -       QUALITÉ MODÈLE FAIBLE - Silhouette 0.000
2025-12-22 22:07:06 - advanced_pipeline - WARNING -       TROP DE CLUSTERS UNIQUES - 100.0% des strates
2025-12-22 22:07:06 - advanced_pipeline - WARNING -   💡 RECOMMANDATION: Considérer un recalcul avec force_retrain=True
2025-12-22 22:07:06 - advanced_pipeline - INFO - 📋 RÉSUMÉ DÉCISIONNEL:
2025-12-22 22:07:06 - advanced_pipeline - INFO -   Âge du modèle: 0 jours
2025-12-22 22:07:06 - advanced_pipeline - INFO -   Qualité modèle: Faible
2025-12-22 22:07:06 - advanced_pipeline - INFO -   Dérive détectée: Non
2025-12-22 22:07:06 - advanced_pipeline - INFO -   Couverture: Bonne
2025-12-22 22:07:06 - advanced_pipeline - INFO - APPLICATION MODÈLE EXISTANT
2025-12-22 22:07:06 - advanced_pipeline - INFO - Étape 4: Scoring clients
2025-12-22 22:07:06 - advanced_pipeline - INFO - Scoring terminé: (2000, 58)
2025-12-22 22:07:06 - advanced_pipeline - INFO - Résultats sauvegardés dans: /var/folders/0m/c5clbvqd31s3ynlm0xf7lccw0000gn/T/tmplw926q2k/models/pipeline_output/20251222_220706
2025-12-22 22:07:06 - advanced_pipeline - INFO - === PIPELINE TERMINÉ AVEC SUCCÈS ===
2025-12-22 22:07:06 - advanced_pipeline - INFO - AdvancedPipeline initialisé - Mode: dev, Clustering: stratifie
2025-12-22 22:07:06 - advanced_pipeline - INFO - Force retrain: True
2025-12-22 22:07:06 - advanced_pipeline - INFO - === DÉMARRAGE PIPELINE AVANCÉ ===
2025-12-22 22:07:06 - advanced_pipeline - INFO - Étape 1: Extraction données
2025-12-22 22:07:06 - advanced_pipeline - INFO - Données extraites: (1000, 19)
2025-12-22 22:07:06 - advanced_pipeline - INFO - Étape 2: Optimisation dimensions
2025-12-22 22:07:06 - advanced_pipeline - INFO - Dimensions optimisées: (1000, 9)
2025-12-22 22:07:06 - advanced_pipeline - INFO - === CLUSTERING AVEC GESTION MODÈLES ===
2025-12-22 22:07:06 - advanced_pipeline - INFO - RECALCUL FORCÉ - Entraînement nouveau modèle
2025-12-22 22:07:07 - advanced_pipeline - INFO - Étape 4: Scoring clients
2025-12-22 22:07:07 - advanced_pipeline - INFO - Scoring terminé: (1000, 58)
2025-12-22 22:07:07 - advanced_pipeline - INFO - Résultats sauvegardés dans: /var/folders/0m/c5clbvqd31s3ynlm0xf7lccw0000gn/T/tmpzjp19cqf/models/pipeline_output/20251222_220706
2025-12-22 22:07:07 - advanced_pipeline - INFO - === PIPELINE TERMINÉ AVEC SUCCÈS ===
2025-12-22 22:07:07 - advanced_pipeline - INFO - AdvancedPipeline initialisé - Mode: dev, Clustering: stratifie
2025-12-22 22:07:07 - advanced_pipeline - INFO - Force retrain: False
2025-12-22 22:07:07 - advanced_pipeline - INFO - AdvancedPipeline initialisé - Mode: dev, Clustering: stratifie
2025-12-22 22:07:07 - advanced_pipeline - INFO - Force retrain: True
2025-12-22 22:07:07 - advanced_pipeline - INFO - === DÉMARRAGE PIPELINE AVANCÉ ===
2025-12-22 22:07:07 - advanced_pipeline - INFO - Étape 1: Extraction données
2025-12-22 22:07:07 - advanced_pipeline - INFO - Données extraites: (1000, 19)
2025-12-22 22:07:07 - advanced_pipeline - INFO - Étape 2: Optimisation dimensions
2025-12-22 22:07:07 - advanced_pipeline - INFO - Dimensions optimisées: (1000, 9)
2025-12-22 22:07:07 - advanced_pipeline - INFO - === CLUSTERING AVEC GESTION MODÈLES ===
2025-12-22 22:07:07 - advanced_pipeline - INFO - RECALCUL FORCÉ - Entraînement nouveau modèle
2025-12-22 22:07:07 - advanced_pipeline - INFO - Étape 4: Scoring clients
2025-12-22 22:07:07 - advanced_pipeline - INFO - Scoring terminé: (1000, 58)
2025-12-22 22:07:07 - advanced_pipeline - INFO - Résultats sauvegardés dans: /var/folders/0m/c5clbvqd31s3ynlm0xf7lccw0000gn/T/tmpzjp19cqf/models/pipeline_output/20251222_220707
2025-12-22 22:07:07 - advanced_pipeline - INFO - === PIPELINE TERMINÉ AVEC SUCCÈS ===
2025-12-22 22:07:07 - advanced_pipeline - INFO - AdvancedPipeline initialisé - Mode: dev, Clustering: stratifie
2025-12-22 22:07:07 - advanced_pipeline - INFO - Force retrain: True
2025-12-22 22:07:07 - advanced_pipeline - INFO - === DÉMARRAGE PIPELINE AVANCÉ ===
2025-12-22 22:07:07 - advanced_pipeline - INFO - Étape 1: Extraction données
2025-12-22 22:07:07 - advanced_pipeline - INFO - Données extraites: (500, 19)
2025-12-22 22:07:07 - advanced_pipeline - INFO - Étape 2: Optimisation dimensions
2025-12-22 22:07:07 - advanced_pipeline - INFO - Dimensions optimisées: (500, 9)
2025-12-22 22:07:07 - advanced_pipeline - INFO - === CLUSTERING AVEC GESTION MODÈLES ===
2025-12-22 22:07:07 - advanced_pipeline - INFO - RECALCUL FORCÉ - Entraînement nouveau modèle
2025-12-22 22:07:08 - advanced_pipeline - INFO - Étape 4: Scoring clients
2025-12-22 22:07:08 - advanced_pipeline - INFO - Scoring terminé: (500, 58)
2025-12-22 22:07:08 - advanced_pipeline - INFO - Résultats sauvegardés dans: /var/folders/0m/c5clbvqd31s3ynlm0xf7lccw0000gn/T/tmpczziu766/models/pipeline_output/20251222_220707
2025-12-22 22:07:08 - advanced_pipeline - INFO - === PIPELINE TERMINÉ AVEC SUCCÈS ===
2025-12-22 22:07:08 - advanced_pipeline - INFO - AdvancedPipeline initialisé - Mode: dev, Clustering: global
2025-12-22 22:07:08 - advanced_pipeline - INFO - Force retrain: True
2025-12-22 22:07:08 - advanced_pipeline - INFO - === DÉMARRAGE PIPELINE AVANCÉ ===
2025-12-22 22:07:08 - advanced_pipeline - INFO - Étape 1: Extraction données
2025-12-22 22:07:08 - advanced_pipeline - INFO - Données extraites: (500, 19)
2025-12-22 22:07:08 - advanced_pipeline - INFO - Étape 2: Optimisation dimensions
2025-12-22 22:07:08 - advanced_pipeline - INFO - Dimensions optimisées: (500, 12)
2025-12-22 22:07:08 - advanced_pipeline - INFO - === CLUSTERING AVEC GESTION MODÈLES ===
2025-12-22 22:07:08 - advanced_pipeline - INFO - RECALCUL FORCÉ - Entraînement nouveau modèle
2025-12-22 22:07:08 - advanced_pipeline - ERROR - ERREUR PIPELINE: Colonne 'AGE' manquante
2025-12-22 22:07:08 - advanced_pipeline - INFO - AdvancedPipeline initialisé - Mode: test, Clustering: stratifie
2025-12-22 22:07:08 - advanced_pipeline - INFO - Force retrain: True
2025-12-22 22:07:08 - advanced_pipeline - INFO - === DÉMARRAGE PIPELINE AVANCÉ ===
2025-12-22 22:07:08 - advanced_pipeline - INFO - Étape 1: Extraction données
2025-12-22 22:07:08 - advanced_pipeline - INFO - Données extraites: (50, 19)
2025-12-22 22:07:08 - advanced_pipeline - INFO - Étape 2: Optimisation dimensions
2025-12-22 22:07:08 - advanced_pipeline - INFO - Dimensions optimisées: (50, 9)
2025-12-22 22:07:08 - advanced_pipeline - INFO - === CLUSTERING AVEC GESTION MODÈLES ===
2025-12-22 22:07:08 - advanced_pipeline - INFO - RECALCUL FORCÉ - Entraînement nouveau modèle
2025-12-22 22:07:08 - advanced_pipeline - ERROR - ERREUR PIPELINE: 'training_date'
2025-12-22 22:07:20 - advanced_pipeline - INFO - Logger advanced_pipeline configuré - Fichier: /Users/taieb/Documents/GITHUB REPO/ML_banking_segmentation/logs/advanced_pipeline_20251222.log
2025-12-22 22:07:20 - advanced_pipeline - INFO - AdvancedPipeline initialisé - Mode: dev, Clustering: stratifie
2025-12-22 22:07:20 - advanced_pipeline - INFO - Force retrain: True
2025-12-22 22:07:20 - advanced_pipeline - INFO - === DÉMARRAGE PIPELINE AVANCÉ ===
2025-12-22 22:07:20 - advanced_pipeline - INFO - Étape 1: Extraction données
2025-12-22 22:07:20 - advanced_pipeline - INFO - Données extraites: (500, 19)
2025-12-22 22:07:20 - advanced_pipeline - INFO - Étape 2: Optimisation dimensions
2025-12-22 22:07:20 - advanced_pipeline - INFO - Dimensions optimisées: (500, 9)
2025-12-22 22:07:20 - advanced_pipeline - INFO - === CLUSTERING AVEC GESTION MODÈLES ===
2025-12-22 22:07:20 - advanced_pipeline - INFO - RECALCUL FORCÉ - Entraînement nouveau modèle
2025-12-22 22:07:20 - advanced_pipeline - INFO - Étape 4: Scoring clients
2025-12-22 22:07:20 - advanced_pipeline - INFO - Scoring terminé: (500, 58)
2025-12-22 22:07:20 - advanced_pipeline - INFO - Résultats sauvegardés dans: /var/folders/0m/c5clbvqd31s3ynlm0xf7lccw0000gn/T/tmpgy2e1cfs/models/pipeline_output/20251222_220720
2025-12-22 22:07:20 - advanced_pipeline - INFO - === PIPELINE TERMINÉ AVEC SUCCÈS ===
2025-12-22 22:07:20 - advanced_pipeline - INFO - AdvancedPipeline initialisé - Mode: dev, Clustering: global
2025-12-22 22:07:20 - advanced_pipeline - INFO - Force retrain: True
2025-12-22 22:07:20 - advanced_pipeline - INFO - === DÉMARRAGE PIPELINE AVANCÉ ===
2025-12-22 22:07:20 - advanced_pipeline - INFO - Étape 1: Extraction données
2025-12-22 22:07:20 - advanced_pipeline - INFO - Données extraites: (500, 19)
2025-12-22 22:07:20 - advanced_pipeline - INFO - Étape 2: Optimisation dimensions
2025-12-22 22:07:20 - advanced_pipeline - INFO - Dimensions optimisées: (500, 12)
2025-12-22 22:07:20 - advanced_pipeline - INFO - === CLUSTERING AVEC GESTION MODÈLES ===
2025-12-22 22:07:20 - advanced_pipeline - INFO - RECALCUL FORCÉ - Entraînement nouveau modèle
2025-12-22 22:07:20 - advanced_pipeline - ERROR - ERREUR PIPELINE: Colonne 'AGE' manquante
2025-12-22 22:07:20 - advanced_pipeline - INFO - AdvancedPipeline initialisé - Mode: test, Clustering: stratifie
2025-12-22 22:07:20 - advanced_pipeline - INFO - Force retrain: True
2025-12-22 22:07:20 - advanced_pipeline - INFO - === DÉMARRAGE PIPELINE AVANCÉ ===
2025-12-22 22:07:20 - advanced_pipeline - INFO - Étape 1: Extraction données
2025-12-22 22:07:21 - advanced_pipeline - INFO - Données extraites: (50, 19)
2025-12-22 22:07:21 - advanced_pipeline - INFO - Étape 2: Optimisation dimensions
2025-12-22 22:07:21 - advanced_pipeline - INFO - Dimensions optimisées: (50, 9)
2025-12-22 22:07:21 - advanced_pipeline - INFO - === CLUSTERING AVEC GESTION MODÈLES ===
2025-12-22 22:07:21 - advanced_pipeline - INFO - RECALCUL FORCÉ - Entraînement nouveau modèle
2025-12-22 22:07:21 - advanced_pipeline - ERROR - ERREUR PIPELINE: 'training_date'
2025-12-22 22:07:32 - advanced_pipeline - INFO - Logger advanced_pipeline configuré - Fichier: /Users/taieb/Documents/GITHUB REPO/ML_banking_segmentation/logs/advanced_pipeline_20251222.log
2025-12-22 22:07:32 - advanced_pipeline - INFO - AdvancedPipeline initialisé - Mode: test, Clustering: stratifie
2025-12-22 22:07:32 - advanced_pipeline - INFO - Force retrain: True
2025-12-22 22:07:32 - advanced_pipeline - INFO - === DÉMARRAGE PIPELINE AVANCÉ ===
2025-12-22 22:07:32 - advanced_pipeline - INFO - Étape 1: Extraction données
2025-12-22 22:07:32 - advanced_pipeline - INFO - Données extraites: (50, 19)
2025-12-22 22:07:32 - advanced_pipeline - INFO - Étape 2: Optimisation dimensions
2025-12-22 22:07:32 - advanced_pipeline - INFO - Dimensions optimisées: (50, 9)
2025-12-22 22:07:32 - advanced_pipeline - INFO - === CLUSTERING AVEC GESTION MODÈLES ===
2025-12-22 22:07:32 - advanced_pipeline - INFO - RECALCUL FORCÉ - Entraînement nouveau modèle
2025-12-22 22:07:32 - advanced_pipeline - ERROR - ERREUR PIPELINE: 'training_date'
2025-12-22 22:08:17 - advanced_pipeline - INFO - Logger advanced_pipeline configuré - Fichier: /Users/taieb/Documents/GITHUB REPO/ML_banking_segmentation/logs/advanced_pipeline_20251222.log
2025-12-22 22:08:17 - advanced_pipeline - INFO - AdvancedPipeline initialisé - Mode: dev, Clustering: stratifie
2025-12-22 22:08:17 - advanced_pipeline - INFO - Force retrain: True
2025-12-22 22:08:17 - advanced_pipeline - INFO - === DÉMARRAGE PIPELINE AVANCÉ ===
2025-12-22 22:08:17 - advanced_pipeline - INFO - Étape 1: Extraction données
2025-12-22 22:08:17 - advanced_pipeline - INFO - Données extraites: (2000, 19)
2025-12-22 22:08:17 - advanced_pipeline - INFO - Étape 2: Optimisation dimensions
2025-12-22 22:08:17 - advanced_pipeline - INFO - Dimensions optimisées: (2000, 9)
2025-12-22 22:08:17 - advanced_pipeline - INFO - === CLUSTERING AVEC GESTION MODÈLES ===
2025-12-22 22:08:17 - advanced_pipeline - INFO - RECALCUL FORCÉ - Entraînement nouveau modèle
2025-12-22 22:08:18 - advanced_pipeline - INFO - Étape 4: Scoring clients
2025-12-22 22:08:18 - advanced_pipeline - INFO - Scoring terminé: (2000, 58)
2025-12-22 22:08:18 - advanced_pipeline - INFO - Résultats sauvegardés dans: /var/folders/0m/c5clbvqd31s3ynlm0xf7lccw0000gn/T/tmpzfo4y25w/models/pipeline_output/20251222_220817
2025-12-22 22:08:18 - advanced_pipeline - INFO - === PIPELINE TERMINÉ AVEC SUCCÈS ===
2025-12-22 22:08:18 - advanced_pipeline - INFO - AdvancedPipeline initialisé - Mode: dev, Clustering: stratifie
2025-12-22 22:08:18 - advanced_pipeline - INFO - Force retrain: True
2025-12-22 22:08:18 - advanced_pipeline - INFO - Étape 1: Extraction données
2025-12-22 22:08:18 - advanced_pipeline - INFO - Données extraites: (2000, 19)
2025-12-22 22:08:18 - advanced_pipeline - INFO - Étape 2: Optimisation dimensions
2025-12-22 22:08:18 - advanced_pipeline - INFO - Dimensions optimisées: (2000, 9)
2025-12-22 22:08:18 - advanced_pipeline - INFO - === CLUSTERING AVEC GESTION MODÈLES ===
2025-12-22 22:08:18 - advanced_pipeline - INFO - RECALCUL FORCÉ - Entraînement nouveau modèle
2025-12-22 22:08:19 - advanced_pipeline - INFO - AdvancedPipeline initialisé - Mode: dev, Clustering: stratifie
2025-12-22 22:08:19 - advanced_pipeline - INFO - Force retrain: False
2025-12-22 22:08:19 - advanced_pipeline - INFO - Étape 1: Extraction données
2025-12-22 22:08:19 - advanced_pipeline - INFO - Données extraites: (2000, 19)
2025-12-22 22:08:19 - advanced_pipeline - INFO - AdvancedPipeline initialisé - Mode: dev, Clustering: stratifie
2025-12-22 22:08:19 - advanced_pipeline - INFO - Force retrain: False
2025-12-22 22:08:19 - advanced_pipeline - INFO - AdvancedPipeline initialisé - Mode: dev, Clustering: stratifie
2025-12-22 22:08:19 - advanced_pipeline - INFO - Force retrain: True
2025-12-22 22:08:19 - advanced_pipeline - INFO - === DÉMARRAGE PIPELINE AVANCÉ ===
2025-12-22 22:08:19 - advanced_pipeline - INFO - Étape 1: Extraction données
2025-12-22 22:08:19 - advanced_pipeline - INFO - Données extraites: (2000, 19)
2025-12-22 22:08:19 - advanced_pipeline - INFO - Étape 2: Optimisation dimensions
2025-12-22 22:08:19 - advanced_pipeline - INFO - Dimensions optimisées: (2000, 9)
2025-12-22 22:08:19 - advanced_pipeline - INFO - === CLUSTERING AVEC GESTION MODÈLES ===
2025-12-22 22:08:19 - advanced_pipeline - INFO - RECALCUL FORCÉ - Entraînement nouveau modèle
2025-12-22 22:08:19 - advanced_pipeline - INFO - Étape 4: Scoring clients
2025-12-22 22:08:20 - advanced_pipeline - INFO - Scoring terminé: (2000, 58)
2025-12-22 22:08:20 - advanced_pipeline - INFO - Résultats sauvegardés dans: /var/folders/0m/c5clbvqd31s3ynlm0xf7lccw0000gn/T/tmpzfo4y25w/models/pipeline_output/20251222_220819
2025-12-22 22:08:20 - advanced_pipeline - INFO - === PIPELINE TERMINÉ AVEC SUCCÈS ===
2025-12-22 22:08:20 - advanced_pipeline - INFO - AdvancedPipeline initialisé - Mode: dev, Clustering: stratifie
2025-12-22 22:08:20 - advanced_pipeline - INFO - Force retrain: False
2025-12-22 22:08:20 - advanced_pipeline - INFO - AdvancedPipeline initialisé - Mode: test, Clustering: stratifie
2025-12-22 22:08:20 - advanced_pipeline - INFO - Force retrain: False
2025-12-22 22:08:20 - advanced_pipeline - INFO - AdvancedPipeline initialisé - Mode: prod, Clustering: stratifie
2025-12-22 22:08:20 - advanced_pipeline - INFO - Force retrain: False
2025-12-22 22:08:20 - advanced_pipeline - INFO - AdvancedPipeline initialisé - Mode: dev, Clustering: stratifie
2025-12-22 22:08:20 - advanced_pipeline - INFO - Force retrain: False
2025-12-22 22:08:20 - advanced_pipeline - INFO - Étape 1: Extraction données
2025-12-22 22:08:20 - advanced_pipeline - INFO - Données extraites: (2000, 19)
2025-12-22 22:08:20 - advanced_pipeline - INFO - Étape 2: Optimisation dimensions
2025-12-22 22:08:20 - advanced_pipeline - INFO - Dimensions optimisées: (2000, 9)
2025-12-22 22:08:20 - advanced_pipeline - INFO - AdvancedPipeline initialisé - Mode: dev, Clustering: stratifie
2025-12-22 22:08:20 - advanced_pipeline - INFO - Force retrain: False
2025-12-22 22:08:20 - advanced_pipeline - INFO - === DÉMARRAGE PIPELINE AVANCÉ ===
2025-12-22 22:08:20 - advanced_pipeline - INFO - Étape 1: Extraction données
2025-12-22 22:08:20 - advanced_pipeline - INFO - Données extraites: (2000, 19)
2025-12-22 22:08:20 - advanced_pipeline - INFO - Étape 2: Optimisation dimensions
2025-12-22 22:08:20 - advanced_pipeline - INFO - Dimensions optimisées: (2000, 9)
2025-12-22 22:08:20 - advanced_pipeline - INFO - === CLUSTERING AVEC GESTION MODÈLES ===
2025-12-22 22:08:20 - advanced_pipeline - INFO - Modèle existant trouvé: /var/folders/0m/c5clbvqd31s3ynlm0xf7lccw0000gn/T/tmpzfo4y25w/models/age_clustering_20251222_220819.pkl
2025-12-22 22:08:20 - advanced_pipeline - INFO - === MÉTRIQUES DÉTAILLÉES DU MODÈLE ===
2025-12-22 22:08:20 - advanced_pipeline - INFO - 📊 MODÈLE EXISTANT:
2025-12-22 22:08:20 - advanced_pipeline - INFO -   Version: 20251222_220819
2025-12-22 22:08:20 - advanced_pipeline - INFO -   Date entraînement: 2025-12-22T22:08:19.901056
2025-12-22 22:08:20 - advanced_pipeline - INFO -   Échantillons entraînement: 2,000
2025-12-22 22:08:20 - advanced_pipeline - INFO -   Features entraînement: 7
2025-12-22 22:08:20 - advanced_pipeline - INFO -   Silhouette moyenne: 0.000
2025-12-22 22:08:20 - advanced_pipeline - INFO -   Min/Max silhouette: 0.000 / 0.000
2025-12-22 22:08:20 - advanced_pipeline - INFO -   Clusters créés: 10
2025-12-22 22:08:20 - advanced_pipeline - INFO -   Strates viables: 10
2025-12-22 22:08:20 - advanced_pipeline - INFO -   Strates cluster unique: 10
2025-12-22 22:08:20 - advanced_pipeline - INFO - 👥 PROFIL DÉMOGRAPHIQUE MODÈLE:
2025-12-22 22:08:20 - advanced_pipeline - INFO -   Âge moyen entraînement: 45.3 ± 14.3
2025-12-22 22:08:20 - advanced_pipeline - INFO -   Âge min/max entraînement: 18 / 85
2025-12-22 22:08:20 - advanced_pipeline - INFO - 📈 NOUVELLES DONNÉES:
2025-12-22 22:08:20 - advanced_pipeline - INFO -   Échantillons actuels: 2,000
2025-12-22 22:08:20 - advanced_pipeline - INFO -   Features actuelles: 8
2025-12-22 22:08:20 - advanced_pipeline - INFO -   Âge moyen actuel: 45.3 ± 14.3
2025-12-22 22:08:20 - advanced_pipeline - INFO -   Âge min/max actuel: 18 / 85
2025-12-22 22:08:20 - advanced_pipeline - INFO - ⚖️  COMPARAISON MODÈLE vs NOUVELLES DONNÉES:
2025-12-22 22:08:20 - advanced_pipeline - INFO -   Dérive âge moyen: 0.0 ans
2025-12-22 22:08:20 - advanced_pipeline - INFO -   Dérive écart-type âge: 0.0
2025-12-22 22:08:20 - advanced_pipeline - INFO -   Ratio volume: 1.00x (2,000 vs 2,000)
2025-12-22 22:08:20 - advanced_pipeline - INFO - 🧪 TEST APPLICATION MODÈLE:
2025-12-22 22:08:20 - advanced_pipeline - INFO -   Échantillon testé: 1,000
2025-12-22 22:08:20 - advanced_pipeline - INFO -   Clients clusterisés: 1,000 (100.0%)
2025-12-22 22:08:20 - advanced_pipeline - INFO -   Clients non-clusterisés: 0 (0.0%)
2025-12-22 22:08:20 - advanced_pipeline - INFO -   Strates actives: 10
2025-12-22 22:08:20 - advanced_pipeline - INFO -     - 43-47: 145 clients
2025-12-22 22:08:20 - advanced_pipeline - INFO -     - 48-52: 138 clients
2025-12-22 22:08:20 - advanced_pipeline - INFO -     - 63+: 121 clients
2025-12-22 22:08:20 - advanced_pipeline - INFO -     - 33-37: 119 clients
2025-12-22 22:08:20 - advanced_pipeline - INFO -     - 38-42: 108 clients
2025-12-22 22:08:20 - advanced_pipeline - INFO - 🚨 SIGNAUX POUR DÉCISION MANUELLE:
2025-12-22 22:08:20 - advanced_pipeline - WARNING -   ⚠️  ALERTES DÉTECTÉES:
2025-12-22 22:08:20 - advanced_pipeline - WARNING -       QUALITÉ MODÈLE FAIBLE - Silhouette 0.000
2025-12-22 22:08:20 - advanced_pipeline - WARNING -       TROP DE CLUSTERS UNIQUES - 100.0% des strates
2025-12-22 22:08:20 - advanced_pipeline - WARNING -   💡 RECOMMANDATION: Considérer un recalcul avec force_retrain=True
2025-12-22 22:08:20 - advanced_pipeline - INFO - 📋 RÉSUMÉ DÉCISIONNEL:
2025-12-22 22:08:20 - advanced_pipeline - INFO -   Âge du modèle: 0 jours
2025-12-22 22:08:20 - advanced_pipeline - INFO -   Qualité modèle: Faible
2025-12-22 22:08:20 - advanced_pipeline - INFO -   Dérive détectée: Non
2025-12-22 22:08:20 - advanced_pipeline - INFO -   Couverture: Bonne
2025-12-22 22:08:20 - advanced_pipeline - INFO - APPLICATION MODÈLE EXISTANT
2025-12-22 22:08:20 - advanced_pipeline - INFO - Étape 4: Scoring clients
2025-12-22 22:08:20 - advanced_pipeline - INFO - Scoring terminé: (2000, 58)
2025-12-22 22:08:20 - advanced_pipeline - INFO - Résultats sauvegardés dans: /var/folders/0m/c5clbvqd31s3ynlm0xf7lccw0000gn/T/tmpzfo4y25w/models/pipeline_output/20251222_220820
2025-12-22 22:08:20 - advanced_pipeline - INFO - === PIPELINE TERMINÉ AVEC SUCCÈS ===
2025-12-22 22:08:20 - advanced_pipeline - INFO - AdvancedPipeline initialisé - Mode: test, Clustering: stratifie
2025-12-22 22:08:20 - advanced_pipeline - INFO - Force retrain: False
2025-12-22 22:08:20 - advanced_pipeline - INFO - === DÉMARRAGE PIPELINE AVANCÉ ===
2025-12-22 22:08:20 - advanced_pipeline - INFO - Étape 1: Extraction données
2025-12-22 22:08:20 - advanced_pipeline - INFO - Données extraites: (200, 19)
2025-12-22 22:08:20 - advanced_pipeline - INFO - Étape 2: Optimisation dimensions
2025-12-22 22:08:20 - advanced_pipeline - INFO - Dimensions optimisées: (200, 9)
2025-12-22 22:08:20 - advanced_pipeline - INFO - === CLUSTERING AVEC GESTION MODÈLES ===
2025-12-22 22:08:20 - advanced_pipeline - INFO - Modèle existant trouvé: /var/folders/0m/c5clbvqd31s3ynlm0xf7lccw0000gn/T/tmpzfo4y25w/models/age_clustering_20251222_220819.pkl
2025-12-22 22:08:20 - advanced_pipeline - INFO - === MÉTRIQUES DÉTAILLÉES DU MODÈLE ===
2025-12-22 22:08:20 - advanced_pipeline - INFO - 📊 MODÈLE EXISTANT:
2025-12-22 22:08:20 - advanced_pipeline - INFO -   Version: 20251222_220819
2025-12-22 22:08:20 - advanced_pipeline - INFO -   Date entraînement: 2025-12-22T22:08:19.901056
2025-12-22 22:08:20 - advanced_pipeline - INFO -   Échantillons entraînement: 2,000
2025-12-22 22:08:20 - advanced_pipeline - INFO -   Features entraînement: 7
2025-12-22 22:08:20 - advanced_pipeline - INFO -   Silhouette moyenne: 0.000
2025-12-22 22:08:20 - advanced_pipeline - INFO -   Min/Max silhouette: 0.000 / 0.000
2025-12-22 22:08:20 - advanced_pipeline - INFO -   Clusters créés: 10
2025-12-22 22:08:20 - advanced_pipeline - INFO -   Strates viables: 10
2025-12-22 22:08:20 - advanced_pipeline - INFO -   Strates cluster unique: 10
2025-12-22 22:08:20 - advanced_pipeline - INFO - 👥 PROFIL DÉMOGRAPHIQUE MODÈLE:
2025-12-22 22:08:20 - advanced_pipeline - INFO -   Âge moyen entraînement: 45.3 ± 14.3
2025-12-22 22:08:20 - advanced_pipeline - INFO -   Âge min/max entraînement: 18 / 85
2025-12-22 22:08:20 - advanced_pipeline - INFO - 📈 NOUVELLES DONNÉES:
2025-12-22 22:08:20 - advanced_pipeline - INFO -   Échantillons actuels: 200
2025-12-22 22:08:20 - advanced_pipeline - INFO -   Features actuelles: 8
2025-12-22 22:08:20 - advanced_pipeline - INFO -   Âge moyen actuel: 46.6 ± 14.4
2025-12-22 22:08:20 - advanced_pipeline - INFO -   Âge min/max actuel: 18 / 85
2025-12-22 22:08:20 - advanced_pipeline - INFO - ⚖️  COMPARAISON MODÈLE vs NOUVELLES DONNÉES:
2025-12-22 22:08:20 - advanced_pipeline - INFO -   Dérive âge moyen: 1.2 ans
2025-12-22 22:08:20 - advanced_pipeline - INFO -   Dérive écart-type âge: 0.1
2025-12-22 22:08:20 - advanced_pipeline - INFO -   Ratio volume: 0.10x (200 vs 2,000)
2025-12-22 22:08:20 - advanced_pipeline - INFO - 🧪 TEST APPLICATION MODÈLE:
2025-12-22 22:08:20 - advanced_pipeline - INFO -   Échantillon testé: 200
2025-12-22 22:08:20 - advanced_pipeline - INFO -   Clients clusterisés: 200 (100.0%)
2025-12-22 22:08:20 - advanced_pipeline - INFO -   Clients non-clusterisés: 0 (0.0%)
2025-12-22 22:08:20 - advanced_pipeline - INFO -   Strates actives: 10
2025-12-22 22:08:20 - advanced_pipeline - INFO -     - 48-52: 33 clients
2025-12-22 22:08:20 - advanced_pipeline - INFO -     - 43-47: 30 clients
2025-12-22 22:08:20 - advanced_pipeline - INFO -     - 63+: 26 clients
2025-12-22 22:08:20 - advanced_pipeline - INFO -     - 33-37: 24 clients
2025-12-22 22:08:20 - advanced_pipeline - INFO -     - 38-42: 20 clients
2025-12-22 22:08:20 - advanced_pipeline - INFO - 🚨 SIGNAUX POUR DÉCISION MANUELLE:
2025-12-22 22:08:20 - advanced_pipeline - WARNING -   ⚠️  ALERTES DÉTECTÉES:
2025-12-22 22:08:20 - advanced_pipeline - WARNING -       CHANGEMENT VOLUME - Ratio 0.1x par rapport à l'entraînement
2025-12-22 22:08:20 - advanced_pipeline - WARNING -       QUALITÉ MODÈLE FAIBLE - Silhouette 0.000
2025-12-22 22:08:20 - advanced_pipeline - WARNING -       TROP DE CLUSTERS UNIQUES - 100.0% des strates
2025-12-22 22:08:20 - advanced_pipeline - WARNING -   💡 RECOMMANDATION: Considérer un recalcul avec force_retrain=True
2025-12-22 22:08:20 - advanced_pipeline - INFO - 📋 RÉSUMÉ DÉCISIONNEL:
2025-12-22 22:08:20 - advanced_pipeline - INFO -   Âge du modèle: 0 jours
2025-12-22 22:08:20 - advanced_pipeline - INFO -   Qualité modèle: Faible
2025-12-22 22:08:20 - advanced_pipeline - INFO -   Dérive détectée: Oui
2025-12-22 22:08:20 - advanced_pipeline - INFO -   Couverture: Bonne
2025-12-22 22:08:20 - advanced_pipeline - INFO - APPLICATION MODÈLE EXISTANT
2025-12-22 22:08:20 - advanced_pipeline - INFO - Étape 4: Scoring clients
2025-12-22 22:08:20 - advanced_pipeline - INFO - Scoring terminé: (200, 58)
2025-12-22 22:08:20 - advanced_pipeline - INFO - === PIPELINE TERMINÉ AVEC SUCCÈS ===
2025-12-22 22:08:20 - advanced_pipeline - INFO - AdvancedPipeline initialisé - Mode: dev, Clustering: stratifie
2025-12-22 22:08:20 - advanced_pipeline - INFO - Force retrain: True
2025-12-22 22:08:20 - advanced_pipeline - INFO - Étape 1: Extraction données
2025-12-22 22:08:20 - advanced_pipeline - INFO - Données extraites: (2000, 19)
2025-12-22 22:08:20 - advanced_pipeline - INFO - Étape 2: Optimisation dimensions
2025-12-22 22:08:20 - advanced_pipeline - INFO - Dimensions optimisées: (2000, 9)
2025-12-22 22:08:20 - advanced_pipeline - INFO - === CLUSTERING AVEC GESTION MODÈLES ===
2025-12-22 22:08:20 - advanced_pipeline - INFO - RECALCUL FORCÉ - Entraînement nouveau modèle
2025-12-22 22:08:21 - advanced_pipeline - INFO - Étape 4: Scoring clients
2025-12-22 22:08:21 - advanced_pipeline - INFO - Scoring terminé: (2000, 58)
2025-12-22 22:08:21 - advanced_pipeline - INFO - AdvancedPipeline initialisé - Mode: dev, Clustering: stratifie
2025-12-22 22:08:21 - advanced_pipeline - INFO - Force retrain: True
2025-12-22 22:08:21 - advanced_pipeline - INFO - === DÉMARRAGE PIPELINE AVANCÉ ===
2025-12-22 22:08:21 - advanced_pipeline - INFO - Étape 1: Extraction données
2025-12-22 22:08:21 - advanced_pipeline - INFO - Données extraites: (2000, 19)
2025-12-22 22:08:21 - advanced_pipeline - INFO - Étape 2: Optimisation dimensions
2025-12-22 22:08:21 - advanced_pipeline - INFO - Dimensions optimisées: (2000, 9)
2025-12-22 22:08:21 - advanced_pipeline - INFO - === CLUSTERING AVEC GESTION MODÈLES ===
2025-12-22 22:08:21 - advanced_pipeline - INFO - RECALCUL FORCÉ - Entraînement nouveau modèle
2025-12-22 22:08:22 - advanced_pipeline - INFO - Étape 4: Scoring clients
2025-12-22 22:08:22 - advanced_pipeline - INFO - Scoring terminé: (2000, 58)
2025-12-22 22:08:22 - advanced_pipeline - INFO - Résultats sauvegardés dans: /var/folders/0m/c5clbvqd31s3ynlm0xf7lccw0000gn/T/tmpzfo4y25w/models/pipeline_output/20251222_220821
2025-12-22 22:08:22 - advanced_pipeline - INFO - === PIPELINE TERMINÉ AVEC SUCCÈS ===
2025-12-22 22:08:22 - advanced_pipeline - INFO - AdvancedPipeline initialisé - Mode: dev, Clustering: stratifie
2025-12-22 22:08:22 - advanced_pipeline - INFO - Force retrain: True
2025-12-22 22:08:22 - advanced_pipeline - INFO - === DÉMARRAGE PIPELINE AVANCÉ ===
2025-12-22 22:08:22 - advanced_pipeline - INFO - Étape 1: Extraction données
2025-12-22 22:08:22 - advanced_pipeline - INFO - Données extraites: (2000, 19)
2025-12-22 22:08:22 - advanced_pipeline - INFO - Étape 2: Optimisation dimensions
2025-12-22 22:08:22 - advanced_pipeline - INFO - Dimensions optimisées: (2000, 9)
2025-12-22 22:08:22 - advanced_pipeline - INFO - === CLUSTERING AVEC GESTION MODÈLES ===
2025-12-22 22:08:22 - advanced_pipeline - INFO - RECALCUL FORCÉ - Entraînement nouveau modèle
2025-12-22 22:08:23 - advanced_pipeline - INFO - Étape 4: Scoring clients
2025-12-22 22:08:23 - advanced_pipeline - INFO - Scoring terminé: (2000, 58)
2025-12-22 22:08:23 - advanced_pipeline - INFO - Résultats sauvegardés dans: /var/folders/0m/c5clbvqd31s3ynlm0xf7lccw0000gn/T/tmpzfo4y25w/models/pipeline_output/20251222_220822
2025-12-22 22:08:23 - advanced_pipeline - INFO - === PIPELINE TERMINÉ AVEC SUCCÈS ===
2025-12-22 22:08:23 - advanced_pipeline - INFO - AdvancedPipeline initialisé - Mode: dev, Clustering: stratifie
2025-12-22 22:08:23 - advanced_pipeline - INFO - Force retrain: True
2025-12-22 22:08:23 - advanced_pipeline - INFO - === DÉMARRAGE PIPELINE AVANCÉ ===
2025-12-22 22:08:23 - advanced_pipeline - INFO - Étape 1: Extraction données
2025-12-22 22:08:23 - advanced_pipeline - INFO - Données extraites: (2000, 19)
2025-12-22 22:08:23 - advanced_pipeline - INFO - Étape 2: Optimisation dimensions
2025-12-22 22:08:23 - advanced_pipeline - INFO - Dimensions optimisées: (2000, 9)
2025-12-22 22:08:23 - advanced_pipeline - INFO - === CLUSTERING AVEC GESTION MODÈLES ===
2025-12-22 22:08:23 - advanced_pipeline - INFO - RECALCUL FORCÉ - Entraînement nouveau modèle
2025-12-22 22:08:24 - advanced_pipeline - INFO - Étape 4: Scoring clients
2025-12-22 22:08:24 - advanced_pipeline - INFO - Scoring terminé: (2000, 58)
2025-12-22 22:08:24 - advanced_pipeline - INFO - Résultats sauvegardés dans: /var/folders/0m/c5clbvqd31s3ynlm0xf7lccw0000gn/T/tmpzfo4y25w/models/pipeline_output/20251222_220823
2025-12-22 22:08:24 - advanced_pipeline - INFO - === PIPELINE TERMINÉ AVEC SUCCÈS ===
2025-12-22 22:08:24 - advanced_pipeline - INFO - AdvancedPipeline initialisé - Mode: dev, Clustering: stratifie
2025-12-22 22:08:24 - advanced_pipeline - INFO - Force retrain: False
2025-12-22 22:08:24 - advanced_pipeline - INFO - === DÉMARRAGE PIPELINE AVANCÉ ===
2025-12-22 22:08:24 - advanced_pipeline - INFO - Étape 1: Extraction données
2025-12-22 22:08:24 - advanced_pipeline - INFO - Données extraites: (2000, 19)
2025-12-22 22:08:24 - advanced_pipeline - INFO - Étape 2: Optimisation dimensions
2025-12-22 22:08:24 - advanced_pipeline - INFO - Dimensions optimisées: (2000, 9)
2025-12-22 22:08:24 - advanced_pipeline - INFO - === CLUSTERING AVEC GESTION MODÈLES ===
2025-12-22 22:08:24 - advanced_pipeline - INFO - Modèle existant trouvé: /var/folders/0m/c5clbvqd31s3ynlm0xf7lccw0000gn/T/tmpzfo4y25w/models/age_clustering_20251222_220823.pkl
2025-12-22 22:08:24 - advanced_pipeline - INFO - === MÉTRIQUES DÉTAILLÉES DU MODÈLE ===
2025-12-22 22:08:24 - advanced_pipeline - INFO - 📊 MODÈLE EXISTANT:
2025-12-22 22:08:24 - advanced_pipeline - INFO -   Version: 20251222_220823
2025-12-22 22:08:24 - advanced_pipeline - INFO -   Date entraînement: 2025-12-22T22:08:24.537425
2025-12-22 22:08:24 - advanced_pipeline - INFO -   Échantillons entraînement: 2,000
2025-12-22 22:08:24 - advanced_pipeline - INFO -   Features entraînement: 7
2025-12-22 22:08:24 - advanced_pipeline - INFO -   Silhouette moyenne: 0.000
2025-12-22 22:08:24 - advanced_pipeline - INFO -   Min/Max silhouette: 0.000 / 0.000
2025-12-22 22:08:24 - advanced_pipeline - INFO -   Clusters créés: 10
2025-12-22 22:08:24 - advanced_pipeline - INFO -   Strates viables: 10
2025-12-22 22:08:24 - advanced_pipeline - INFO -   Strates cluster unique: 10
2025-12-22 22:08:24 - advanced_pipeline - INFO - 👥 PROFIL DÉMOGRAPHIQUE MODÈLE:
2025-12-22 22:08:24 - advanced_pipeline - INFO -   Âge moyen entraînement: 45.3 ± 14.3
2025-12-22 22:08:24 - advanced_pipeline - INFO -   Âge min/max entraînement: 18 / 85
2025-12-22 22:08:24 - advanced_pipeline - INFO - 📈 NOUVELLES DONNÉES:
2025-12-22 22:08:24 - advanced_pipeline - INFO -   Échantillons actuels: 2,000
2025-12-22 22:08:24 - advanced_pipeline - INFO -   Features actuelles: 8
2025-12-22 22:08:24 - advanced_pipeline - INFO -   Âge moyen actuel: 45.3 ± 14.3
2025-12-22 22:08:24 - advanced_pipeline - INFO -   Âge min/max actuel: 18 / 85
2025-12-22 22:08:24 - advanced_pipeline - INFO - ⚖️  COMPARAISON MODÈLE vs NOUVELLES DONNÉES:
2025-12-22 22:08:24 - advanced_pipeline - INFO -   Dérive âge moyen: 0.0 ans
2025-12-22 22:08:24 - advanced_pipeline - INFO -   Dérive écart-type âge: 0.0
2025-12-22 22:08:24 - advanced_pipeline - INFO -   Ratio volume: 1.00x (2,000 vs 2,000)
2025-12-22 22:08:24 - advanced_pipeline - INFO - 🧪 TEST APPLICATION MODÈLE:
2025-12-22 22:08:24 - advanced_pipeline - INFO -   Échantillon testé: 1,000
2025-12-22 22:08:24 - advanced_pipeline - INFO -   Clients clusterisés: 1,000 (100.0%)
2025-12-22 22:08:24 - advanced_pipeline - INFO -   Clients non-clusterisés: 0 (0.0%)
2025-12-22 22:08:24 - advanced_pipeline - INFO -   Strates actives: 10
2025-12-22 22:08:24 - advanced_pipeline - INFO -     - 43-47: 145 clients
2025-12-22 22:08:24 - advanced_pipeline - INFO -     - 48-52: 138 clients
2025-12-22 22:08:24 - advanced_pipeline - INFO -     - 63+: 121 clients
2025-12-22 22:08:24 - advanced_pipeline - INFO -     - 33-37: 119 clients
2025-12-22 22:08:24 - advanced_pipeline - INFO -     - 38-42: 108 clients
2025-12-22 22:08:24 - advanced_pipeline - INFO - 🚨 SIGNAUX POUR DÉCISION MANUELLE:
2025-12-22 22:08:24 - advanced_pipeline - WARNING -   ⚠️  ALERTES DÉTECTÉES:
2025-12-22 22:08:24 - advanced_pipeline - WARNING -       QUALITÉ MODÈLE FAIBLE - Silhouette 0.000
2025-12-22 22:08:24 - advanced_pipeline - WARNING -       TROP DE CLUSTERS UNIQUES - 100.0% des strates
2025-12-22 22:08:24 - advanced_pipeline - WARNING -   💡 RECOMMANDATION: Considérer un recalcul avec force_retrain=True
2025-12-22 22:08:24 - advanced_pipeline - INFO - 📋 RÉSUMÉ DÉCISIONNEL:
2025-12-22 22:08:24 - advanced_pipeline - INFO -   Âge du modèle: 0 jours
2025-12-22 22:08:24 - advanced_pipeline - INFO -   Qualité modèle: Faible
2025-12-22 22:08:24 - advanced_pipeline - INFO -   Dérive détectée: Non
2025-12-22 22:08:24 - advanced_pipeline - INFO -   Couverture: Bonne
2025-12-22 22:08:24 - advanced_pipeline - INFO - APPLICATION MODÈLE EXISTANT
2025-12-22 22:08:24 - advanced_pipeline - INFO - Étape 4: Scoring clients
2025-12-22 22:08:25 - advanced_pipeline - INFO - Scoring terminé: (2000, 58)
2025-12-22 22:08:25 - advanced_pipeline - INFO - Résultats sauvegardés dans: /var/folders/0m/c5clbvqd31s3ynlm0xf7lccw0000gn/T/tmpzfo4y25w/models/pipeline_output/20251222_220824
2025-12-22 22:08:25 - advanced_pipeline - INFO - === PIPELINE TERMINÉ AVEC SUCCÈS ===
2025-12-22 22:08:25 - advanced_pipeline - INFO - AdvancedPipeline initialisé - Mode: dev, Clustering: stratifie
2025-12-22 22:08:25 - advanced_pipeline - INFO - Force retrain: True
2025-12-22 22:08:25 - advanced_pipeline - INFO - === DÉMARRAGE PIPELINE AVANCÉ ===
2025-12-22 22:08:25 - advanced_pipeline - INFO - Étape 1: Extraction données
2025-12-22 22:08:25 - advanced_pipeline - INFO - Données extraites: (1000, 19)
2025-12-22 22:08:25 - advanced_pipeline - INFO - Étape 2: Optimisation dimensions
2025-12-22 22:08:25 - advanced_pipeline - INFO - Dimensions optimisées: (1000, 9)
2025-12-22 22:08:25 - advanced_pipeline - INFO - === CLUSTERING AVEC GESTION MODÈLES ===
2025-12-22 22:08:25 - advanced_pipeline - INFO - RECALCUL FORCÉ - Entraînement nouveau modèle
2025-12-22 22:08:25 - advanced_pipeline - INFO - Étape 4: Scoring clients
2025-12-22 22:08:25 - advanced_pipeline - INFO - Scoring terminé: (1000, 58)
2025-12-22 22:08:25 - advanced_pipeline - INFO - Résultats sauvegardés dans: /var/folders/0m/c5clbvqd31s3ynlm0xf7lccw0000gn/T/tmph772lj2a/models/pipeline_output/20251222_220825
2025-12-22 22:08:25 - advanced_pipeline - INFO - === PIPELINE TERMINÉ AVEC SUCCÈS ===
2025-12-22 22:08:25 - advanced_pipeline - INFO - AdvancedPipeline initialisé - Mode: dev, Clustering: stratifie
2025-12-22 22:08:25 - advanced_pipeline - INFO - Force retrain: False
2025-12-22 22:08:25 - advanced_pipeline - INFO - AdvancedPipeline initialisé - Mode: dev, Clustering: stratifie
2025-12-22 22:08:25 - advanced_pipeline - INFO - Force retrain: True
2025-12-22 22:08:25 - advanced_pipeline - INFO - === DÉMARRAGE PIPELINE AVANCÉ ===
2025-12-22 22:08:25 - advanced_pipeline - INFO - Étape 1: Extraction données
2025-12-22 22:08:25 - advanced_pipeline - INFO - Données extraites: (1000, 19)
2025-12-22 22:08:25 - advanced_pipeline - INFO - Étape 2: Optimisation dimensions
2025-12-22 22:08:25 - advanced_pipeline - INFO - Dimensions optimisées: (1000, 9)
2025-12-22 22:08:25 - advanced_pipeline - INFO - === CLUSTERING AVEC GESTION MODÈLES ===
2025-12-22 22:08:25 - advanced_pipeline - INFO - RECALCUL FORCÉ - Entraînement nouveau modèle
2025-12-22 22:08:26 - advanced_pipeline - INFO - Étape 4: Scoring clients
2025-12-22 22:08:26 - advanced_pipeline - INFO - Scoring terminé: (1000, 58)
2025-12-22 22:08:26 - advanced_pipeline - INFO - Résultats sauvegardés dans: /var/folders/0m/c5clbvqd31s3ynlm0xf7lccw0000gn/T/tmph772lj2a/models/pipeline_output/20251222_220825
2025-12-22 22:08:26 - advanced_pipeline - INFO - === PIPELINE TERMINÉ AVEC SUCCÈS ===
2025-12-22 22:08:26 - advanced_pipeline - INFO - AdvancedPipeline initialisé - Mode: dev, Clustering: stratifie
2025-12-22 22:08:26 - advanced_pipeline - INFO - Force retrain: True
2025-12-22 22:08:26 - advanced_pipeline - INFO - === DÉMARRAGE PIPELINE AVANCÉ ===
2025-12-22 22:08:26 - advanced_pipeline - INFO - Étape 1: Extraction données
2025-12-22 22:08:26 - advanced_pipeline - INFO - Données extraites: (500, 19)
2025-12-22 22:08:26 - advanced_pipeline - INFO - Étape 2: Optimisation dimensions
2025-12-22 22:08:26 - advanced_pipeline - INFO - Dimensions optimisées: (500, 9)
2025-12-22 22:08:26 - advanced_pipeline - INFO - === CLUSTERING AVEC GESTION MODÈLES ===
2025-12-22 22:08:26 - advanced_pipeline - INFO - RECALCUL FORCÉ - Entraînement nouveau modèle
2025-12-22 22:08:26 - advanced_pipeline - INFO - Étape 4: Scoring clients
2025-12-22 22:08:27 - advanced_pipeline - INFO - Scoring terminé: (500, 58)
2025-12-22 22:08:27 - advanced_pipeline - INFO - Résultats sauvegardés dans: /var/folders/0m/c5clbvqd31s3ynlm0xf7lccw0000gn/T/tmpvr5s7t0y/models/pipeline_output/20251222_220826
2025-12-22 22:08:27 - advanced_pipeline - INFO - === PIPELINE TERMINÉ AVEC SUCCÈS ===
2025-12-22 22:08:27 - advanced_pipeline - INFO - AdvancedPipeline initialisé - Mode: dev, Clustering: global
2025-12-22 22:08:27 - advanced_pipeline - INFO - Force retrain: True
2025-12-22 22:08:27 - advanced_pipeline - INFO - === DÉMARRAGE PIPELINE AVANCÉ ===
2025-12-22 22:08:27 - advanced_pipeline - INFO - Étape 1: Extraction données
2025-12-22 22:08:27 - advanced_pipeline - INFO - Données extraites: (500, 19)
2025-12-22 22:08:27 - advanced_pipeline - INFO - Étape 2: Optimisation dimensions
2025-12-22 22:08:27 - advanced_pipeline - INFO - Dimensions optimisées: (500, 12)
2025-12-22 22:08:27 - advanced_pipeline - INFO - === CLUSTERING AVEC GESTION MODÈLES ===
2025-12-22 22:08:27 - advanced_pipeline - INFO - RECALCUL FORCÉ - Entraînement nouveau modèle
2025-12-22 22:08:27 - advanced_pipeline - ERROR - ERREUR PIPELINE: Colonne 'AGE' manquante
2025-12-22 22:08:27 - advanced_pipeline - INFO - AdvancedPipeline initialisé - Mode: test, Clustering: stratifie
2025-12-22 22:08:27 - advanced_pipeline - INFO - Force retrain: True
2025-12-22 22:08:27 - advanced_pipeline - INFO - === DÉMARRAGE PIPELINE AVANCÉ ===
2025-12-22 22:08:27 - advanced_pipeline - INFO - Étape 1: Extraction données
2025-12-22 22:08:27 - advanced_pipeline - INFO - Données extraites: (50, 19)
2025-12-22 22:08:27 - advanced_pipeline - INFO - Étape 2: Optimisation dimensions
2025-12-22 22:08:27 - advanced_pipeline - INFO - Dimensions optimisées: (50, 9)
2025-12-22 22:08:27 - advanced_pipeline - INFO - === CLUSTERING AVEC GESTION MODÈLES ===
2025-12-22 22:08:27 - advanced_pipeline - INFO - RECALCUL FORCÉ - Entraînement nouveau modèle
2025-12-22 22:08:27 - advanced_pipeline - INFO - Étape 4: Scoring clients
2025-12-22 22:08:27 - advanced_pipeline - INFO - Scoring terminé: (0, 53)
2025-12-22 22:08:27 - advanced_pipeline - ERROR - ERREUR PIPELINE: Échec scoring
2025-12-22 22:08:38 - advanced_pipeline - INFO - Logger advanced_pipeline configuré - Fichier: /Users/taieb/Documents/GITHUB REPO/ML_banking_segmentation/logs/advanced_pipeline_20251222.log
2025-12-22 22:08:38 - advanced_pipeline - INFO - AdvancedPipeline initialisé - Mode: test, Clustering: stratifie
2025-12-22 22:08:38 - advanced_pipeline - INFO - Force retrain: True
2025-12-22 22:08:38 - advanced_pipeline - INFO - === DÉMARRAGE PIPELINE AVANCÉ ===
2025-12-22 22:08:38 - advanced_pipeline - INFO - Étape 1: Extraction données
2025-12-22 22:08:38 - advanced_pipeline - INFO - Données extraites: (50, 19)
2025-12-22 22:08:38 - advanced_pipeline - INFO - Étape 2: Optimisation dimensions
2025-12-22 22:08:38 - advanced_pipeline - INFO - Dimensions optimisées: (50, 9)
2025-12-22 22:08:38 - advanced_pipeline - INFO - === CLUSTERING AVEC GESTION MODÈLES ===
2025-12-22 22:08:38 - advanced_pipeline - INFO - RECALCUL FORCÉ - Entraînement nouveau modèle
2025-12-22 22:08:38 - advanced_pipeline - INFO - Étape 4: Scoring clients
2025-12-22 22:08:38 - advanced_pipeline - INFO - Scoring terminé: (0, 53)
2025-12-22 22:08:38 - advanced_pipeline - ERROR - ERREUR PIPELINE: Échec scoring
2025-12-22 22:09:30 - advanced_pipeline - INFO - Logger advanced_pipeline configuré - Fichier: /Users/taieb/Documents/GITHUB REPO/ML_banking_segmentation/logs/advanced_pipeline_20251222.log
2025-12-22 22:09:30 - advanced_pipeline - INFO - AdvancedPipeline initialisé - Mode: dev, Clustering: stratifie
2025-12-22 22:09:30 - advanced_pipeline - INFO - Force retrain: True
2025-12-22 22:09:30 - advanced_pipeline - INFO - === DÉMARRAGE PIPELINE AVANCÉ ===
2025-12-22 22:09:30 - advanced_pipeline - INFO - Étape 1: Extraction données
2025-12-22 22:09:30 - advanced_pipeline - INFO - Données extraites: (2000, 19)
2025-12-22 22:09:30 - advanced_pipeline - INFO - Étape 2: Optimisation dimensions
2025-12-22 22:09:30 - advanced_pipeline - INFO - Dimensions optimisées: (2000, 9)
2025-12-22 22:09:30 - advanced_pipeline - INFO - === CLUSTERING AVEC GESTION MODÈLES ===
2025-12-22 22:09:30 - advanced_pipeline - INFO - RECALCUL FORCÉ - Entraînement nouveau modèle
2025-12-22 22:09:30 - advanced_pipeline - INFO - Étape 4: Scoring clients
2025-12-22 22:09:30 - advanced_pipeline - INFO - Scoring terminé: (2000, 58)
2025-12-22 22:09:31 - advanced_pipeline - INFO - Résultats sauvegardés dans: /var/folders/0m/c5clbvqd31s3ynlm0xf7lccw0000gn/T/tmpwm1s6738/models/pipeline_output/20251222_220930
2025-12-22 22:09:31 - advanced_pipeline - INFO - === PIPELINE TERMINÉ AVEC SUCCÈS ===
2025-12-22 22:09:31 - advanced_pipeline - INFO - AdvancedPipeline initialisé - Mode: dev, Clustering: stratifie
2025-12-22 22:09:31 - advanced_pipeline - INFO - Force retrain: True
2025-12-22 22:09:31 - advanced_pipeline - INFO - Étape 1: Extraction données
2025-12-22 22:09:31 - advanced_pipeline - INFO - Données extraites: (2000, 19)
2025-12-22 22:09:31 - advanced_pipeline - INFO - Étape 2: Optimisation dimensions
2025-12-22 22:09:31 - advanced_pipeline - INFO - Dimensions optimisées: (2000, 9)
2025-12-22 22:09:31 - advanced_pipeline - INFO - === CLUSTERING AVEC GESTION MODÈLES ===
2025-12-22 22:09:31 - advanced_pipeline - INFO - RECALCUL FORCÉ - Entraînement nouveau modèle
2025-12-22 22:09:31 - advanced_pipeline - INFO - AdvancedPipeline initialisé - Mode: dev, Clustering: stratifie
2025-12-22 22:09:31 - advanced_pipeline - INFO - Force retrain: False
2025-12-22 22:09:31 - advanced_pipeline - INFO - Étape 1: Extraction données
2025-12-22 22:09:31 - advanced_pipeline - INFO - Données extraites: (2000, 19)
2025-12-22 22:09:31 - advanced_pipeline - INFO - AdvancedPipeline initialisé - Mode: dev, Clustering: stratifie
2025-12-22 22:09:31 - advanced_pipeline - INFO - Force retrain: False
2025-12-22 22:09:31 - advanced_pipeline - INFO - AdvancedPipeline initialisé - Mode: dev, Clustering: stratifie
2025-12-22 22:09:31 - advanced_pipeline - INFO - Force retrain: True
2025-12-22 22:09:31 - advanced_pipeline - INFO - === DÉMARRAGE PIPELINE AVANCÉ ===
2025-12-22 22:09:31 - advanced_pipeline - INFO - Étape 1: Extraction données
2025-12-22 22:09:31 - advanced_pipeline - INFO - Données extraites: (2000, 19)
2025-12-22 22:09:31 - advanced_pipeline - INFO - Étape 2: Optimisation dimensions
2025-12-22 22:09:31 - advanced_pipeline - INFO - Dimensions optimisées: (2000, 9)
2025-12-22 22:09:31 - advanced_pipeline - INFO - === CLUSTERING AVEC GESTION MODÈLES ===
2025-12-22 22:09:31 - advanced_pipeline - INFO - RECALCUL FORCÉ - Entraînement nouveau modèle
2025-12-22 22:09:32 - advanced_pipeline - INFO - Étape 4: Scoring clients
2025-12-22 22:09:32 - advanced_pipeline - INFO - Scoring terminé: (2000, 58)
2025-12-22 22:09:32 - advanced_pipeline - INFO - Résultats sauvegardés dans: /var/folders/0m/c5clbvqd31s3ynlm0xf7lccw0000gn/T/tmpwm1s6738/models/pipeline_output/20251222_220931
2025-12-22 22:09:32 - advanced_pipeline - INFO - === PIPELINE TERMINÉ AVEC SUCCÈS ===
2025-12-22 22:09:32 - advanced_pipeline - INFO - AdvancedPipeline initialisé - Mode: dev, Clustering: stratifie
2025-12-22 22:09:32 - advanced_pipeline - INFO - Force retrain: False
2025-12-22 22:09:32 - advanced_pipeline - INFO - AdvancedPipeline initialisé - Mode: test, Clustering: stratifie
2025-12-22 22:09:32 - advanced_pipeline - INFO - Force retrain: False
2025-12-22 22:09:32 - advanced_pipeline - INFO - AdvancedPipeline initialisé - Mode: prod, Clustering: stratifie
2025-12-22 22:09:32 - advanced_pipeline - INFO - Force retrain: False
2025-12-22 22:09:32 - advanced_pipeline - INFO - AdvancedPipeline initialisé - Mode: dev, Clustering: stratifie
2025-12-22 22:09:32 - advanced_pipeline - INFO - Force retrain: False
2025-12-22 22:09:32 - advanced_pipeline - INFO - Étape 1: Extraction données
2025-12-22 22:09:32 - advanced_pipeline - INFO - Données extraites: (2000, 19)
2025-12-22 22:09:32 - advanced_pipeline - INFO - Étape 2: Optimisation dimensions
2025-12-22 22:09:32 - advanced_pipeline - INFO - Dimensions optimisées: (2000, 9)
2025-12-22 22:09:32 - advanced_pipeline - INFO - AdvancedPipeline initialisé - Mode: dev, Clustering: stratifie
2025-12-22 22:09:32 - advanced_pipeline - INFO - Force retrain: False
2025-12-22 22:09:32 - advanced_pipeline - INFO - === DÉMARRAGE PIPELINE AVANCÉ ===
2025-12-22 22:09:32 - advanced_pipeline - INFO - Étape 1: Extraction données
2025-12-22 22:09:32 - advanced_pipeline - INFO - Données extraites: (2000, 19)
2025-12-22 22:09:32 - advanced_pipeline - INFO - Étape 2: Optimisation dimensions
2025-12-22 22:09:32 - advanced_pipeline - INFO - Dimensions optimisées: (2000, 9)
2025-12-22 22:09:32 - advanced_pipeline - INFO - === CLUSTERING AVEC GESTION MODÈLES ===
2025-12-22 22:09:32 - advanced_pipeline - INFO - Modèle existant trouvé: /var/folders/0m/c5clbvqd31s3ynlm0xf7lccw0000gn/T/tmpwm1s6738/models/age_clustering_20251222_220931.pkl
2025-12-22 22:09:32 - advanced_pipeline - INFO - === MÉTRIQUES DÉTAILLÉES DU MODÈLE ===
2025-12-22 22:09:32 - advanced_pipeline - INFO - 📊 MODÈLE EXISTANT:
2025-12-22 22:09:32 - advanced_pipeline - INFO -   Version: 20251222_220931
2025-12-22 22:09:32 - advanced_pipeline - INFO -   Date entraînement: 2025-12-22T22:09:32.347355
2025-12-22 22:09:32 - advanced_pipeline - INFO -   Échantillons entraînement: 2,000
2025-12-22 22:09:32 - advanced_pipeline - INFO -   Features entraînement: 7
2025-12-22 22:09:32 - advanced_pipeline - INFO -   Silhouette moyenne: 0.000
2025-12-22 22:09:32 - advanced_pipeline - INFO -   Min/Max silhouette: 0.000 / 0.000
2025-12-22 22:09:32 - advanced_pipeline - INFO -   Clusters créés: 10
2025-12-22 22:09:32 - advanced_pipeline - INFO -   Strates viables: 10
2025-12-22 22:09:32 - advanced_pipeline - INFO -   Strates cluster unique: 10
2025-12-22 22:09:32 - advanced_pipeline - INFO - 👥 PROFIL DÉMOGRAPHIQUE MODÈLE:
2025-12-22 22:09:32 - advanced_pipeline - INFO -   Âge moyen entraînement: 45.3 ± 14.3
2025-12-22 22:09:32 - advanced_pipeline - INFO -   Âge min/max entraînement: 18 / 85
2025-12-22 22:09:32 - advanced_pipeline - INFO - 📈 NOUVELLES DONNÉES:
2025-12-22 22:09:32 - advanced_pipeline - INFO -   Échantillons actuels: 2,000
2025-12-22 22:09:32 - advanced_pipeline - INFO -   Features actuelles: 8
2025-12-22 22:09:32 - advanced_pipeline - INFO -   Âge moyen actuel: 45.3 ± 14.3
2025-12-22 22:09:32 - advanced_pipeline - INFO -   Âge min/max actuel: 18 / 85
2025-12-22 22:09:32 - advanced_pipeline - INFO - ⚖️  COMPARAISON MODÈLE vs NOUVELLES DONNÉES:
2025-12-22 22:09:32 - advanced_pipeline - INFO -   Dérive âge moyen: 0.0 ans
2025-12-22 22:09:32 - advanced_pipeline - INFO -   Dérive écart-type âge: 0.0
2025-12-22 22:09:32 - advanced_pipeline - INFO -   Ratio volume: 1.00x (2,000 vs 2,000)
2025-12-22 22:09:32 - advanced_pipeline - INFO - 🧪 TEST APPLICATION MODÈLE:
2025-12-22 22:09:32 - advanced_pipeline - INFO -   Échantillon testé: 1,000
2025-12-22 22:09:32 - advanced_pipeline - INFO -   Clients clusterisés: 1,000 (100.0%)
2025-12-22 22:09:32 - advanced_pipeline - INFO -   Clients non-clusterisés: 0 (0.0%)
2025-12-22 22:09:32 - advanced_pipeline - INFO -   Strates actives: 10
2025-12-22 22:09:32 - advanced_pipeline - INFO -     - 43-47: 145 clients
2025-12-22 22:09:32 - advanced_pipeline - INFO -     - 48-52: 138 clients
2025-12-22 22:09:32 - advanced_pipeline - INFO -     - 63+: 121 clients
2025-12-22 22:09:32 - advanced_pipeline - INFO -     - 33-37: 119 clients
2025-12-22 22:09:32 - advanced_pipeline - INFO -     - 38-42: 108 clients
2025-12-22 22:09:32 - advanced_pipeline - INFO - 🚨 SIGNAUX POUR DÉCISION MANUELLE:
2025-12-22 22:09:32 - advanced_pipeline - WARNING -   ⚠️  ALERTES DÉTECTÉES:
2025-12-22 22:09:32 - advanced_pipeline - WARNING -       QUALITÉ MODÈLE FAIBLE - Silhouette 0.000
2025-12-22 22:09:32 - advanced_pipeline - WARNING -       TROP DE CLUSTERS UNIQUES - 100.0% des strates
2025-12-22 22:09:32 - advanced_pipeline - WARNING -   💡 RECOMMANDATION: Considérer un recalcul avec force_retrain=True
2025-12-22 22:09:32 - advanced_pipeline - INFO - 📋 RÉSUMÉ DÉCISIONNEL:
2025-12-22 22:09:32 - advanced_pipeline - INFO -   Âge du modèle: 0 jours
2025-12-22 22:09:32 - advanced_pipeline - INFO -   Qualité modèle: Faible
2025-12-22 22:09:32 - advanced_pipeline - INFO -   Dérive détectée: Non
2025-12-22 22:09:32 - advanced_pipeline - INFO -   Couverture: Bonne
2025-12-22 22:09:32 - advanced_pipeline - INFO - APPLICATION MODÈLE EXISTANT
2025-12-22 22:09:32 - advanced_pipeline - INFO - Étape 4: Scoring clients
2025-12-22 22:09:32 - advanced_pipeline - INFO - Scoring terminé: (2000, 58)
2025-12-22 22:09:32 - advanced_pipeline - INFO - Résultats sauvegardés dans: /var/folders/0m/c5clbvqd31s3ynlm0xf7lccw0000gn/T/tmpwm1s6738/models/pipeline_output/20251222_220932
2025-12-22 22:09:32 - advanced_pipeline - INFO - === PIPELINE TERMINÉ AVEC SUCCÈS ===
2025-12-22 22:09:32 - advanced_pipeline - INFO - AdvancedPipeline initialisé - Mode: test, Clustering: stratifie
2025-12-22 22:09:32 - advanced_pipeline - INFO - Force retrain: False
2025-12-22 22:09:32 - advanced_pipeline - INFO - === DÉMARRAGE PIPELINE AVANCÉ ===
2025-12-22 22:09:32 - advanced_pipeline - INFO - Étape 1: Extraction données
2025-12-22 22:09:32 - advanced_pipeline - INFO - Données extraites: (200, 19)
2025-12-22 22:09:32 - advanced_pipeline - INFO - Étape 2: Optimisation dimensions
2025-12-22 22:09:32 - advanced_pipeline - INFO - Dimensions optimisées: (200, 9)
2025-12-22 22:09:32 - advanced_pipeline - INFO - === CLUSTERING AVEC GESTION MODÈLES ===
2025-12-22 22:09:32 - advanced_pipeline - INFO - Modèle existant trouvé: /var/folders/0m/c5clbvqd31s3ynlm0xf7lccw0000gn/T/tmpwm1s6738/models/age_clustering_20251222_220931.pkl
2025-12-22 22:09:32 - advanced_pipeline - INFO - === MÉTRIQUES DÉTAILLÉES DU MODÈLE ===
2025-12-22 22:09:32 - advanced_pipeline - INFO - 📊 MODÈLE EXISTANT:
2025-12-22 22:09:32 - advanced_pipeline - INFO -   Version: 20251222_220931
2025-12-22 22:09:32 - advanced_pipeline - INFO -   Date entraînement: 2025-12-22T22:09:32.347355
2025-12-22 22:09:32 - advanced_pipeline - INFO -   Échantillons entraînement: 2,000
2025-12-22 22:09:32 - advanced_pipeline - INFO -   Features entraînement: 7
2025-12-22 22:09:32 - advanced_pipeline - INFO -   Silhouette moyenne: 0.000
2025-12-22 22:09:32 - advanced_pipeline - INFO -   Min/Max silhouette: 0.000 / 0.000
2025-12-22 22:09:32 - advanced_pipeline - INFO -   Clusters créés: 10
2025-12-22 22:09:32 - advanced_pipeline - INFO -   Strates viables: 10
2025-12-22 22:09:32 - advanced_pipeline - INFO -   Strates cluster unique: 10
2025-12-22 22:09:32 - advanced_pipeline - INFO - 👥 PROFIL DÉMOGRAPHIQUE MODÈLE:
2025-12-22 22:09:32 - advanced_pipeline - INFO -   Âge moyen entraînement: 45.3 ± 14.3
2025-12-22 22:09:32 - advanced_pipeline - INFO -   Âge min/max entraînement: 18 / 85
2025-12-22 22:09:32 - advanced_pipeline - INFO - 📈 NOUVELLES DONNÉES:
2025-12-22 22:09:32 - advanced_pipeline - INFO -   Échantillons actuels: 200
2025-12-22 22:09:32 - advanced_pipeline - INFO -   Features actuelles: 8
2025-12-22 22:09:32 - advanced_pipeline - INFO -   Âge moyen actuel: 46.6 ± 14.4
2025-12-22 22:09:32 - advanced_pipeline - INFO -   Âge min/max actuel: 18 / 85
2025-12-22 22:09:32 - advanced_pipeline - INFO - ⚖️  COMPARAISON MODÈLE vs NOUVELLES DONNÉES:
2025-12-22 22:09:32 - advanced_pipeline - INFO -   Dérive âge moyen: 1.2 ans
2025-12-22 22:09:32 - advanced_pipeline - INFO -   Dérive écart-type âge: 0.1
2025-12-22 22:09:32 - advanced_pipeline - INFO -   Ratio volume: 0.10x (200 vs 2,000)
2025-12-22 22:09:32 - advanced_pipeline - INFO - 🧪 TEST APPLICATION MODÈLE:
2025-12-22 22:09:32 - advanced_pipeline - INFO -   Échantillon testé: 200
2025-12-22 22:09:32 - advanced_pipeline - INFO -   Clients clusterisés: 200 (100.0%)
2025-12-22 22:09:32 - advanced_pipeline - INFO -   Clients non-clusterisés: 0 (0.0%)
2025-12-22 22:09:32 - advanced_pipeline - INFO -   Strates actives: 10
2025-12-22 22:09:32 - advanced_pipeline - INFO -     - 48-52: 33 clients
2025-12-22 22:09:32 - advanced_pipeline - INFO -     - 43-47: 30 clients
2025-12-22 22:09:32 - advanced_pipeline - INFO -     - 63+: 26 clients
2025-12-22 22:09:32 - advanced_pipeline - INFO -     - 33-37: 24 clients
2025-12-22 22:09:32 - advanced_pipeline - INFO -     - 38-42: 20 clients
2025-12-22 22:09:32 - advanced_pipeline - INFO - 🚨 SIGNAUX POUR DÉCISION MANUELLE:
2025-12-22 22:09:32 - advanced_pipeline - WARNING -   ⚠️  ALERTES DÉTECTÉES:
2025-12-22 22:09:32 - advanced_pipeline - WARNING -       CHANGEMENT VOLUME - Ratio 0.1x par rapport à l'entraînement
2025-12-22 22:09:32 - advanced_pipeline - WARNING -       QUALITÉ MODÈLE FAIBLE - Silhouette 0.000
2025-12-22 22:09:32 - advanced_pipeline - WARNING -       TROP DE CLUSTERS UNIQUES - 100.0% des strates
2025-12-22 22:09:32 - advanced_pipeline - WARNING -   💡 RECOMMANDATION: Considérer un recalcul avec force_retrain=True
2025-12-22 22:09:32 - advanced_pipeline - INFO - 📋 RÉSUMÉ DÉCISIONNEL:
2025-12-22 22:09:32 - advanced_pipeline - INFO -   Âge du modèle: 0 jours
2025-12-22 22:09:32 - advanced_pipeline - INFO -   Qualité modèle: Faible
2025-12-22 22:09:32 - advanced_pipeline - INFO -   Dérive détectée: Oui
2025-12-22 22:09:32 - advanced_pipeline - INFO -   Couverture: Bonne
2025-12-22 22:09:32 - advanced_pipeline - INFO - APPLICATION MODÈLE EXISTANT
2025-12-22 22:09:32 - advanced_pipeline - INFO - Étape 4: Scoring clients
2025-12-22 22:09:32 - advanced_pipeline - INFO - Scoring terminé: (200, 58)
2025-12-22 22:09:32 - advanced_pipeline - INFO - === PIPELINE TERMINÉ AVEC SUCCÈS ===
2025-12-22 22:09:32 - advanced_pipeline - INFO - AdvancedPipeline initialisé - Mode: dev, Clustering: stratifie
2025-12-22 22:09:32 - advanced_pipeline - INFO - Force retrain: True
2025-12-22 22:09:32 - advanced_pipeline - INFO - Étape 1: Extraction données
2025-12-22 22:09:32 - advanced_pipeline - INFO - Données extraites: (2000, 19)
2025-12-22 22:09:32 - advanced_pipeline - INFO - Étape 2: Optimisation dimensions
2025-12-22 22:09:32 - advanced_pipeline - INFO - Dimensions optimisées: (2000, 9)
2025-12-22 22:09:32 - advanced_pipeline - INFO - === CLUSTERING AVEC GESTION MODÈLES ===
2025-12-22 22:09:32 - advanced_pipeline - INFO - RECALCUL FORCÉ - Entraînement nouveau modèle
2025-12-22 22:09:33 - advanced_pipeline - INFO - Étape 4: Scoring clients
2025-12-22 22:09:33 - advanced_pipeline - INFO - Scoring terminé: (2000, 58)
2025-12-22 22:09:33 - advanced_pipeline - INFO - AdvancedPipeline initialisé - Mode: dev, Clustering: stratifie
2025-12-22 22:09:33 - advanced_pipeline - INFO - Force retrain: True
2025-12-22 22:09:33 - advanced_pipeline - INFO - === DÉMARRAGE PIPELINE AVANCÉ ===
2025-12-22 22:09:33 - advanced_pipeline - INFO - Étape 1: Extraction données
2025-12-22 22:09:33 - advanced_pipeline - INFO - Données extraites: (2000, 19)
2025-12-22 22:09:33 - advanced_pipeline - INFO - Étape 2: Optimisation dimensions
2025-12-22 22:09:33 - advanced_pipeline - INFO - Dimensions optimisées: (2000, 9)
2025-12-22 22:09:33 - advanced_pipeline - INFO - === CLUSTERING AVEC GESTION MODÈLES ===
2025-12-22 22:09:33 - advanced_pipeline - INFO - RECALCUL FORCÉ - Entraînement nouveau modèle
2025-12-22 22:09:34 - advanced_pipeline - INFO - Étape 4: Scoring clients
2025-12-22 22:09:34 - advanced_pipeline - INFO - Scoring terminé: (2000, 58)
2025-12-22 22:09:34 - advanced_pipeline - INFO - Résultats sauvegardés dans: /var/folders/0m/c5clbvqd31s3ynlm0xf7lccw0000gn/T/tmpwm1s6738/models/pipeline_output/20251222_220933
2025-12-22 22:09:34 - advanced_pipeline - INFO - === PIPELINE TERMINÉ AVEC SUCCÈS ===
2025-12-22 22:09:34 - advanced_pipeline - INFO - AdvancedPipeline initialisé - Mode: dev, Clustering: stratifie
2025-12-22 22:09:34 - advanced_pipeline - INFO - Force retrain: True
2025-12-22 22:09:34 - advanced_pipeline - INFO - === DÉMARRAGE PIPELINE AVANCÉ ===
2025-12-22 22:09:34 - advanced_pipeline - INFO - Étape 1: Extraction données
2025-12-22 22:09:34 - advanced_pipeline - INFO - Données extraites: (2000, 19)
2025-12-22 22:09:34 - advanced_pipeline - INFO - Étape 2: Optimisation dimensions
2025-12-22 22:09:34 - advanced_pipeline - INFO - Dimensions optimisées: (2000, 9)
2025-12-22 22:09:34 - advanced_pipeline - INFO - === CLUSTERING AVEC GESTION MODÈLES ===
2025-12-22 22:09:34 - advanced_pipeline - INFO - RECALCUL FORCÉ - Entraînement nouveau modèle
2025-12-22 22:09:35 - advanced_pipeline - INFO - Étape 4: Scoring clients
2025-12-22 22:09:35 - advanced_pipeline - INFO - Scoring terminé: (2000, 58)
2025-12-22 22:09:35 - advanced_pipeline - INFO - Résultats sauvegardés dans: /var/folders/0m/c5clbvqd31s3ynlm0xf7lccw0000gn/T/tmpwm1s6738/models/pipeline_output/20251222_220934
2025-12-22 22:09:35 - advanced_pipeline - INFO - === PIPELINE TERMINÉ AVEC SUCCÈS ===
2025-12-22 22:09:35 - advanced_pipeline - INFO - AdvancedPipeline initialisé - Mode: dev, Clustering: stratifie
2025-12-22 22:09:35 - advanced_pipeline - INFO - Force retrain: True
2025-12-22 22:09:35 - advanced_pipeline - INFO - === DÉMARRAGE PIPELINE AVANCÉ ===
2025-12-22 22:09:35 - advanced_pipeline - INFO - Étape 1: Extraction données
2025-12-22 22:09:35 - advanced_pipeline - INFO - Données extraites: (2000, 19)
2025-12-22 22:09:35 - advanced_pipeline - INFO - Étape 2: Optimisation dimensions
2025-12-22 22:09:35 - advanced_pipeline - INFO - Dimensions optimisées: (2000, 9)
2025-12-22 22:09:35 - advanced_pipeline - INFO - === CLUSTERING AVEC GESTION MODÈLES ===
2025-12-22 22:09:35 - advanced_pipeline - INFO - RECALCUL FORCÉ - Entraînement nouveau modèle
2025-12-22 22:09:35 - advanced_pipeline - INFO - Étape 4: Scoring clients
2025-12-22 22:09:35 - advanced_pipeline - INFO - Scoring terminé: (2000, 58)
2025-12-22 22:09:36 - advanced_pipeline - INFO - Résultats sauvegardés dans: /var/folders/0m/c5clbvqd31s3ynlm0xf7lccw0000gn/T/tmpwm1s6738/models/pipeline_output/20251222_220935
2025-12-22 22:09:36 - advanced_pipeline - INFO - === PIPELINE TERMINÉ AVEC SUCCÈS ===
2025-12-22 22:09:36 - advanced_pipeline - INFO - AdvancedPipeline initialisé - Mode: dev, Clustering: stratifie
2025-12-22 22:09:36 - advanced_pipeline - INFO - Force retrain: False
2025-12-22 22:09:36 - advanced_pipeline - INFO - === DÉMARRAGE PIPELINE AVANCÉ ===
2025-12-22 22:09:36 - advanced_pipeline - INFO - Étape 1: Extraction données
2025-12-22 22:09:36 - advanced_pipeline - INFO - Données extraites: (2000, 19)
2025-12-22 22:09:36 - advanced_pipeline - INFO - Étape 2: Optimisation dimensions
2025-12-22 22:09:36 - advanced_pipeline - INFO - Dimensions optimisées: (2000, 9)
2025-12-22 22:09:36 - advanced_pipeline - INFO - === CLUSTERING AVEC GESTION MODÈLES ===
2025-12-22 22:09:36 - advanced_pipeline - INFO - Modèle existant trouvé: /var/folders/0m/c5clbvqd31s3ynlm0xf7lccw0000gn/T/tmpwm1s6738/models/age_clustering_20251222_220935.pkl
2025-12-22 22:09:36 - advanced_pipeline - INFO - === MÉTRIQUES DÉTAILLÉES DU MODÈLE ===
2025-12-22 22:09:36 - advanced_pipeline - INFO - 📊 MODÈLE EXISTANT:
2025-12-22 22:09:36 - advanced_pipeline - INFO -   Version: 20251222_220935
2025-12-22 22:09:36 - advanced_pipeline - INFO -   Date entraînement: 2025-12-22T22:09:35.826390
2025-12-22 22:09:36 - advanced_pipeline - INFO -   Échantillons entraînement: 2,000
2025-12-22 22:09:36 - advanced_pipeline - INFO -   Features entraînement: 7
2025-12-22 22:09:36 - advanced_pipeline - INFO -   Silhouette moyenne: 0.000
2025-12-22 22:09:36 - advanced_pipeline - INFO -   Min/Max silhouette: 0.000 / 0.000
2025-12-22 22:09:36 - advanced_pipeline - INFO -   Clusters créés: 10
2025-12-22 22:09:36 - advanced_pipeline - INFO -   Strates viables: 10
2025-12-22 22:09:36 - advanced_pipeline - INFO -   Strates cluster unique: 10
2025-12-22 22:09:36 - advanced_pipeline - INFO - 👥 PROFIL DÉMOGRAPHIQUE MODÈLE:
2025-12-22 22:09:36 - advanced_pipeline - INFO -   Âge moyen entraînement: 45.3 ± 14.3
2025-12-22 22:09:36 - advanced_pipeline - INFO -   Âge min/max entraînement: 18 / 85
2025-12-22 22:09:36 - advanced_pipeline - INFO - 📈 NOUVELLES DONNÉES:
2025-12-22 22:09:36 - advanced_pipeline - INFO -   Échantillons actuels: 2,000
2025-12-22 22:09:36 - advanced_pipeline - INFO -   Features actuelles: 8
2025-12-22 22:09:36 - advanced_pipeline - INFO -   Âge moyen actuel: 45.3 ± 14.3
2025-12-22 22:09:36 - advanced_pipeline - INFO -   Âge min/max actuel: 18 / 85
2025-12-22 22:09:36 - advanced_pipeline - INFO - ⚖️  COMPARAISON MODÈLE vs NOUVELLES DONNÉES:
2025-12-22 22:09:36 - advanced_pipeline - INFO -   Dérive âge moyen: 0.0 ans
2025-12-22 22:09:36 - advanced_pipeline - INFO -   Dérive écart-type âge: 0.0
2025-12-22 22:09:36 - advanced_pipeline - INFO -   Ratio volume: 1.00x (2,000 vs 2,000)
2025-12-22 22:09:36 - advanced_pipeline - INFO - 🧪 TEST APPLICATION MODÈLE:
2025-12-22 22:09:36 - advanced_pipeline - INFO -   Échantillon testé: 1,000
2025-12-22 22:09:36 - advanced_pipeline - INFO -   Clients clusterisés: 1,000 (100.0%)
2025-12-22 22:09:36 - advanced_pipeline - INFO -   Clients non-clusterisés: 0 (0.0%)
2025-12-22 22:09:36 - advanced_pipeline - INFO -   Strates actives: 10
2025-12-22 22:09:36 - advanced_pipeline - INFO -     - 43-47: 145 clients
2025-12-22 22:09:36 - advanced_pipeline - INFO -     - 48-52: 138 clients
2025-12-22 22:09:36 - advanced_pipeline - INFO -     - 63+: 121 clients
2025-12-22 22:09:36 - advanced_pipeline - INFO -     - 33-37: 119 clients
2025-12-22 22:09:36 - advanced_pipeline - INFO -     - 38-42: 108 clients
2025-12-22 22:09:36 - advanced_pipeline - INFO - 🚨 SIGNAUX POUR DÉCISION MANUELLE:
2025-12-22 22:09:36 - advanced_pipeline - WARNING -   ⚠️  ALERTES DÉTECTÉES:
2025-12-22 22:09:36 - advanced_pipeline - WARNING -       QUALITÉ MODÈLE FAIBLE - Silhouette 0.000
2025-12-22 22:09:36 - advanced_pipeline - WARNING -       TROP DE CLUSTERS UNIQUES - 100.0% des strates
2025-12-22 22:09:36 - advanced_pipeline - WARNING -   💡 RECOMMANDATION: Considérer un recalcul avec force_retrain=True
2025-12-22 22:09:36 - advanced_pipeline - INFO - 📋 RÉSUMÉ DÉCISIONNEL:
2025-12-22 22:09:36 - advanced_pipeline - INFO -   Âge du modèle: 0 jours
2025-12-22 22:09:36 - advanced_pipeline - INFO -   Qualité modèle: Faible
2025-12-22 22:09:36 - advanced_pipeline - INFO -   Dérive détectée: Non
2025-12-22 22:09:36 - advanced_pipeline - INFO -   Couverture: Bonne
2025-12-22 22:09:36 - advanced_pipeline - INFO - APPLICATION MODÈLE EXISTANT
2025-12-22 22:09:36 - advanced_pipeline - INFO - Étape 4: Scoring clients
2025-12-22 22:09:36 - advanced_pipeline - INFO - Scoring terminé: (2000, 58)
2025-12-22 22:09:36 - advanced_pipeline - INFO - Résultats sauvegardés dans: /var/folders/0m/c5clbvqd31s3ynlm0xf7lccw0000gn/T/tmpwm1s6738/models/pipeline_output/20251222_220936
2025-12-22 22:09:36 - advanced_pipeline - INFO - === PIPELINE TERMINÉ AVEC SUCCÈS ===
2025-12-22 22:09:36 - advanced_pipeline - INFO - AdvancedPipeline initialisé - Mode: dev, Clustering: stratifie
2025-12-22 22:09:36 - advanced_pipeline - INFO - Force retrain: True
2025-12-22 22:09:36 - advanced_pipeline - INFO - === DÉMARRAGE PIPELINE AVANCÉ ===
2025-12-22 22:09:36 - advanced_pipeline - INFO - Étape 1: Extraction données
2025-12-22 22:09:36 - advanced_pipeline - INFO - Données extraites: (1000, 19)
2025-12-22 22:09:36 - advanced_pipeline - INFO - Étape 2: Optimisation dimensions
2025-12-22 22:09:36 - advanced_pipeline - INFO - Dimensions optimisées: (1000, 9)
2025-12-22 22:09:36 - advanced_pipeline - INFO - === CLUSTERING AVEC GESTION MODÈLES ===
2025-12-22 22:09:36 - advanced_pipeline - INFO - RECALCUL FORCÉ - Entraînement nouveau modèle
2025-12-22 22:09:36 - advanced_pipeline - INFO - Étape 4: Scoring clients
2025-12-22 22:09:36 - advanced_pipeline - INFO - Scoring terminé: (1000, 58)
2025-12-22 22:09:36 - advanced_pipeline - INFO - Résultats sauvegardés dans: /var/folders/0m/c5clbvqd31s3ynlm0xf7lccw0000gn/T/tmp461wtcks/models/pipeline_output/20251222_220936
2025-12-22 22:09:36 - advanced_pipeline - INFO - === PIPELINE TERMINÉ AVEC SUCCÈS ===
2025-12-22 22:09:36 - advanced_pipeline - INFO - AdvancedPipeline initialisé - Mode: dev, Clustering: stratifie
2025-12-22 22:09:36 - advanced_pipeline - INFO - Force retrain: False
2025-12-22 22:09:36 - advanced_pipeline - INFO - AdvancedPipeline initialisé - Mode: dev, Clustering: stratifie
2025-12-22 22:09:36 - advanced_pipeline - INFO - Force retrain: True
2025-12-22 22:09:36 - advanced_pipeline - INFO - === DÉMARRAGE PIPELINE AVANCÉ ===
2025-12-22 22:09:36 - advanced_pipeline - INFO - Étape 1: Extraction données
2025-12-22 22:09:36 - advanced_pipeline - INFO - Données extraites: (1000, 19)
2025-12-22 22:09:36 - advanced_pipeline - INFO - Étape 2: Optimisation dimensions
2025-12-22 22:09:36 - advanced_pipeline - INFO - Dimensions optimisées: (1000, 9)
2025-12-22 22:09:36 - advanced_pipeline - INFO - === CLUSTERING AVEC GESTION MODÈLES ===
2025-12-22 22:09:36 - advanced_pipeline - INFO - RECALCUL FORCÉ - Entraînement nouveau modèle
2025-12-22 22:09:37 - advanced_pipeline - INFO - Étape 4: Scoring clients
2025-12-22 22:09:37 - advanced_pipeline - INFO - Scoring terminé: (1000, 58)
2025-12-22 22:09:37 - advanced_pipeline - INFO - Résultats sauvegardés dans: /var/folders/0m/c5clbvqd31s3ynlm0xf7lccw0000gn/T/tmp461wtcks/models/pipeline_output/20251222_220936
2025-12-22 22:09:37 - advanced_pipeline - INFO - === PIPELINE TERMINÉ AVEC SUCCÈS ===
2025-12-22 22:09:37 - advanced_pipeline - INFO - AdvancedPipeline initialisé - Mode: dev, Clustering: stratifie
2025-12-22 22:09:37 - advanced_pipeline - INFO - Force retrain: True
2025-12-22 22:09:37 - advanced_pipeline - INFO - === DÉMARRAGE PIPELINE AVANCÉ ===
2025-12-22 22:09:37 - advanced_pipeline - INFO - Étape 1: Extraction données
2025-12-22 22:09:37 - advanced_pipeline - INFO - Données extraites: (1000, 19)
2025-12-22 22:09:37 - advanced_pipeline - INFO - Étape 2: Optimisation dimensions
2025-12-22 22:09:37 - advanced_pipeline - INFO - Dimensions optimisées: (1000, 9)
2025-12-22 22:09:37 - advanced_pipeline - INFO - === CLUSTERING AVEC GESTION MODÈLES ===
2025-12-22 22:09:37 - advanced_pipeline - INFO - RECALCUL FORCÉ - Entraînement nouveau modèle
2025-12-22 22:09:38 - advanced_pipeline - INFO - Étape 4: Scoring clients
2025-12-22 22:09:38 - advanced_pipeline - INFO - Scoring terminé: (1000, 58)
2025-12-22 22:09:38 - advanced_pipeline - INFO - Résultats sauvegardés dans: /var/folders/0m/c5clbvqd31s3ynlm0xf7lccw0000gn/T/tmprw8sgpjx/models/pipeline_output/20251222_220937
2025-12-22 22:09:38 - advanced_pipeline - INFO - === PIPELINE TERMINÉ AVEC SUCCÈS ===
2025-12-22 22:09:38 - advanced_pipeline - INFO - AdvancedPipeline initialisé - Mode: dev, Clustering: global
2025-12-22 22:09:38 - advanced_pipeline - INFO - Force retrain: True
2025-12-22 22:09:38 - advanced_pipeline - INFO - === DÉMARRAGE PIPELINE AVANCÉ ===
2025-12-22 22:09:38 - advanced_pipeline - INFO - Étape 1: Extraction données
2025-12-22 22:09:38 - advanced_pipeline - INFO - Données extraites: (1000, 19)
2025-12-22 22:09:38 - advanced_pipeline - INFO - Étape 2: Optimisation dimensions
2025-12-22 22:09:38 - advanced_pipeline - INFO - Dimensions optimisées: (1000, 12)
2025-12-22 22:09:38 - advanced_pipeline - INFO - === CLUSTERING AVEC GESTION MODÈLES ===
2025-12-22 22:09:38 - advanced_pipeline - INFO - RECALCUL FORCÉ - Entraînement nouveau modèle
2025-12-22 22:09:38 - advanced_pipeline - ERROR - ERREUR PIPELINE: Colonne 'AGE' manquante
2025-12-22 22:09:38 - advanced_pipeline - INFO - AdvancedPipeline initialisé - Mode: test, Clustering: stratifie
2025-12-22 22:09:38 - advanced_pipeline - INFO - Force retrain: True
2025-12-22 22:09:38 - advanced_pipeline - INFO - === DÉMARRAGE PIPELINE AVANCÉ ===
2025-12-22 22:09:38 - advanced_pipeline - INFO - Étape 1: Extraction données
2025-12-22 22:09:38 - advanced_pipeline - INFO - Données extraites: (400, 19)
2025-12-22 22:09:38 - advanced_pipeline - INFO - Étape 2: Optimisation dimensions
2025-12-22 22:09:38 - advanced_pipeline - INFO - Dimensions optimisées: (400, 9)
2025-12-22 22:09:38 - advanced_pipeline - INFO - === CLUSTERING AVEC GESTION MODÈLES ===
2025-12-22 22:09:38 - advanced_pipeline - INFO - RECALCUL FORCÉ - Entraînement nouveau modèle
2025-12-22 22:09:38 - advanced_pipeline - INFO - Étape 4: Scoring clients
2025-12-22 22:09:38 - advanced_pipeline - INFO - Scoring terminé: (400, 58)
2025-12-22 22:09:38 - advanced_pipeline - INFO - === PIPELINE TERMINÉ AVEC SUCCÈS ===
2025-12-22 22:09:50 - advanced_pipeline - INFO - Logger advanced_pipeline configuré - Fichier: /Users/taieb/Documents/GITHUB REPO/ML_banking_segmentation/logs/advanced_pipeline_20251222.log
2025-12-22 22:09:50 - advanced_pipeline - INFO - AdvancedPipeline initialisé - Mode: dev, Clustering: stratifie
2025-12-22 22:09:50 - advanced_pipeline - INFO - Force retrain: True
2025-12-22 22:09:50 - advanced_pipeline - INFO - === DÉMARRAGE PIPELINE AVANCÉ ===
2025-12-22 22:09:50 - advanced_pipeline - INFO - Étape 1: Extraction données
2025-12-22 22:09:50 - advanced_pipeline - INFO - Données extraites: (1000, 19)
2025-12-22 22:09:50 - advanced_pipeline - INFO - Étape 2: Optimisation dimensions
2025-12-22 22:09:50 - advanced_pipeline - INFO - Dimensions optimisées: (1000, 9)
2025-12-22 22:09:50 - advanced_pipeline - INFO - === CLUSTERING AVEC GESTION MODÈLES ===
2025-12-22 22:09:50 - advanced_pipeline - INFO - RECALCUL FORCÉ - Entraînement nouveau modèle
2025-12-22 22:09:51 - advanced_pipeline - INFO - Étape 4: Scoring clients
2025-12-22 22:09:51 - advanced_pipeline - INFO - Scoring terminé: (1000, 58)
2025-12-22 22:09:51 - advanced_pipeline - INFO - Résultats sauvegardés dans: /var/folders/0m/c5clbvqd31s3ynlm0xf7lccw0000gn/T/tmpw7wetfte/models/pipeline_output/20251222_220950
2025-12-22 22:09:51 - advanced_pipeline - INFO - === PIPELINE TERMINÉ AVEC SUCCÈS ===
2025-12-22 22:09:51 - advanced_pipeline - INFO - AdvancedPipeline initialisé - Mode: dev, Clustering: global
2025-12-22 22:09:51 - advanced_pipeline - INFO - Force retrain: True
2025-12-22 22:09:51 - advanced_pipeline - INFO - === DÉMARRAGE PIPELINE AVANCÉ ===
2025-12-22 22:09:51 - advanced_pipeline - INFO - Étape 1: Extraction données
2025-12-22 22:09:51 - advanced_pipeline - INFO - Données extraites: (1000, 19)
2025-12-22 22:09:51 - advanced_pipeline - INFO - Étape 2: Optimisation dimensions
2025-12-22 22:09:51 - advanced_pipeline - INFO - Dimensions optimisées: (1000, 12)
2025-12-22 22:09:51 - advanced_pipeline - INFO - === CLUSTERING AVEC GESTION MODÈLES ===
2025-12-22 22:09:51 - advanced_pipeline - INFO - RECALCUL FORCÉ - Entraînement nouveau modèle
2025-12-22 22:09:51 - advanced_pipeline - ERROR - ERREUR PIPELINE: Colonne 'AGE' manquante
2025-12-22 22:10:01 - advanced_pipeline - INFO - Logger advanced_pipeline configuré - Fichier: /Users/taieb/Documents/GITHUB REPO/ML_banking_segmentation/logs/advanced_pipeline_20251222.log
2025-12-22 22:10:01 - advanced_pipeline - INFO - AdvancedPipeline initialisé - Mode: dev, Clustering: stratifie
2025-12-22 22:10:01 - advanced_pipeline - INFO - Force retrain: True
2025-12-22 22:10:01 - advanced_pipeline - INFO - === DÉMARRAGE PIPELINE AVANCÉ ===
2025-12-22 22:10:01 - advanced_pipeline - INFO - Étape 1: Extraction données
2025-12-22 22:10:01 - advanced_pipeline - INFO - Données extraites: (1000, 19)
2025-12-22 22:10:01 - advanced_pipeline - INFO - Étape 2: Optimisation dimensions
2025-12-22 22:10:01 - advanced_pipeline - INFO - Dimensions optimisées: (1000, 9)
2025-12-22 22:10:01 - advanced_pipeline - INFO - === CLUSTERING AVEC GESTION MODÈLES ===
2025-12-22 22:10:01 - advanced_pipeline - INFO - RECALCUL FORCÉ - Entraînement nouveau modèle
2025-12-22 22:10:02 - advanced_pipeline - INFO - Étape 4: Scoring clients
2025-12-22 22:10:02 - advanced_pipeline - INFO - Scoring terminé: (1000, 58)
2025-12-22 22:10:02 - advanced_pipeline - INFO - Résultats sauvegardés dans: /var/folders/0m/c5clbvqd31s3ynlm0xf7lccw0000gn/T/tmpbn731ppn/models/pipeline_output/20251222_221001
2025-12-22 22:10:02 - advanced_pipeline - INFO - === PIPELINE TERMINÉ AVEC SUCCÈS ===
2025-12-22 22:10:02 - advanced_pipeline - INFO - AdvancedPipeline initialisé - Mode: dev, Clustering: global
2025-12-22 22:10:02 - advanced_pipeline - INFO - Force retrain: True
2025-12-22 22:10:02 - advanced_pipeline - INFO - === DÉMARRAGE PIPELINE AVANCÉ ===
2025-12-22 22:10:02 - advanced_pipeline - INFO - Étape 1: Extraction données
2025-12-22 22:10:02 - advanced_pipeline - INFO - Données extraites: (1000, 19)
2025-12-22 22:10:02 - advanced_pipeline - INFO - Étape 2: Optimisation dimensions
2025-12-22 22:10:02 - advanced_pipeline - INFO - Dimensions optimisées: (1000, 12)
2025-12-22 22:10:02 - advanced_pipeline - INFO - === CLUSTERING AVEC GESTION MODÈLES ===
2025-12-22 22:10:02 - advanced_pipeline - INFO - RECALCUL FORCÉ - Entraînement nouveau modèle
2025-12-22 22:10:02 - advanced_pipeline - ERROR - ERREUR PIPELINE: Colonne 'AGE' manquante
2025-12-22 22:10:24 - advanced_pipeline - INFO - Logger advanced_pipeline configuré - Fichier: /Users/taieb/Documents/GITHUB REPO/ML_banking_segmentation/logs/advanced_pipeline_20251222.log
2025-12-22 22:10:24 - advanced_pipeline - INFO - AdvancedPipeline initialisé - Mode: dev, Clustering: stratifie
2025-12-22 22:10:24 - advanced_pipeline - INFO - Force retrain: True
2025-12-22 22:10:24 - advanced_pipeline - INFO - === DÉMARRAGE PIPELINE AVANCÉ ===
2025-12-22 22:10:24 - advanced_pipeline - INFO - Étape 1: Extraction données
2025-12-22 22:10:24 - advanced_pipeline - INFO - Données extraites: (2000, 19)
2025-12-22 22:10:24 - advanced_pipeline - INFO - Étape 2: Optimisation dimensions
2025-12-22 22:10:24 - advanced_pipeline - INFO - Dimensions optimisées: (2000, 9)
2025-12-22 22:10:24 - advanced_pipeline - INFO - === CLUSTERING AVEC GESTION MODÈLES ===
2025-12-22 22:10:24 - advanced_pipeline - INFO - RECALCUL FORCÉ - Entraînement nouveau modèle
2025-12-22 22:10:25 - advanced_pipeline - INFO - Étape 4: Scoring clients
2025-12-22 22:10:25 - advanced_pipeline - INFO - Scoring terminé: (2000, 58)
2025-12-22 22:10:25 - advanced_pipeline - INFO - Résultats sauvegardés dans: /var/folders/0m/c5clbvqd31s3ynlm0xf7lccw0000gn/T/tmpvkmvt97g/models/pipeline_output/20251222_221024
2025-12-22 22:10:25 - advanced_pipeline - INFO - === PIPELINE TERMINÉ AVEC SUCCÈS ===
2025-12-22 22:10:25 - advanced_pipeline - INFO - AdvancedPipeline initialisé - Mode: dev, Clustering: stratifie
2025-12-22 22:10:25 - advanced_pipeline - INFO - Force retrain: True
2025-12-22 22:10:25 - advanced_pipeline - INFO - Étape 1: Extraction données
2025-12-22 22:10:25 - advanced_pipeline - INFO - Données extraites: (2000, 19)
2025-12-22 22:10:25 - advanced_pipeline - INFO - Étape 2: Optimisation dimensions
2025-12-22 22:10:25 - advanced_pipeline - INFO - Dimensions optimisées: (2000, 9)
2025-12-22 22:10:25 - advanced_pipeline - INFO - === CLUSTERING AVEC GESTION MODÈLES ===
2025-12-22 22:10:25 - advanced_pipeline - INFO - RECALCUL FORCÉ - Entraînement nouveau modèle
2025-12-22 22:10:26 - advanced_pipeline - INFO - AdvancedPipeline initialisé - Mode: dev, Clustering: stratifie
2025-12-22 22:10:26 - advanced_pipeline - INFO - Force retrain: False
2025-12-22 22:10:26 - advanced_pipeline - INFO - Étape 1: Extraction données
2025-12-22 22:10:26 - advanced_pipeline - INFO - Données extraites: (2000, 19)
2025-12-22 22:10:26 - advanced_pipeline - INFO - AdvancedPipeline initialisé - Mode: dev, Clustering: stratifie
2025-12-22 22:10:26 - advanced_pipeline - INFO - Force retrain: False
2025-12-22 22:10:26 - advanced_pipeline - INFO - AdvancedPipeline initialisé - Mode: dev, Clustering: stratifie
2025-12-22 22:10:26 - advanced_pipeline - INFO - Force retrain: True
2025-12-22 22:10:26 - advanced_pipeline - INFO - === DÉMARRAGE PIPELINE AVANCÉ ===
2025-12-22 22:10:26 - advanced_pipeline - INFO - Étape 1: Extraction données
2025-12-22 22:10:26 - advanced_pipeline - INFO - Données extraites: (2000, 19)
2025-12-22 22:10:26 - advanced_pipeline - INFO - Étape 2: Optimisation dimensions
2025-12-22 22:10:26 - advanced_pipeline - INFO - Dimensions optimisées: (2000, 9)
2025-12-22 22:10:26 - advanced_pipeline - INFO - === CLUSTERING AVEC GESTION MODÈLES ===
2025-12-22 22:10:26 - advanced_pipeline - INFO - RECALCUL FORCÉ - Entraînement nouveau modèle
2025-12-22 22:10:26 - advanced_pipeline - INFO - Étape 4: Scoring clients
2025-12-22 22:10:26 - advanced_pipeline - INFO - Scoring terminé: (2000, 58)
2025-12-22 22:10:26 - advanced_pipeline - INFO - Résultats sauvegardés dans: /var/folders/0m/c5clbvqd31s3ynlm0xf7lccw0000gn/T/tmpvkmvt97g/models/pipeline_output/20251222_221026
2025-12-22 22:10:26 - advanced_pipeline - INFO - === PIPELINE TERMINÉ AVEC SUCCÈS ===
2025-12-22 22:10:26 - advanced_pipeline - INFO - AdvancedPipeline initialisé - Mode: dev, Clustering: stratifie
2025-12-22 22:10:26 - advanced_pipeline - INFO - Force retrain: False
2025-12-22 22:10:26 - advanced_pipeline - INFO - AdvancedPipeline initialisé - Mode: test, Clustering: stratifie
2025-12-22 22:10:26 - advanced_pipeline - INFO - Force retrain: False
2025-12-22 22:10:26 - advanced_pipeline - INFO - AdvancedPipeline initialisé - Mode: prod, Clustering: stratifie
2025-12-22 22:10:26 - advanced_pipeline - INFO - Force retrain: False
2025-12-22 22:10:26 - advanced_pipeline - INFO - AdvancedPipeline initialisé - Mode: dev, Clustering: stratifie
2025-12-22 22:10:26 - advanced_pipeline - INFO - Force retrain: False
2025-12-22 22:10:26 - advanced_pipeline - INFO - Étape 1: Extraction données
2025-12-22 22:10:26 - advanced_pipeline - INFO - Données extraites: (2000, 19)
2025-12-22 22:10:26 - advanced_pipeline - INFO - Étape 2: Optimisation dimensions
2025-12-22 22:10:26 - advanced_pipeline - INFO - Dimensions optimisées: (2000, 9)
2025-12-22 22:10:26 - advanced_pipeline - INFO - AdvancedPipeline initialisé - Mode: dev, Clustering: stratifie
2025-12-22 22:10:26 - advanced_pipeline - INFO - Force retrain: False
2025-12-22 22:10:26 - advanced_pipeline - INFO - === DÉMARRAGE PIPELINE AVANCÉ ===
2025-12-22 22:10:26 - advanced_pipeline - INFO - Étape 1: Extraction données
2025-12-22 22:10:26 - advanced_pipeline - INFO - Données extraites: (2000, 19)
2025-12-22 22:10:26 - advanced_pipeline - INFO - Étape 2: Optimisation dimensions
2025-12-22 22:10:26 - advanced_pipeline - INFO - Dimensions optimisées: (2000, 9)
2025-12-22 22:10:26 - advanced_pipeline - INFO - === CLUSTERING AVEC GESTION MODÈLES ===
2025-12-22 22:10:26 - advanced_pipeline - INFO - Modèle existant trouvé: /var/folders/0m/c5clbvqd31s3ynlm0xf7lccw0000gn/T/tmpvkmvt97g/models/age_clustering_20251222_221026.pkl
2025-12-22 22:10:26 - advanced_pipeline - INFO - === MÉTRIQUES DÉTAILLÉES DU MODÈLE ===
2025-12-22 22:10:26 - advanced_pipeline - INFO - 📊 MODÈLE EXISTANT:
2025-12-22 22:10:26 - advanced_pipeline - INFO -   Version: 20251222_221026
2025-12-22 22:10:26 - advanced_pipeline - INFO -   Date entraînement: 2025-12-22T22:10:26.648124
2025-12-22 22:10:26 - advanced_pipeline - INFO -   Échantillons entraînement: 2,000
2025-12-22 22:10:26 - advanced_pipeline - INFO -   Features entraînement: 7
2025-12-22 22:10:26 - advanced_pipeline - INFO -   Silhouette moyenne: 0.000
2025-12-22 22:10:26 - advanced_pipeline - INFO -   Min/Max silhouette: 0.000 / 0.000
2025-12-22 22:10:26 - advanced_pipeline - INFO -   Clusters créés: 10
2025-12-22 22:10:26 - advanced_pipeline - INFO -   Strates viables: 10
2025-12-22 22:10:26 - advanced_pipeline - INFO -   Strates cluster unique: 10
2025-12-22 22:10:26 - advanced_pipeline - INFO - 👥 PROFIL DÉMOGRAPHIQUE MODÈLE:
2025-12-22 22:10:26 - advanced_pipeline - INFO -   Âge moyen entraînement: 45.3 ± 14.3
2025-12-22 22:10:26 - advanced_pipeline - INFO -   Âge min/max entraînement: 18 / 85
2025-12-22 22:10:26 - advanced_pipeline - INFO - 📈 NOUVELLES DONNÉES:
2025-12-22 22:10:26 - advanced_pipeline - INFO -   Échantillons actuels: 2,000
2025-12-22 22:10:26 - advanced_pipeline - INFO -   Features actuelles: 8
2025-12-22 22:10:26 - advanced_pipeline - INFO -   Âge moyen actuel: 45.3 ± 14.3
2025-12-22 22:10:26 - advanced_pipeline - INFO -   Âge min/max actuel: 18 / 85
2025-12-22 22:10:26 - advanced_pipeline - INFO - ⚖️  COMPARAISON MODÈLE vs NOUVELLES DONNÉES:
2025-12-22 22:10:26 - advanced_pipeline - INFO -   Dérive âge moyen: 0.0 ans
2025-12-22 22:10:26 - advanced_pipeline - INFO -   Dérive écart-type âge: 0.0
2025-12-22 22:10:26 - advanced_pipeline - INFO -   Ratio volume: 1.00x (2,000 vs 2,000)
2025-12-22 22:10:26 - advanced_pipeline - INFO - 🧪 TEST APPLICATION MODÈLE:
2025-12-22 22:10:26 - advanced_pipeline - INFO -   Échantillon testé: 1,000
2025-12-22 22:10:26 - advanced_pipeline - INFO -   Clients clusterisés: 1,000 (100.0%)
2025-12-22 22:10:26 - advanced_pipeline - INFO -   Clients non-clusterisés: 0 (0.0%)
2025-12-22 22:10:26 - advanced_pipeline - INFO -   Strates actives: 10
2025-12-22 22:10:26 - advanced_pipeline - INFO -     - 43-47: 145 clients
2025-12-22 22:10:26 - advanced_pipeline - INFO -     - 48-52: 138 clients
2025-12-22 22:10:26 - advanced_pipeline - INFO -     - 63+: 121 clients
2025-12-22 22:10:26 - advanced_pipeline - INFO -     - 33-37: 119 clients
2025-12-22 22:10:26 - advanced_pipeline - INFO -     - 38-42: 108 clients
2025-12-22 22:10:26 - advanced_pipeline - INFO - 🚨 SIGNAUX POUR DÉCISION MANUELLE:
2025-12-22 22:10:26 - advanced_pipeline - WARNING -   ⚠️  ALERTES DÉTECTÉES:
2025-12-22 22:10:26 - advanced_pipeline - WARNING -       QUALITÉ MODÈLE FAIBLE - Silhouette 0.000
2025-12-22 22:10:26 - advanced_pipeline - WARNING -       TROP DE CLUSTERS UNIQUES - 100.0% des strates
2025-12-22 22:10:26 - advanced_pipeline - WARNING -   💡 RECOMMANDATION: Considérer un recalcul avec force_retrain=True
2025-12-22 22:10:26 - advanced_pipeline - INFO - 📋 RÉSUMÉ DÉCISIONNEL:
2025-12-22 22:10:26 - advanced_pipeline - INFO -   Âge du modèle: 0 jours
2025-12-22 22:10:26 - advanced_pipeline - INFO -   Qualité modèle: Faible
2025-12-22 22:10:26 - advanced_pipeline - INFO -   Dérive détectée: Non
2025-12-22 22:10:26 - advanced_pipeline - INFO -   Couverture: Bonne
2025-12-22 22:10:26 - advanced_pipeline - INFO - APPLICATION MODÈLE EXISTANT
2025-12-22 22:10:26 - advanced_pipeline - INFO - Étape 4: Scoring clients
2025-12-22 22:10:27 - advanced_pipeline - INFO - Scoring terminé: (2000, 58)
2025-12-22 22:10:27 - advanced_pipeline - INFO - Résultats sauvegardés dans: /var/folders/0m/c5clbvqd31s3ynlm0xf7lccw0000gn/T/tmpvkmvt97g/models/pipeline_output/20251222_221026
2025-12-22 22:10:27 - advanced_pipeline - INFO - === PIPELINE TERMINÉ AVEC SUCCÈS ===
2025-12-22 22:10:27 - advanced_pipeline - INFO - AdvancedPipeline initialisé - Mode: test, Clustering: stratifie
2025-12-22 22:10:27 - advanced_pipeline - INFO - Force retrain: False
2025-12-22 22:10:27 - advanced_pipeline - INFO - === DÉMARRAGE PIPELINE AVANCÉ ===
2025-12-22 22:10:27 - advanced_pipeline - INFO - Étape 1: Extraction données
2025-12-22 22:10:27 - advanced_pipeline - INFO - Données extraites: (200, 19)
2025-12-22 22:10:27 - advanced_pipeline - INFO - Étape 2: Optimisation dimensions
2025-12-22 22:10:27 - advanced_pipeline - INFO - Dimensions optimisées: (200, 9)
2025-12-22 22:10:27 - advanced_pipeline - INFO - === CLUSTERING AVEC GESTION MODÈLES ===
2025-12-22 22:10:27 - advanced_pipeline - INFO - Modèle existant trouvé: /var/folders/0m/c5clbvqd31s3ynlm0xf7lccw0000gn/T/tmpvkmvt97g/models/age_clustering_20251222_221026.pkl
2025-12-22 22:10:27 - advanced_pipeline - INFO - === MÉTRIQUES DÉTAILLÉES DU MODÈLE ===
2025-12-22 22:10:27 - advanced_pipeline - INFO - 📊 MODÈLE EXISTANT:
2025-12-22 22:10:27 - advanced_pipeline - INFO -   Version: 20251222_221026
2025-12-22 22:10:27 - advanced_pipeline - INFO -   Date entraînement: 2025-12-22T22:10:26.648124
2025-12-22 22:10:27 - advanced_pipeline - INFO -   Échantillons entraînement: 2,000
2025-12-22 22:10:27 - advanced_pipeline - INFO -   Features entraînement: 7
2025-12-22 22:10:27 - advanced_pipeline - INFO -   Silhouette moyenne: 0.000
2025-12-22 22:10:27 - advanced_pipeline - INFO -   Min/Max silhouette: 0.000 / 0.000
2025-12-22 22:10:27 - advanced_pipeline - INFO -   Clusters créés: 10
2025-12-22 22:10:27 - advanced_pipeline - INFO -   Strates viables: 10
2025-12-22 22:10:27 - advanced_pipeline - INFO -   Strates cluster unique: 10
2025-12-22 22:10:27 - advanced_pipeline - INFO - 👥 PROFIL DÉMOGRAPHIQUE MODÈLE:
2025-12-22 22:10:27 - advanced_pipeline - INFO -   Âge moyen entraînement: 45.3 ± 14.3
2025-12-22 22:10:27 - advanced_pipeline - INFO -   Âge min/max entraînement: 18 / 85
2025-12-22 22:10:27 - advanced_pipeline - INFO - 📈 NOUVELLES DONNÉES:
2025-12-22 22:10:27 - advanced_pipeline - INFO -   Échantillons actuels: 200
2025-12-22 22:10:27 - advanced_pipeline - INFO -   Features actuelles: 8
2025-12-22 22:10:27 - advanced_pipeline - INFO -   Âge moyen actuel: 46.6 ± 14.4
2025-12-22 22:10:27 - advanced_pipeline - INFO -   Âge min/max actuel: 18 / 85
2025-12-22 22:10:27 - advanced_pipeline - INFO - ⚖️  COMPARAISON MODÈLE vs NOUVELLES DONNÉES:
2025-12-22 22:10:27 - advanced_pipeline - INFO -   Dérive âge moyen: 1.2 ans
2025-12-22 22:10:27 - advanced_pipeline - INFO -   Dérive écart-type âge: 0.1
2025-12-22 22:10:27 - advanced_pipeline - INFO -   Ratio volume: 0.10x (200 vs 2,000)
2025-12-22 22:10:27 - advanced_pipeline - INFO - 🧪 TEST APPLICATION MODÈLE:
2025-12-22 22:10:27 - advanced_pipeline - INFO -   Échantillon testé: 200
2025-12-22 22:10:27 - advanced_pipeline - INFO -   Clients clusterisés: 200 (100.0%)
2025-12-22 22:10:27 - advanced_pipeline - INFO -   Clients non-clusterisés: 0 (0.0%)
2025-12-22 22:10:27 - advanced_pipeline - INFO -   Strates actives: 10
2025-12-22 22:10:27 - advanced_pipeline - INFO -     - 48-52: 33 clients
2025-12-22 22:10:27 - advanced_pipeline - INFO -     - 43-47: 30 clients
2025-12-22 22:10:27 - advanced_pipeline - INFO -     - 63+: 26 clients
2025-12-22 22:10:27 - advanced_pipeline - INFO -     - 33-37: 24 clients
2025-12-22 22:10:27 - advanced_pipeline - INFO -     - 38-42: 20 clients
2025-12-22 22:10:27 - advanced_pipeline - INFO - 🚨 SIGNAUX POUR DÉCISION MANUELLE:
2025-12-22 22:10:27 - advanced_pipeline - WARNING -   ⚠️  ALERTES DÉTECTÉES:
2025-12-22 22:10:27 - advanced_pipeline - WARNING -       CHANGEMENT VOLUME - Ratio 0.1x par rapport à l'entraînement
2025-12-22 22:10:27 - advanced_pipeline - WARNING -       QUALITÉ MODÈLE FAIBLE - Silhouette 0.000
2025-12-22 22:10:27 - advanced_pipeline - WARNING -       TROP DE CLUSTERS UNIQUES - 100.0% des strates
2025-12-22 22:10:27 - advanced_pipeline - WARNING -   💡 RECOMMANDATION: Considérer un recalcul avec force_retrain=True
2025-12-22 22:10:27 - advanced_pipeline - INFO - 📋 RÉSUMÉ DÉCISIONNEL:
2025-12-22 22:10:27 - advanced_pipeline - INFO -   Âge du modèle: 0 jours
2025-12-22 22:10:27 - advanced_pipeline - INFO -   Qualité modèle: Faible
2025-12-22 22:10:27 - advanced_pipeline - INFO -   Dérive détectée: Oui
2025-12-22 22:10:27 - advanced_pipeline - INFO -   Couverture: Bonne
2025-12-22 22:10:27 - advanced_pipeline - INFO - APPLICATION MODÈLE EXISTANT
2025-12-22 22:10:27 - advanced_pipeline - INFO - Étape 4: Scoring clients
2025-12-22 22:10:27 - advanced_pipeline - INFO - Scoring terminé: (200, 58)
2025-12-22 22:10:27 - advanced_pipeline - INFO - === PIPELINE TERMINÉ AVEC SUCCÈS ===
2025-12-22 22:10:27 - advanced_pipeline - INFO - AdvancedPipeline initialisé - Mode: dev, Clustering: stratifie
2025-12-22 22:10:27 - advanced_pipeline - INFO - Force retrain: True
2025-12-22 22:10:27 - advanced_pipeline - INFO - Étape 1: Extraction données
2025-12-22 22:10:27 - advanced_pipeline - INFO - Données extraites: (2000, 19)
2025-12-22 22:10:27 - advanced_pipeline - INFO - Étape 2: Optimisation dimensions
2025-12-22 22:10:27 - advanced_pipeline - INFO - Dimensions optimisées: (2000, 9)
2025-12-22 22:10:27 - advanced_pipeline - INFO - === CLUSTERING AVEC GESTION MODÈLES ===
2025-12-22 22:10:27 - advanced_pipeline - INFO - RECALCUL FORCÉ - Entraînement nouveau modèle
2025-12-22 22:10:27 - advanced_pipeline - INFO - Étape 4: Scoring clients
2025-12-22 22:10:27 - advanced_pipeline - INFO - Scoring terminé: (2000, 58)
2025-12-22 22:10:27 - advanced_pipeline - INFO - AdvancedPipeline initialisé - Mode: dev, Clustering: stratifie
2025-12-22 22:10:27 - advanced_pipeline - INFO - Force retrain: True
2025-12-22 22:10:27 - advanced_pipeline - INFO - === DÉMARRAGE PIPELINE AVANCÉ ===
2025-12-22 22:10:27 - advanced_pipeline - INFO - Étape 1: Extraction données
2025-12-22 22:10:27 - advanced_pipeline - INFO - Données extraites: (2000, 19)
2025-12-22 22:10:27 - advanced_pipeline - INFO - Étape 2: Optimisation dimensions
2025-12-22 22:10:27 - advanced_pipeline - INFO - Dimensions optimisées: (2000, 9)
2025-12-22 22:10:27 - advanced_pipeline - INFO - === CLUSTERING AVEC GESTION MODÈLES ===
2025-12-22 22:10:27 - advanced_pipeline - INFO - RECALCUL FORCÉ - Entraînement nouveau modèle
2025-12-22 22:10:28 - advanced_pipeline - INFO - Étape 4: Scoring clients
2025-12-22 22:10:28 - advanced_pipeline - INFO - Scoring terminé: (2000, 58)
2025-12-22 22:10:28 - advanced_pipeline - INFO - Résultats sauvegardés dans: /var/folders/0m/c5clbvqd31s3ynlm0xf7lccw0000gn/T/tmpvkmvt97g/models/pipeline_output/20251222_221027
2025-12-22 22:10:28 - advanced_pipeline - INFO - === PIPELINE TERMINÉ AVEC SUCCÈS ===
2025-12-22 22:10:28 - advanced_pipeline - INFO - AdvancedPipeline initialisé - Mode: dev, Clustering: stratifie
2025-12-22 22:10:28 - advanced_pipeline - INFO - Force retrain: True
2025-12-22 22:10:28 - advanced_pipeline - INFO - === DÉMARRAGE PIPELINE AVANCÉ ===
2025-12-22 22:10:28 - advanced_pipeline - INFO - Étape 1: Extraction données
2025-12-22 22:10:28 - advanced_pipeline - INFO - Données extraites: (2000, 19)
2025-12-22 22:10:28 - advanced_pipeline - INFO - Étape 2: Optimisation dimensions
2025-12-22 22:10:28 - advanced_pipeline - INFO - Dimensions optimisées: (2000, 9)
2025-12-22 22:10:28 - advanced_pipeline - INFO - === CLUSTERING AVEC GESTION MODÈLES ===
2025-12-22 22:10:28 - advanced_pipeline - INFO - RECALCUL FORCÉ - Entraînement nouveau modèle
2025-12-22 22:10:29 - advanced_pipeline - INFO - Étape 4: Scoring clients
2025-12-22 22:10:29 - advanced_pipeline - INFO - Scoring terminé: (2000, 58)
2025-12-22 22:10:29 - advanced_pipeline - INFO - Résultats sauvegardés dans: /var/folders/0m/c5clbvqd31s3ynlm0xf7lccw0000gn/T/tmpvkmvt97g/models/pipeline_output/20251222_221028
2025-12-22 22:10:29 - advanced_pipeline - INFO - === PIPELINE TERMINÉ AVEC SUCCÈS ===
2025-12-22 22:10:29 - advanced_pipeline - INFO - AdvancedPipeline initialisé - Mode: dev, Clustering: stratifie
2025-12-22 22:10:29 - advanced_pipeline - INFO - Force retrain: True
2025-12-22 22:10:29 - advanced_pipeline - INFO - === DÉMARRAGE PIPELINE AVANCÉ ===
2025-12-22 22:10:29 - advanced_pipeline - INFO - Étape 1: Extraction données
2025-12-22 22:10:29 - advanced_pipeline - INFO - Données extraites: (2000, 19)
2025-12-22 22:10:29 - advanced_pipeline - INFO - Étape 2: Optimisation dimensions
2025-12-22 22:10:29 - advanced_pipeline - INFO - Dimensions optimisées: (2000, 9)
2025-12-22 22:10:29 - advanced_pipeline - INFO - === CLUSTERING AVEC GESTION MODÈLES ===
2025-12-22 22:10:29 - advanced_pipeline - INFO - RECALCUL FORCÉ - Entraînement nouveau modèle
2025-12-22 22:10:30 - advanced_pipeline - INFO - Étape 4: Scoring clients
2025-12-22 22:10:30 - advanced_pipeline - INFO - Scoring terminé: (2000, 58)
2025-12-22 22:10:30 - advanced_pipeline - INFO - Résultats sauvegardés dans: /var/folders/0m/c5clbvqd31s3ynlm0xf7lccw0000gn/T/tmpvkmvt97g/models/pipeline_output/20251222_221029
2025-12-22 22:10:30 - advanced_pipeline - INFO - === PIPELINE TERMINÉ AVEC SUCCÈS ===
2025-12-22 22:10:30 - advanced_pipeline - INFO - AdvancedPipeline initialisé - Mode: dev, Clustering: stratifie
2025-12-22 22:10:30 - advanced_pipeline - INFO - Force retrain: False
2025-12-22 22:10:30 - advanced_pipeline - INFO - === DÉMARRAGE PIPELINE AVANCÉ ===
2025-12-22 22:10:30 - advanced_pipeline - INFO - Étape 1: Extraction données
2025-12-22 22:10:30 - advanced_pipeline - INFO - Données extraites: (2000, 19)
2025-12-22 22:10:30 - advanced_pipeline - INFO - Étape 2: Optimisation dimensions
2025-12-22 22:10:30 - advanced_pipeline - INFO - Dimensions optimisées: (2000, 9)
2025-12-22 22:10:30 - advanced_pipeline - INFO - === CLUSTERING AVEC GESTION MODÈLES ===
2025-12-22 22:10:30 - advanced_pipeline - INFO - Modèle existant trouvé: /var/folders/0m/c5clbvqd31s3ynlm0xf7lccw0000gn/T/tmpvkmvt97g/models/age_clustering_20251222_221029.pkl
2025-12-22 22:10:30 - advanced_pipeline - INFO - === MÉTRIQUES DÉTAILLÉES DU MODÈLE ===
2025-12-22 22:10:30 - advanced_pipeline - INFO - 📊 MODÈLE EXISTANT:
2025-12-22 22:10:30 - advanced_pipeline - INFO -   Version: 20251222_221029
2025-12-22 22:10:30 - advanced_pipeline - INFO -   Date entraînement: 2025-12-22T22:10:30.121826
2025-12-22 22:10:30 - advanced_pipeline - INFO -   Échantillons entraînement: 2,000
2025-12-22 22:10:30 - advanced_pipeline - INFO -   Features entraînement: 7
2025-12-22 22:10:30 - advanced_pipeline - INFO -   Silhouette moyenne: 0.000
2025-12-22 22:10:30 - advanced_pipeline - INFO -   Min/Max silhouette: 0.000 / 0.000
2025-12-22 22:10:30 - advanced_pipeline - INFO -   Clusters créés: 10
2025-12-22 22:10:30 - advanced_pipeline - INFO -   Strates viables: 10
2025-12-22 22:10:30 - advanced_pipeline - INFO -   Strates cluster unique: 10
2025-12-22 22:10:30 - advanced_pipeline - INFO - 👥 PROFIL DÉMOGRAPHIQUE MODÈLE:
2025-12-22 22:10:30 - advanced_pipeline - INFO -   Âge moyen entraînement: 45.3 ± 14.3
2025-12-22 22:10:30 - advanced_pipeline - INFO -   Âge min/max entraînement: 18 / 85
2025-12-22 22:10:30 - advanced_pipeline - INFO - 📈 NOUVELLES DONNÉES:
2025-12-22 22:10:30 - advanced_pipeline - INFO -   Échantillons actuels: 2,000
2025-12-22 22:10:30 - advanced_pipeline - INFO -   Features actuelles: 8
2025-12-22 22:10:30 - advanced_pipeline - INFO -   Âge moyen actuel: 45.3 ± 14.3
2025-12-22 22:10:30 - advanced_pipeline - INFO -   Âge min/max actuel: 18 / 85
2025-12-22 22:10:30 - advanced_pipeline - INFO - ⚖️  COMPARAISON MODÈLE vs NOUVELLES DONNÉES:
2025-12-22 22:10:30 - advanced_pipeline - INFO -   Dérive âge moyen: 0.0 ans
2025-12-22 22:10:30 - advanced_pipeline - INFO -   Dérive écart-type âge: 0.0
2025-12-22 22:10:30 - advanced_pipeline - INFO -   Ratio volume: 1.00x (2,000 vs 2,000)
2025-12-22 22:10:30 - advanced_pipeline - INFO - 🧪 TEST APPLICATION MODÈLE:
2025-12-22 22:10:30 - advanced_pipeline - INFO -   Échantillon testé: 1,000
2025-12-22 22:10:30 - advanced_pipeline - INFO -   Clients clusterisés: 1,000 (100.0%)
2025-12-22 22:10:30 - advanced_pipeline - INFO -   Clients non-clusterisés: 0 (0.0%)
2025-12-22 22:10:30 - advanced_pipeline - INFO -   Strates actives: 10
2025-12-22 22:10:30 - advanced_pipeline - INFO -     - 43-47: 145 clients
2025-12-22 22:10:30 - advanced_pipeline - INFO -     - 48-52: 138 clients
2025-12-22 22:10:30 - advanced_pipeline - INFO -     - 63+: 121 clients
2025-12-22 22:10:30 - advanced_pipeline - INFO -     - 33-37: 119 clients
2025-12-22 22:10:30 - advanced_pipeline - INFO -     - 38-42: 108 clients
2025-12-22 22:10:30 - advanced_pipeline - INFO - 🚨 SIGNAUX POUR DÉCISION MANUELLE:
2025-12-22 22:10:30 - advanced_pipeline - WARNING -   ⚠️  ALERTES DÉTECTÉES:
2025-12-22 22:10:30 - advanced_pipeline - WARNING -       QUALITÉ MODÈLE FAIBLE - Silhouette 0.000
2025-12-22 22:10:30 - advanced_pipeline - WARNING -       TROP DE CLUSTERS UNIQUES - 100.0% des strates
2025-12-22 22:10:30 - advanced_pipeline - WARNING -   💡 RECOMMANDATION: Considérer un recalcul avec force_retrain=True
2025-12-22 22:10:30 - advanced_pipeline - INFO - 📋 RÉSUMÉ DÉCISIONNEL:
2025-12-22 22:10:30 - advanced_pipeline - INFO -   Âge du modèle: 0 jours
2025-12-22 22:10:30 - advanced_pipeline - INFO -   Qualité modèle: Faible
2025-12-22 22:10:30 - advanced_pipeline - INFO -   Dérive détectée: Non
2025-12-22 22:10:30 - advanced_pipeline - INFO -   Couverture: Bonne
2025-12-22 22:10:30 - advanced_pipeline - INFO - APPLICATION MODÈLE EXISTANT
2025-12-22 22:10:30 - advanced_pipeline - INFO - Étape 4: Scoring clients
2025-12-22 22:10:30 - advanced_pipeline - INFO - Scoring terminé: (2000, 58)
2025-12-22 22:10:30 - advanced_pipeline - INFO - Résultats sauvegardés dans: /var/folders/0m/c5clbvqd31s3ynlm0xf7lccw0000gn/T/tmpvkmvt97g/models/pipeline_output/20251222_221030
2025-12-22 22:10:30 - advanced_pipeline - INFO - === PIPELINE TERMINÉ AVEC SUCCÈS ===
2025-12-22 22:10:30 - advanced_pipeline - INFO - AdvancedPipeline initialisé - Mode: dev, Clustering: stratifie
2025-12-22 22:10:30 - advanced_pipeline - INFO - Force retrain: True
2025-12-22 22:10:30 - advanced_pipeline - INFO - === DÉMARRAGE PIPELINE AVANCÉ ===
2025-12-22 22:10:30 - advanced_pipeline - INFO - Étape 1: Extraction données
2025-12-22 22:10:30 - advanced_pipeline - INFO - Données extraites: (1000, 19)
2025-12-22 22:10:30 - advanced_pipeline - INFO - Étape 2: Optimisation dimensions
2025-12-22 22:10:30 - advanced_pipeline - INFO - Dimensions optimisées: (1000, 9)
2025-12-22 22:10:30 - advanced_pipeline - INFO - === CLUSTERING AVEC GESTION MODÈLES ===
2025-12-22 22:10:30 - advanced_pipeline - INFO - RECALCUL FORCÉ - Entraînement nouveau modèle
2025-12-22 22:10:31 - advanced_pipeline - INFO - Étape 4: Scoring clients
2025-12-22 22:10:31 - advanced_pipeline - INFO - Scoring terminé: (1000, 58)
2025-12-22 22:10:31 - advanced_pipeline - INFO - Résultats sauvegardés dans: /var/folders/0m/c5clbvqd31s3ynlm0xf7lccw0000gn/T/tmpms4xl2jv/models/pipeline_output/20251222_221030
2025-12-22 22:10:31 - advanced_pipeline - INFO - === PIPELINE TERMINÉ AVEC SUCCÈS ===
2025-12-22 22:10:31 - advanced_pipeline - INFO - AdvancedPipeline initialisé - Mode: dev, Clustering: stratifie
2025-12-22 22:10:31 - advanced_pipeline - INFO - Force retrain: False
2025-12-22 22:10:31 - advanced_pipeline - INFO - AdvancedPipeline initialisé - Mode: dev, Clustering: stratifie
2025-12-22 22:10:31 - advanced_pipeline - INFO - Force retrain: True
2025-12-22 22:10:31 - advanced_pipeline - INFO - === DÉMARRAGE PIPELINE AVANCÉ ===
2025-12-22 22:10:31 - advanced_pipeline - INFO - Étape 1: Extraction données
2025-12-22 22:10:31 - advanced_pipeline - INFO - Données extraites: (1000, 19)
2025-12-22 22:10:31 - advanced_pipeline - INFO - Étape 2: Optimisation dimensions
2025-12-22 22:10:31 - advanced_pipeline - INFO - Dimensions optimisées: (1000, 9)
2025-12-22 22:10:31 - advanced_pipeline - INFO - === CLUSTERING AVEC GESTION MODÈLES ===
2025-12-22 22:10:31 - advanced_pipeline - INFO - RECALCUL FORCÉ - Entraînement nouveau modèle
2025-12-22 22:10:31 - advanced_pipeline - INFO - Étape 4: Scoring clients
2025-12-22 22:10:31 - advanced_pipeline - INFO - Scoring terminé: (1000, 58)
2025-12-22 22:10:31 - advanced_pipeline - INFO - Résultats sauvegardés dans: /var/folders/0m/c5clbvqd31s3ynlm0xf7lccw0000gn/T/tmpms4xl2jv/models/pipeline_output/20251222_221031
2025-12-22 22:10:31 - advanced_pipeline - INFO - === PIPELINE TERMINÉ AVEC SUCCÈS ===
2025-12-22 22:10:31 - advanced_pipeline - INFO - AdvancedPipeline initialisé - Mode: dev, Clustering: stratifie
2025-12-22 22:10:31 - advanced_pipeline - INFO - Force retrain: True
2025-12-22 22:10:31 - advanced_pipeline - INFO - === DÉMARRAGE PIPELINE AVANCÉ ===
2025-12-22 22:10:31 - advanced_pipeline - INFO - Étape 1: Extraction données
2025-12-22 22:10:31 - advanced_pipeline - INFO - Données extraites: (1000, 19)
2025-12-22 22:10:31 - advanced_pipeline - INFO - Étape 2: Optimisation dimensions
2025-12-22 22:10:31 - advanced_pipeline - INFO - Dimensions optimisées: (1000, 9)
2025-12-22 22:10:31 - advanced_pipeline - INFO - === CLUSTERING AVEC GESTION MODÈLES ===
2025-12-22 22:10:31 - advanced_pipeline - INFO - RECALCUL FORCÉ - Entraînement nouveau modèle
2025-12-22 22:10:32 - advanced_pipeline - INFO - Étape 4: Scoring clients
2025-12-22 22:10:32 - advanced_pipeline - INFO - Scoring terminé: (1000, 58)
2025-12-22 22:10:32 - advanced_pipeline - INFO - Résultats sauvegardés dans: /var/folders/0m/c5clbvqd31s3ynlm0xf7lccw0000gn/T/tmpv0fuhxsq/models/pipeline_output/20251222_221031
2025-12-22 22:10:32 - advanced_pipeline - INFO - === PIPELINE TERMINÉ AVEC SUCCÈS ===
2025-12-22 22:10:32 - advanced_pipeline - INFO - AdvancedPipeline initialisé - Mode: dev, Clustering: global
2025-12-22 22:10:32 - advanced_pipeline - INFO - Force retrain: True
2025-12-22 22:10:32 - advanced_pipeline - INFO - === DÉMARRAGE PIPELINE AVANCÉ ===
2025-12-22 22:10:32 - advanced_pipeline - INFO - Étape 1: Extraction données
2025-12-22 22:10:32 - advanced_pipeline - INFO - Données extraites: (1000, 19)
2025-12-22 22:10:32 - advanced_pipeline - INFO - Étape 2: Optimisation dimensions
2025-12-22 22:10:32 - advanced_pipeline - INFO - Dimensions optimisées: (1000, 12)
2025-12-22 22:10:32 - advanced_pipeline - INFO - === CLUSTERING AVEC GESTION MODÈLES ===
2025-12-22 22:10:32 - advanced_pipeline - INFO - RECALCUL FORCÉ - Entraînement nouveau modèle
2025-12-22 22:10:32 - advanced_pipeline - ERROR - ERREUR PIPELINE: Colonne 'AGE' manquante
2025-12-22 22:10:32 - advanced_pipeline - INFO - AdvancedPipeline initialisé - Mode: test, Clustering: stratifie
2025-12-22 22:10:32 - advanced_pipeline - INFO - Force retrain: True
2025-12-22 22:10:32 - advanced_pipeline - INFO - === DÉMARRAGE PIPELINE AVANCÉ ===
2025-12-22 22:10:32 - advanced_pipeline - INFO - Étape 1: Extraction données
2025-12-22 22:10:32 - advanced_pipeline - INFO - Données extraites: (400, 19)
2025-12-22 22:10:32 - advanced_pipeline - INFO - Étape 2: Optimisation dimensions
2025-12-22 22:10:32 - advanced_pipeline - INFO - Dimensions optimisées: (400, 9)
2025-12-22 22:10:32 - advanced_pipeline - INFO - === CLUSTERING AVEC GESTION MODÈLES ===
2025-12-22 22:10:32 - advanced_pipeline - INFO - RECALCUL FORCÉ - Entraînement nouveau modèle
2025-12-22 22:10:32 - advanced_pipeline - INFO - Étape 4: Scoring clients
2025-12-22 22:10:32 - advanced_pipeline - INFO - Scoring terminé: (400, 58)
2025-12-22 22:10:32 - advanced_pipeline - INFO - === PIPELINE TERMINÉ AVEC SUCCÈS ===
2025-12-22 22:10:48 - advanced_pipeline - INFO - Logger advanced_pipeline configuré - Fichier: /Users/taieb/Documents/GITHUB REPO/ML_banking_segmentation/logs/advanced_pipeline_20251222.log
2025-12-22 22:10:48 - advanced_pipeline - INFO - AdvancedPipeline initialisé - Mode: dev, Clustering: stratifie
2025-12-22 22:10:48 - advanced_pipeline - INFO - Force retrain: True
2025-12-22 22:10:48 - advanced_pipeline - INFO - === DÉMARRAGE PIPELINE AVANCÉ ===
2025-12-22 22:10:48 - advanced_pipeline - INFO - Étape 1: Extraction données
2025-12-22 22:10:48 - advanced_pipeline - INFO - Données extraites: (1000, 19)
2025-12-22 22:10:48 - advanced_pipeline - INFO - Étape 2: Optimisation dimensions
2025-12-22 22:10:48 - advanced_pipeline - INFO - Dimensions optimisées: (1000, 9)
2025-12-22 22:10:48 - advanced_pipeline - INFO - === CLUSTERING AVEC GESTION MODÈLES ===
2025-12-22 22:10:48 - advanced_pipeline - INFO - RECALCUL FORCÉ - Entraînement nouveau modèle
2025-12-22 22:10:49 - advanced_pipeline - INFO - Étape 4: Scoring clients
2025-12-22 22:10:49 - advanced_pipeline - INFO - Scoring terminé: (1000, 58)
2025-12-22 22:10:49 - advanced_pipeline - INFO - Résultats sauvegardés dans: /var/folders/0m/c5clbvqd31s3ynlm0xf7lccw0000gn/T/tmpidombc_q/models/pipeline_output/20251222_221048
2025-12-22 22:10:49 - advanced_pipeline - INFO - === PIPELINE TERMINÉ AVEC SUCCÈS ===
2025-12-22 22:10:49 - advanced_pipeline - INFO - AdvancedPipeline initialisé - Mode: dev, Clustering: global
2025-12-22 22:10:49 - advanced_pipeline - INFO - Force retrain: True
2025-12-22 22:10:49 - advanced_pipeline - INFO - === DÉMARRAGE PIPELINE AVANCÉ ===
2025-12-22 22:10:49 - advanced_pipeline - INFO - Étape 1: Extraction données
2025-12-22 22:10:49 - advanced_pipeline - INFO - Données extraites: (1000, 19)
2025-12-22 22:10:49 - advanced_pipeline - INFO - Étape 2: Optimisation dimensions
2025-12-22 22:10:49 - advanced_pipeline - INFO - Dimensions optimisées: (1000, 12)
2025-12-22 22:10:49 - advanced_pipeline - INFO - === CLUSTERING AVEC GESTION MODÈLES ===
2025-12-22 22:10:49 - advanced_pipeline - INFO - RECALCUL FORCÉ - Entraînement nouveau modèle
2025-12-22 22:10:49 - advanced_pipeline - ERROR - ERREUR PIPELINE: Colonne 'AGE' manquante
2025-12-22 22:11:26 - advanced_pipeline - INFO - Logger advanced_pipeline configuré - Fichier: /Users/taieb/Documents/GITHUB REPO/ML_banking_segmentation/logs/advanced_pipeline_20251222.log
2025-12-22 22:11:26 - advanced_pipeline - INFO - AdvancedPipeline initialisé - Mode: dev, Clustering: stratifie
2025-12-22 22:11:26 - advanced_pipeline - INFO - Force retrain: True
2025-12-22 22:11:26 - advanced_pipeline - INFO - === DÉMARRAGE PIPELINE AVANCÉ ===
2025-12-22 22:11:26 - advanced_pipeline - INFO - Étape 1: Extraction données
2025-12-22 22:11:26 - advanced_pipeline - INFO - Données extraites: (2000, 19)
2025-12-22 22:11:26 - advanced_pipeline - INFO - Étape 2: Optimisation dimensions
2025-12-22 22:11:26 - advanced_pipeline - INFO - Dimensions optimisées: (2000, 9)
2025-12-22 22:11:26 - advanced_pipeline - INFO - === CLUSTERING AVEC GESTION MODÈLES ===
2025-12-22 22:11:26 - advanced_pipeline - INFO - RECALCUL FORCÉ - Entraînement nouveau modèle
2025-12-22 22:11:27 - advanced_pipeline - INFO - Étape 4: Scoring clients
2025-12-22 22:11:27 - advanced_pipeline - INFO - Scoring terminé: (2000, 58)
2025-12-22 22:11:27 - advanced_pipeline - INFO - Résultats sauvegardés dans: /var/folders/0m/c5clbvqd31s3ynlm0xf7lccw0000gn/T/tmpdhjux35b/models/pipeline_output/20251222_221126
2025-12-22 22:11:27 - advanced_pipeline - INFO - === PIPELINE TERMINÉ AVEC SUCCÈS ===
2025-12-22 22:11:27 - advanced_pipeline - INFO - AdvancedPipeline initialisé - Mode: dev, Clustering: stratifie
2025-12-22 22:11:27 - advanced_pipeline - INFO - Force retrain: True
2025-12-22 22:11:27 - advanced_pipeline - INFO - Étape 1: Extraction données
2025-12-22 22:11:27 - advanced_pipeline - INFO - Données extraites: (2000, 19)
2025-12-22 22:11:27 - advanced_pipeline - INFO - Étape 2: Optimisation dimensions
2025-12-22 22:11:27 - advanced_pipeline - INFO - Dimensions optimisées: (2000, 9)
2025-12-22 22:11:27 - advanced_pipeline - INFO - === CLUSTERING AVEC GESTION MODÈLES ===
2025-12-22 22:11:27 - advanced_pipeline - INFO - RECALCUL FORCÉ - Entraînement nouveau modèle
2025-12-22 22:11:28 - advanced_pipeline - INFO - AdvancedPipeline initialisé - Mode: dev, Clustering: stratifie
2025-12-22 22:11:28 - advanced_pipeline - INFO - Force retrain: False
2025-12-22 22:11:28 - advanced_pipeline - INFO - Étape 1: Extraction données
2025-12-22 22:11:28 - advanced_pipeline - INFO - Données extraites: (2000, 19)
2025-12-22 22:11:28 - advanced_pipeline - INFO - AdvancedPipeline initialisé - Mode: dev, Clustering: stratifie
2025-12-22 22:11:28 - advanced_pipeline - INFO - Force retrain: False
2025-12-22 22:11:28 - advanced_pipeline - INFO - AdvancedPipeline initialisé - Mode: dev, Clustering: stratifie
2025-12-22 22:11:28 - advanced_pipeline - INFO - Force retrain: True
2025-12-22 22:11:28 - advanced_pipeline - INFO - === DÉMARRAGE PIPELINE AVANCÉ ===
2025-12-22 22:11:28 - advanced_pipeline - INFO - Étape 1: Extraction données
2025-12-22 22:11:28 - advanced_pipeline - INFO - Données extraites: (2000, 19)
2025-12-22 22:11:28 - advanced_pipeline - INFO - Étape 2: Optimisation dimensions
2025-12-22 22:11:28 - advanced_pipeline - INFO - Dimensions optimisées: (2000, 9)
2025-12-22 22:11:28 - advanced_pipeline - INFO - === CLUSTERING AVEC GESTION MODÈLES ===
2025-12-22 22:11:28 - advanced_pipeline - INFO - RECALCUL FORCÉ - Entraînement nouveau modèle
2025-12-22 22:11:28 - advanced_pipeline - INFO - Étape 4: Scoring clients
2025-12-22 22:11:28 - advanced_pipeline - INFO - Scoring terminé: (2000, 58)
2025-12-22 22:11:28 - advanced_pipeline - INFO - Résultats sauvegardés dans: /var/folders/0m/c5clbvqd31s3ynlm0xf7lccw0000gn/T/tmpdhjux35b/models/pipeline_output/20251222_221128
2025-12-22 22:11:28 - advanced_pipeline - INFO - === PIPELINE TERMINÉ AVEC SUCCÈS ===
2025-12-22 22:11:28 - advanced_pipeline - INFO - AdvancedPipeline initialisé - Mode: dev, Clustering: stratifie
2025-12-22 22:11:28 - advanced_pipeline - INFO - Force retrain: False
2025-12-22 22:11:28 - advanced_pipeline - INFO - AdvancedPipeline initialisé - Mode: test, Clustering: stratifie
2025-12-22 22:11:28 - advanced_pipeline - INFO - Force retrain: False
2025-12-22 22:11:28 - advanced_pipeline - INFO - AdvancedPipeline initialisé - Mode: prod, Clustering: stratifie
2025-12-22 22:11:28 - advanced_pipeline - INFO - Force retrain: False
2025-12-22 22:11:28 - advanced_pipeline - INFO - AdvancedPipeline initialisé - Mode: dev, Clustering: stratifie
2025-12-22 22:11:28 - advanced_pipeline - INFO - Force retrain: False
2025-12-22 22:11:28 - advanced_pipeline - INFO - Étape 1: Extraction données
2025-12-22 22:11:28 - advanced_pipeline - INFO - Données extraites: (2000, 19)
2025-12-22 22:11:28 - advanced_pipeline - INFO - Étape 2: Optimisation dimensions
2025-12-22 22:11:28 - advanced_pipeline - INFO - Dimensions optimisées: (2000, 9)
2025-12-22 22:11:28 - advanced_pipeline - INFO - AdvancedPipeline initialisé - Mode: dev, Clustering: stratifie
2025-12-22 22:11:28 - advanced_pipeline - INFO - Force retrain: False
2025-12-22 22:11:28 - advanced_pipeline - INFO - === DÉMARRAGE PIPELINE AVANCÉ ===
2025-12-22 22:11:28 - advanced_pipeline - INFO - Étape 1: Extraction données
2025-12-22 22:11:28 - advanced_pipeline - INFO - Données extraites: (2000, 19)
2025-12-22 22:11:28 - advanced_pipeline - INFO - Étape 2: Optimisation dimensions
2025-12-22 22:11:28 - advanced_pipeline - INFO - Dimensions optimisées: (2000, 9)
2025-12-22 22:11:28 - advanced_pipeline - INFO - === CLUSTERING AVEC GESTION MODÈLES ===
2025-12-22 22:11:28 - advanced_pipeline - INFO - Modèle existant trouvé: /var/folders/0m/c5clbvqd31s3ynlm0xf7lccw0000gn/T/tmpdhjux35b/models/age_clustering_20251222_221128.pkl
2025-12-22 22:11:28 - advanced_pipeline - INFO - === MÉTRIQUES DÉTAILLÉES DU MODÈLE ===
2025-12-22 22:11:28 - advanced_pipeline - INFO - 📊 MODÈLE EXISTANT:
2025-12-22 22:11:28 - advanced_pipeline - INFO -   Version: 20251222_221128
2025-12-22 22:11:28 - advanced_pipeline - INFO -   Date entraînement: 2025-12-22T22:11:28.734745
2025-12-22 22:11:28 - advanced_pipeline - INFO -   Échantillons entraînement: 2,000
2025-12-22 22:11:28 - advanced_pipeline - INFO -   Features entraînement: 7
2025-12-22 22:11:28 - advanced_pipeline - INFO -   Silhouette moyenne: 0.000
2025-12-22 22:11:28 - advanced_pipeline - INFO -   Min/Max silhouette: 0.000 / 0.000
2025-12-22 22:11:28 - advanced_pipeline - INFO -   Clusters créés: 10
2025-12-22 22:11:28 - advanced_pipeline - INFO -   Strates viables: 10
2025-12-22 22:11:28 - advanced_pipeline - INFO -   Strates cluster unique: 10
2025-12-22 22:11:28 - advanced_pipeline - INFO - 👥 PROFIL DÉMOGRAPHIQUE MODÈLE:
2025-12-22 22:11:28 - advanced_pipeline - INFO -   Âge moyen entraînement: 45.3 ± 14.3
2025-12-22 22:11:28 - advanced_pipeline - INFO -   Âge min/max entraînement: 18 / 85
2025-12-22 22:11:28 - advanced_pipeline - INFO - 📈 NOUVELLES DONNÉES:
2025-12-22 22:11:28 - advanced_pipeline - INFO -   Échantillons actuels: 2,000
2025-12-22 22:11:28 - advanced_pipeline - INFO -   Features actuelles: 8
2025-12-22 22:11:28 - advanced_pipeline - INFO -   Âge moyen actuel: 45.3 ± 14.3
2025-12-22 22:11:28 - advanced_pipeline - INFO -   Âge min/max actuel: 18 / 85
2025-12-22 22:11:28 - advanced_pipeline - INFO - ⚖️  COMPARAISON MODÈLE vs NOUVELLES DONNÉES:
2025-12-22 22:11:28 - advanced_pipeline - INFO -   Dérive âge moyen: 0.0 ans
2025-12-22 22:11:28 - advanced_pipeline - INFO -   Dérive écart-type âge: 0.0
2025-12-22 22:11:28 - advanced_pipeline - INFO -   Ratio volume: 1.00x (2,000 vs 2,000)
2025-12-22 22:11:28 - advanced_pipeline - INFO - 🧪 TEST APPLICATION MODÈLE:
2025-12-22 22:11:29 - advanced_pipeline - INFO -   Échantillon testé: 1,000
2025-12-22 22:11:29 - advanced_pipeline - INFO -   Clients clusterisés: 1,000 (100.0%)
2025-12-22 22:11:29 - advanced_pipeline - INFO -   Clients non-clusterisés: 0 (0.0%)
2025-12-22 22:11:29 - advanced_pipeline - INFO -   Strates actives: 10
2025-12-22 22:11:29 - advanced_pipeline - INFO -     - 43-47: 145 clients
2025-12-22 22:11:29 - advanced_pipeline - INFO -     - 48-52: 138 clients
2025-12-22 22:11:29 - advanced_pipeline - INFO -     - 63+: 121 clients
2025-12-22 22:11:29 - advanced_pipeline - INFO -     - 33-37: 119 clients
2025-12-22 22:11:29 - advanced_pipeline - INFO -     - 38-42: 108 clients
2025-12-22 22:11:29 - advanced_pipeline - INFO - 🚨 SIGNAUX POUR DÉCISION MANUELLE:
2025-12-22 22:11:29 - advanced_pipeline - WARNING -   ⚠️  ALERTES DÉTECTÉES:
2025-12-22 22:11:29 - advanced_pipeline - WARNING -       QUALITÉ MODÈLE FAIBLE - Silhouette 0.000
2025-12-22 22:11:29 - advanced_pipeline - WARNING -       TROP DE CLUSTERS UNIQUES - 100.0% des strates
2025-12-22 22:11:29 - advanced_pipeline - WARNING -   💡 RECOMMANDATION: Considérer un recalcul avec force_retrain=True
2025-12-22 22:11:29 - advanced_pipeline - INFO - 📋 RÉSUMÉ DÉCISIONNEL:
2025-12-22 22:11:29 - advanced_pipeline - INFO -   Âge du modèle: 0 jours
2025-12-22 22:11:29 - advanced_pipeline - INFO -   Qualité modèle: Faible
2025-12-22 22:11:29 - advanced_pipeline - INFO -   Dérive détectée: Non
2025-12-22 22:11:29 - advanced_pipeline - INFO -   Couverture: Bonne
2025-12-22 22:11:29 - advanced_pipeline - INFO - APPLICATION MODÈLE EXISTANT
2025-12-22 22:11:29 - advanced_pipeline - INFO - Étape 4: Scoring clients
2025-12-22 22:11:29 - advanced_pipeline - INFO - Scoring terminé: (2000, 58)
2025-12-22 22:11:29 - advanced_pipeline - INFO - Résultats sauvegardés dans: /var/folders/0m/c5clbvqd31s3ynlm0xf7lccw0000gn/T/tmpdhjux35b/models/pipeline_output/20251222_221128
2025-12-22 22:11:29 - advanced_pipeline - INFO - === PIPELINE TERMINÉ AVEC SUCCÈS ===
2025-12-22 22:11:29 - advanced_pipeline - INFO - AdvancedPipeline initialisé - Mode: test, Clustering: stratifie
2025-12-22 22:11:29 - advanced_pipeline - INFO - Force retrain: False
2025-12-22 22:11:29 - advanced_pipeline - INFO - === DÉMARRAGE PIPELINE AVANCÉ ===
2025-12-22 22:11:29 - advanced_pipeline - INFO - Étape 1: Extraction données
2025-12-22 22:11:29 - advanced_pipeline - INFO - Données extraites: (200, 19)
2025-12-22 22:11:29 - advanced_pipeline - INFO - Étape 2: Optimisation dimensions
2025-12-22 22:11:29 - advanced_pipeline - INFO - Dimensions optimisées: (200, 9)
2025-12-22 22:11:29 - advanced_pipeline - INFO - === CLUSTERING AVEC GESTION MODÈLES ===
2025-12-22 22:11:29 - advanced_pipeline - INFO - Modèle existant trouvé: /var/folders/0m/c5clbvqd31s3ynlm0xf7lccw0000gn/T/tmpdhjux35b/models/age_clustering_20251222_221128.pkl
2025-12-22 22:11:29 - advanced_pipeline - INFO - === MÉTRIQUES DÉTAILLÉES DU MODÈLE ===
2025-12-22 22:11:29 - advanced_pipeline - INFO - 📊 MODÈLE EXISTANT:
2025-12-22 22:11:29 - advanced_pipeline - INFO -   Version: 20251222_221128
2025-12-22 22:11:29 - advanced_pipeline - INFO -   Date entraînement: 2025-12-22T22:11:28.734745
2025-12-22 22:11:29 - advanced_pipeline - INFO -   Échantillons entraînement: 2,000
2025-12-22 22:11:29 - advanced_pipeline - INFO -   Features entraînement: 7
2025-12-22 22:11:29 - advanced_pipeline - INFO -   Silhouette moyenne: 0.000
2025-12-22 22:11:29 - advanced_pipeline - INFO -   Min/Max silhouette: 0.000 / 0.000
2025-12-22 22:11:29 - advanced_pipeline - INFO -   Clusters créés: 10
2025-12-22 22:11:29 - advanced_pipeline - INFO -   Strates viables: 10
2025-12-22 22:11:29 - advanced_pipeline - INFO -   Strates cluster unique: 10
2025-12-22 22:11:29 - advanced_pipeline - INFO - 👥 PROFIL DÉMOGRAPHIQUE MODÈLE:
2025-12-22 22:11:29 - advanced_pipeline - INFO -   Âge moyen entraînement: 45.3 ± 14.3
2025-12-22 22:11:29 - advanced_pipeline - INFO -   Âge min/max entraînement: 18 / 85
2025-12-22 22:11:29 - advanced_pipeline - INFO - 📈 NOUVELLES DONNÉES:
2025-12-22 22:11:29 - advanced_pipeline - INFO -   Échantillons actuels: 200
2025-12-22 22:11:29 - advanced_pipeline - INFO -   Features actuelles: 8
2025-12-22 22:11:29 - advanced_pipeline - INFO -   Âge moyen actuel: 46.6 ± 14.4
2025-12-22 22:11:29 - advanced_pipeline - INFO -   Âge min/max actuel: 18 / 85
2025-12-22 22:11:29 - advanced_pipeline - INFO - ⚖️  COMPARAISON MODÈLE vs NOUVELLES DONNÉES:
2025-12-22 22:11:29 - advanced_pipeline - INFO -   Dérive âge moyen: 1.2 ans
2025-12-22 22:11:29 - advanced_pipeline - INFO -   Dérive écart-type âge: 0.1
2025-12-22 22:11:29 - advanced_pipeline - INFO -   Ratio volume: 0.10x (200 vs 2,000)
2025-12-22 22:11:29 - advanced_pipeline - INFO - 🧪 TEST APPLICATION MODÈLE:
2025-12-22 22:11:29 - advanced_pipeline - INFO -   Échantillon testé: 200
2025-12-22 22:11:29 - advanced_pipeline - INFO -   Clients clusterisés: 200 (100.0%)
2025-12-22 22:11:29 - advanced_pipeline - INFO -   Clients non-clusterisés: 0 (0.0%)
2025-12-22 22:11:29 - advanced_pipeline - INFO -   Strates actives: 10
2025-12-22 22:11:29 - advanced_pipeline - INFO -     - 48-52: 33 clients
2025-12-22 22:11:29 - advanced_pipeline - INFO -     - 43-47: 30 clients
2025-12-22 22:11:29 - advanced_pipeline - INFO -     - 63+: 26 clients
2025-12-22 22:11:29 - advanced_pipeline - INFO -     - 33-37: 24 clients
2025-12-22 22:11:29 - advanced_pipeline - INFO -     - 38-42: 20 clients
2025-12-22 22:11:29 - advanced_pipeline - INFO - 🚨 SIGNAUX POUR DÉCISION MANUELLE:
2025-12-22 22:11:29 - advanced_pipeline - WARNING -   ⚠️  ALERTES DÉTECTÉES:
2025-12-22 22:11:29 - advanced_pipeline - WARNING -       CHANGEMENT VOLUME - Ratio 0.1x par rapport à l'entraînement
2025-12-22 22:11:29 - advanced_pipeline - WARNING -       QUALITÉ MODÈLE FAIBLE - Silhouette 0.000
2025-12-22 22:11:29 - advanced_pipeline - WARNING -       TROP DE CLUSTERS UNIQUES - 100.0% des strates
2025-12-22 22:11:29 - advanced_pipeline - WARNING -   💡 RECOMMANDATION: Considérer un recalcul avec force_retrain=True
2025-12-22 22:11:29 - advanced_pipeline - INFO - 📋 RÉSUMÉ DÉCISIONNEL:
2025-12-22 22:11:29 - advanced_pipeline - INFO -   Âge du modèle: 0 jours
2025-12-22 22:11:29 - advanced_pipeline - INFO -   Qualité modèle: Faible
2025-12-22 22:11:29 - advanced_pipeline - INFO -   Dérive détectée: Oui
2025-12-22 22:11:29 - advanced_pipeline - INFO -   Couverture: Bonne
2025-12-22 22:11:29 - advanced_pipeline - INFO - APPLICATION MODÈLE EXISTANT
2025-12-22 22:11:29 - advanced_pipeline - INFO - Étape 4: Scoring clients
2025-12-22 22:11:29 - advanced_pipeline - INFO - Scoring terminé: (200, 58)
2025-12-22 22:11:29 - advanced_pipeline - INFO - === PIPELINE TERMINÉ AVEC SUCCÈS ===
2025-12-22 22:11:29 - advanced_pipeline - INFO - AdvancedPipeline initialisé - Mode: dev, Clustering: stratifie
2025-12-22 22:11:29 - advanced_pipeline - INFO - Force retrain: True
2025-12-22 22:11:29 - advanced_pipeline - INFO - Étape 1: Extraction données
2025-12-22 22:11:29 - advanced_pipeline - INFO - Données extraites: (2000, 19)
2025-12-22 22:11:29 - advanced_pipeline - INFO - Étape 2: Optimisation dimensions
2025-12-22 22:11:29 - advanced_pipeline - INFO - Dimensions optimisées: (2000, 9)
2025-12-22 22:11:29 - advanced_pipeline - INFO - === CLUSTERING AVEC GESTION MODÈLES ===
2025-12-22 22:11:29 - advanced_pipeline - INFO - RECALCUL FORCÉ - Entraînement nouveau modèle
2025-12-22 22:11:29 - advanced_pipeline - INFO - Étape 4: Scoring clients
2025-12-22 22:11:30 - advanced_pipeline - INFO - Scoring terminé: (2000, 58)
2025-12-22 22:11:30 - advanced_pipeline - INFO - AdvancedPipeline initialisé - Mode: dev, Clustering: stratifie
2025-12-22 22:11:30 - advanced_pipeline - INFO - Force retrain: True
2025-12-22 22:11:30 - advanced_pipeline - INFO - === DÉMARRAGE PIPELINE AVANCÉ ===
2025-12-22 22:11:30 - advanced_pipeline - INFO - Étape 1: Extraction données
2025-12-22 22:11:30 - advanced_pipeline - INFO - Données extraites: (2000, 19)
2025-12-22 22:11:30 - advanced_pipeline - INFO - Étape 2: Optimisation dimensions
2025-12-22 22:11:30 - advanced_pipeline - INFO - Dimensions optimisées: (2000, 9)
2025-12-22 22:11:30 - advanced_pipeline - INFO - === CLUSTERING AVEC GESTION MODÈLES ===
2025-12-22 22:11:30 - advanced_pipeline - INFO - RECALCUL FORCÉ - Entraînement nouveau modèle
2025-12-22 22:11:30 - advanced_pipeline - INFO - Étape 4: Scoring clients
2025-12-22 22:11:30 - advanced_pipeline - INFO - Scoring terminé: (2000, 58)
2025-12-22 22:11:30 - advanced_pipeline - INFO - Résultats sauvegardés dans: /var/folders/0m/c5clbvqd31s3ynlm0xf7lccw0000gn/T/tmpdhjux35b/models/pipeline_output/20251222_221130
2025-12-22 22:11:30 - advanced_pipeline - INFO - === PIPELINE TERMINÉ AVEC SUCCÈS ===
2025-12-22 22:11:30 - advanced_pipeline - INFO - AdvancedPipeline initialisé - Mode: dev, Clustering: stratifie
2025-12-22 22:11:30 - advanced_pipeline - INFO - Force retrain: True
2025-12-22 22:11:30 - advanced_pipeline - INFO - === DÉMARRAGE PIPELINE AVANCÉ ===
2025-12-22 22:11:30 - advanced_pipeline - INFO - Étape 1: Extraction données
2025-12-22 22:11:30 - advanced_pipeline - INFO - Données extraites: (2000, 19)
2025-12-22 22:11:30 - advanced_pipeline - INFO - Étape 2: Optimisation dimensions
2025-12-22 22:11:30 - advanced_pipeline - INFO - Dimensions optimisées: (2000, 9)
2025-12-22 22:11:30 - advanced_pipeline - INFO - === CLUSTERING AVEC GESTION MODÈLES ===
2025-12-22 22:11:30 - advanced_pipeline - INFO - RECALCUL FORCÉ - Entraînement nouveau modèle
2025-12-22 22:11:31 - advanced_pipeline - INFO - Étape 4: Scoring clients
2025-12-22 22:11:31 - advanced_pipeline - INFO - Scoring terminé: (2000, 58)
2025-12-22 22:11:31 - advanced_pipeline - INFO - Résultats sauvegardés dans: /var/folders/0m/c5clbvqd31s3ynlm0xf7lccw0000gn/T/tmpdhjux35b/models/pipeline_output/20251222_221130
2025-12-22 22:11:31 - advanced_pipeline - INFO - === PIPELINE TERMINÉ AVEC SUCCÈS ===
2025-12-22 22:11:31 - advanced_pipeline - INFO - AdvancedPipeline initialisé - Mode: dev, Clustering: stratifie
2025-12-22 22:11:31 - advanced_pipeline - INFO - Force retrain: True
2025-12-22 22:11:31 - advanced_pipeline - INFO - === DÉMARRAGE PIPELINE AVANCÉ ===
2025-12-22 22:11:31 - advanced_pipeline - INFO - Étape 1: Extraction données
2025-12-22 22:11:31 - advanced_pipeline - INFO - Données extraites: (2000, 19)
2025-12-22 22:11:31 - advanced_pipeline - INFO - Étape 2: Optimisation dimensions
2025-12-22 22:11:31 - advanced_pipeline - INFO - Dimensions optimisées: (2000, 9)
2025-12-22 22:11:31 - advanced_pipeline - INFO - === CLUSTERING AVEC GESTION MODÈLES ===
2025-12-22 22:11:31 - advanced_pipeline - INFO - RECALCUL FORCÉ - Entraînement nouveau modèle
2025-12-22 22:11:32 - advanced_pipeline - INFO - Étape 4: Scoring clients
2025-12-22 22:11:32 - advanced_pipeline - INFO - Scoring terminé: (2000, 58)
2025-12-22 22:11:32 - advanced_pipeline - INFO - Résultats sauvegardés dans: /var/folders/0m/c5clbvqd31s3ynlm0xf7lccw0000gn/T/tmpdhjux35b/models/pipeline_output/20251222_221131
2025-12-22 22:11:32 - advanced_pipeline - INFO - === PIPELINE TERMINÉ AVEC SUCCÈS ===
2025-12-22 22:11:32 - advanced_pipeline - INFO - AdvancedPipeline initialisé - Mode: dev, Clustering: stratifie
2025-12-22 22:11:32 - advanced_pipeline - INFO - Force retrain: False
2025-12-22 22:11:32 - advanced_pipeline - INFO - === DÉMARRAGE PIPELINE AVANCÉ ===
2025-12-22 22:11:32 - advanced_pipeline - INFO - Étape 1: Extraction données
2025-12-22 22:11:32 - advanced_pipeline - INFO - Données extraites: (2000, 19)
2025-12-22 22:11:32 - advanced_pipeline - INFO - Étape 2: Optimisation dimensions
2025-12-22 22:11:32 - advanced_pipeline - INFO - Dimensions optimisées: (2000, 9)
2025-12-22 22:11:32 - advanced_pipeline - INFO - === CLUSTERING AVEC GESTION MODÈLES ===
2025-12-22 22:11:32 - advanced_pipeline - INFO - Modèle existant trouvé: /var/folders/0m/c5clbvqd31s3ynlm0xf7lccw0000gn/T/tmpdhjux35b/models/age_clustering_20251222_221131.pkl
2025-12-22 22:11:32 - advanced_pipeline - INFO - === MÉTRIQUES DÉTAILLÉES DU MODÈLE ===
2025-12-22 22:11:32 - advanced_pipeline - INFO - 📊 MODÈLE EXISTANT:
2025-12-22 22:11:32 - advanced_pipeline - INFO -   Version: 20251222_221131
2025-12-22 22:11:32 - advanced_pipeline - INFO -   Date entraînement: 2025-12-22T22:11:32.199492
2025-12-22 22:11:32 - advanced_pipeline - INFO -   Échantillons entraînement: 2,000
2025-12-22 22:11:32 - advanced_pipeline - INFO -   Features entraînement: 7
2025-12-22 22:11:32 - advanced_pipeline - INFO -   Silhouette moyenne: 0.000
2025-12-22 22:11:32 - advanced_pipeline - INFO -   Min/Max silhouette: 0.000 / 0.000
2025-12-22 22:11:32 - advanced_pipeline - INFO -   Clusters créés: 10
2025-12-22 22:11:32 - advanced_pipeline - INFO -   Strates viables: 10
2025-12-22 22:11:32 - advanced_pipeline - INFO -   Strates cluster unique: 10
2025-12-22 22:11:32 - advanced_pipeline - INFO - 👥 PROFIL DÉMOGRAPHIQUE MODÈLE:
2025-12-22 22:11:32 - advanced_pipeline - INFO -   Âge moyen entraînement: 45.3 ± 14.3
2025-12-22 22:11:32 - advanced_pipeline - INFO -   Âge min/max entraînement: 18 / 85
2025-12-22 22:11:32 - advanced_pipeline - INFO - 📈 NOUVELLES DONNÉES:
2025-12-22 22:11:32 - advanced_pipeline - INFO -   Échantillons actuels: 2,000
2025-12-22 22:11:32 - advanced_pipeline - INFO -   Features actuelles: 8
2025-12-22 22:11:32 - advanced_pipeline - INFO -   Âge moyen actuel: 45.3 ± 14.3
2025-12-22 22:11:32 - advanced_pipeline - INFO -   Âge min/max actuel: 18 / 85
2025-12-22 22:11:32 - advanced_pipeline - INFO - ⚖️  COMPARAISON MODÈLE vs NOUVELLES DONNÉES:
2025-12-22 22:11:32 - advanced_pipeline - INFO -   Dérive âge moyen: 0.0 ans
2025-12-22 22:11:32 - advanced_pipeline - INFO -   Dérive écart-type âge: 0.0
2025-12-22 22:11:32 - advanced_pipeline - INFO -   Ratio volume: 1.00x (2,000 vs 2,000)
2025-12-22 22:11:32 - advanced_pipeline - INFO - 🧪 TEST APPLICATION MODÈLE:
2025-12-22 22:11:32 - advanced_pipeline - INFO -   Échantillon testé: 1,000
2025-12-22 22:11:32 - advanced_pipeline - INFO -   Clients clusterisés: 1,000 (100.0%)
2025-12-22 22:11:32 - advanced_pipeline - INFO -   Clients non-clusterisés: 0 (0.0%)
2025-12-22 22:11:32 - advanced_pipeline - INFO -   Strates actives: 10
2025-12-22 22:11:32 - advanced_pipeline - INFO -     - 43-47: 145 clients
2025-12-22 22:11:32 - advanced_pipeline - INFO -     - 48-52: 138 clients
2025-12-22 22:11:32 - advanced_pipeline - INFO -     - 63+: 121 clients
2025-12-22 22:11:32 - advanced_pipeline - INFO -     - 33-37: 119 clients
2025-12-22 22:11:32 - advanced_pipeline - INFO -     - 38-42: 108 clients
2025-12-22 22:11:32 - advanced_pipeline - INFO - 🚨 SIGNAUX POUR DÉCISION MANUELLE:
2025-12-22 22:11:32 - advanced_pipeline - WARNING -   ⚠️  ALERTES DÉTECTÉES:
2025-12-22 22:11:32 - advanced_pipeline - WARNING -       QUALITÉ MODÈLE FAIBLE - Silhouette 0.000
2025-12-22 22:11:32 - advanced_pipeline - WARNING -       TROP DE CLUSTERS UNIQUES - 100.0% des strates
2025-12-22 22:11:32 - advanced_pipeline - WARNING -   💡 RECOMMANDATION: Considérer un recalcul avec force_retrain=True
2025-12-22 22:11:32 - advanced_pipeline - INFO - 📋 RÉSUMÉ DÉCISIONNEL:
2025-12-22 22:11:32 - advanced_pipeline - INFO -   Âge du modèle: 0 jours
2025-12-22 22:11:32 - advanced_pipeline - INFO -   Qualité modèle: Faible
2025-12-22 22:11:32 - advanced_pipeline - INFO -   Dérive détectée: Non
2025-12-22 22:11:32 - advanced_pipeline - INFO -   Couverture: Bonne
2025-12-22 22:11:32 - advanced_pipeline - INFO - APPLICATION MODÈLE EXISTANT
2025-12-22 22:11:32 - advanced_pipeline - INFO - Étape 4: Scoring clients
2025-12-22 22:11:32 - advanced_pipeline - INFO - Scoring terminé: (2000, 58)
2025-12-22 22:11:32 - advanced_pipeline - INFO - Résultats sauvegardés dans: /var/folders/0m/c5clbvqd31s3ynlm0xf7lccw0000gn/T/tmpdhjux35b/models/pipeline_output/20251222_221132
2025-12-22 22:11:32 - advanced_pipeline - INFO - === PIPELINE TERMINÉ AVEC SUCCÈS ===
2025-12-22 22:11:32 - advanced_pipeline - INFO - AdvancedPipeline initialisé - Mode: dev, Clustering: stratifie
2025-12-22 22:11:32 - advanced_pipeline - INFO - Force retrain: True
2025-12-22 22:11:32 - advanced_pipeline - INFO - === DÉMARRAGE PIPELINE AVANCÉ ===
2025-12-22 22:11:32 - advanced_pipeline - INFO - Étape 1: Extraction données
2025-12-22 22:11:32 - advanced_pipeline - INFO - Données extraites: (1000, 19)
2025-12-22 22:11:32 - advanced_pipeline - INFO - Étape 2: Optimisation dimensions
2025-12-22 22:11:32 - advanced_pipeline - INFO - Dimensions optimisées: (1000, 9)
2025-12-22 22:11:32 - advanced_pipeline - INFO - === CLUSTERING AVEC GESTION MODÈLES ===
2025-12-22 22:11:32 - advanced_pipeline - INFO - RECALCUL FORCÉ - Entraînement nouveau modèle
2025-12-22 22:11:33 - advanced_pipeline - INFO - Étape 4: Scoring clients
2025-12-22 22:11:33 - advanced_pipeline - INFO - Scoring terminé: (1000, 58)
2025-12-22 22:11:33 - advanced_pipeline - INFO - Résultats sauvegardés dans: /var/folders/0m/c5clbvqd31s3ynlm0xf7lccw0000gn/T/tmps_sl7s_x/models/pipeline_output/20251222_221132
2025-12-22 22:11:33 - advanced_pipeline - INFO - === PIPELINE TERMINÉ AVEC SUCCÈS ===
2025-12-22 22:11:33 - advanced_pipeline - INFO - AdvancedPipeline initialisé - Mode: dev, Clustering: stratifie
2025-12-22 22:11:33 - advanced_pipeline - INFO - Force retrain: False
2025-12-22 22:11:33 - advanced_pipeline - INFO - AdvancedPipeline initialisé - Mode: dev, Clustering: stratifie
2025-12-22 22:11:33 - advanced_pipeline - INFO - Force retrain: True
2025-12-22 22:11:33 - advanced_pipeline - INFO - === DÉMARRAGE PIPELINE AVANCÉ ===
2025-12-22 22:11:33 - advanced_pipeline - INFO - Étape 1: Extraction données
2025-12-22 22:11:33 - advanced_pipeline - INFO - Données extraites: (1000, 19)
2025-12-22 22:11:33 - advanced_pipeline - INFO - Étape 2: Optimisation dimensions
2025-12-22 22:11:33 - advanced_pipeline - INFO - Dimensions optimisées: (1000, 9)
2025-12-22 22:11:33 - advanced_pipeline - INFO - === CLUSTERING AVEC GESTION MODÈLES ===
2025-12-22 22:11:33 - advanced_pipeline - INFO - RECALCUL FORCÉ - Entraînement nouveau modèle
2025-12-22 22:11:33 - advanced_pipeline - INFO - Étape 4: Scoring clients
2025-12-22 22:11:33 - advanced_pipeline - INFO - Scoring terminé: (1000, 58)
2025-12-22 22:11:33 - advanced_pipeline - INFO - Résultats sauvegardés dans: /var/folders/0m/c5clbvqd31s3ynlm0xf7lccw0000gn/T/tmps_sl7s_x/models/pipeline_output/20251222_221133
2025-12-22 22:11:33 - advanced_pipeline - INFO - === PIPELINE TERMINÉ AVEC SUCCÈS ===
2025-12-22 22:11:33 - advanced_pipeline - INFO - AdvancedPipeline initialisé - Mode: dev, Clustering: stratifie
2025-12-22 22:11:33 - advanced_pipeline - INFO - Force retrain: True
2025-12-22 22:11:33 - advanced_pipeline - INFO - === DÉMARRAGE PIPELINE AVANCÉ ===
2025-12-22 22:11:33 - advanced_pipeline - INFO - Étape 1: Extraction données
2025-12-22 22:11:33 - advanced_pipeline - INFO - Données extraites: (1000, 19)
2025-12-22 22:11:33 - advanced_pipeline - INFO - Étape 2: Optimisation dimensions
2025-12-22 22:11:33 - advanced_pipeline - INFO - Dimensions optimisées: (1000, 9)
2025-12-22 22:11:33 - advanced_pipeline - INFO - === CLUSTERING AVEC GESTION MODÈLES ===
2025-12-22 22:11:33 - advanced_pipeline - INFO - RECALCUL FORCÉ - Entraînement nouveau modèle
2025-12-22 22:11:34 - advanced_pipeline - INFO - Étape 4: Scoring clients
2025-12-22 22:11:34 - advanced_pipeline - INFO - Scoring terminé: (1000, 58)
2025-12-22 22:11:34 - advanced_pipeline - INFO - Résultats sauvegardés dans: /var/folders/0m/c5clbvqd31s3ynlm0xf7lccw0000gn/T/tmpwab_c4zs/models/pipeline_output/20251222_221133
2025-12-22 22:11:34 - advanced_pipeline - INFO - === PIPELINE TERMINÉ AVEC SUCCÈS ===
2025-12-22 22:11:34 - advanced_pipeline - INFO - AdvancedPipeline initialisé - Mode: test, Clustering: stratifie
2025-12-22 22:11:34 - advanced_pipeline - INFO - Force retrain: True
2025-12-22 22:11:34 - advanced_pipeline - INFO - === DÉMARRAGE PIPELINE AVANCÉ ===
2025-12-22 22:11:34 - advanced_pipeline - INFO - Étape 1: Extraction données
2025-12-22 22:11:34 - advanced_pipeline - INFO - Données extraites: (400, 19)
2025-12-22 22:11:34 - advanced_pipeline - INFO - Étape 2: Optimisation dimensions
2025-12-22 22:11:34 - advanced_pipeline - INFO - Dimensions optimisées: (400, 9)
2025-12-22 22:11:34 - advanced_pipeline - INFO - === CLUSTERING AVEC GESTION MODÈLES ===
2025-12-22 22:11:34 - advanced_pipeline - INFO - RECALCUL FORCÉ - Entraînement nouveau modèle
2025-12-22 22:11:34 - advanced_pipeline - INFO - Étape 4: Scoring clients
2025-12-22 22:11:34 - advanced_pipeline - INFO - Scoring terminé: (400, 58)
2025-12-22 22:11:34 - advanced_pipeline - INFO - === PIPELINE TERMINÉ AVEC SUCCÈS ===
2025-12-22 22:16:26 - advanced_pipeline - INFO - Logger advanced_pipeline configuré - Fichier: /Users/taieb/Documents/GITHUB REPO/ML_banking_segmentation/logs/advanced_pipeline_20251222.log
2025-12-22 22:16:26 - advanced_pipeline - INFO - AdvancedPipeline initialisé - Mode: dev, Clustering: stratifie
2025-12-22 22:16:26 - advanced_pipeline - INFO - Force retrain: True
2025-12-22 22:16:26 - advanced_pipeline - INFO - === DÉMARRAGE PIPELINE AVANCÉ ===
2025-12-22 22:16:26 - advanced_pipeline - INFO - Étape 1: Extraction données
2025-12-22 22:16:26 - advanced_pipeline - INFO - Données extraites: (2000, 19)
2025-12-22 22:16:26 - advanced_pipeline - INFO - Étape 2: Optimisation dimensions
2025-12-22 22:16:26 - advanced_pipeline - INFO - Dimensions optimisées: (2000, 9)
2025-12-22 22:16:26 - advanced_pipeline - INFO - === CLUSTERING AVEC GESTION MODÈLES ===
2025-12-22 22:16:26 - advanced_pipeline - INFO - RECALCUL FORCÉ - Entraînement nouveau modèle
2025-12-22 22:16:26 - advanced_pipeline - INFO - Étape 4: Scoring clients
2025-12-22 22:16:27 - advanced_pipeline - INFO - Scoring terminé: (2000, 58)
2025-12-22 22:16:27 - advanced_pipeline - INFO - Résultats sauvegardés dans: /var/folders/0m/c5clbvqd31s3ynlm0xf7lccw0000gn/T/tmpo7z82si7/models/pipeline_output/20251222_221626
2025-12-22 22:16:27 - advanced_pipeline - INFO - === PIPELINE TERMINÉ AVEC SUCCÈS ===
2025-12-22 22:16:27 - advanced_pipeline - INFO - AdvancedPipeline initialisé - Mode: dev, Clustering: stratifie
2025-12-22 22:16:27 - advanced_pipeline - INFO - Force retrain: True
2025-12-22 22:16:27 - advanced_pipeline - INFO - Étape 1: Extraction données
2025-12-22 22:16:27 - advanced_pipeline - INFO - Données extraites: (2000, 19)
2025-12-22 22:16:27 - advanced_pipeline - INFO - Étape 2: Optimisation dimensions
2025-12-22 22:16:27 - advanced_pipeline - INFO - Dimensions optimisées: (2000, 9)
2025-12-22 22:16:27 - advanced_pipeline - INFO - === CLUSTERING AVEC GESTION MODÈLES ===
2025-12-22 22:16:27 - advanced_pipeline - INFO - RECALCUL FORCÉ - Entraînement nouveau modèle
2025-12-22 22:16:27 - advanced_pipeline - INFO - AdvancedPipeline initialisé - Mode: dev, Clustering: stratifie
2025-12-22 22:16:27 - advanced_pipeline - INFO - Force retrain: False
2025-12-22 22:16:27 - advanced_pipeline - INFO - Étape 1: Extraction données
2025-12-22 22:16:27 - advanced_pipeline - INFO - Données extraites: (2000, 19)
2025-12-22 22:16:27 - advanced_pipeline - INFO - AdvancedPipeline initialisé - Mode: dev, Clustering: stratifie
2025-12-22 22:16:27 - advanced_pipeline - INFO - Force retrain: False
2025-12-22 22:16:27 - advanced_pipeline - INFO - AdvancedPipeline initialisé - Mode: dev, Clustering: stratifie
2025-12-22 22:16:27 - advanced_pipeline - INFO - Force retrain: True
2025-12-22 22:16:27 - advanced_pipeline - INFO - === DÉMARRAGE PIPELINE AVANCÉ ===
2025-12-22 22:16:27 - advanced_pipeline - INFO - Étape 1: Extraction données
2025-12-22 22:16:27 - advanced_pipeline - INFO - Données extraites: (2000, 19)
2025-12-22 22:16:27 - advanced_pipeline - INFO - Étape 2: Optimisation dimensions
2025-12-22 22:16:27 - advanced_pipeline - INFO - Dimensions optimisées: (2000, 9)
2025-12-22 22:16:27 - advanced_pipeline - INFO - === CLUSTERING AVEC GESTION MODÈLES ===
2025-12-22 22:16:27 - advanced_pipeline - INFO - RECALCUL FORCÉ - Entraînement nouveau modèle
2025-12-22 22:16:28 - advanced_pipeline - INFO - Étape 4: Scoring clients
2025-12-22 22:16:28 - advanced_pipeline - INFO - Scoring terminé: (2000, 58)
2025-12-22 22:16:28 - advanced_pipeline - INFO - Résultats sauvegardés dans: /var/folders/0m/c5clbvqd31s3ynlm0xf7lccw0000gn/T/tmpo7z82si7/models/pipeline_output/20251222_221627
2025-12-22 22:16:28 - advanced_pipeline - INFO - === PIPELINE TERMINÉ AVEC SUCCÈS ===
2025-12-22 22:16:28 - advanced_pipeline - INFO - AdvancedPipeline initialisé - Mode: dev, Clustering: stratifie
2025-12-22 22:16:28 - advanced_pipeline - INFO - Force retrain: False
2025-12-22 22:16:28 - advanced_pipeline - INFO - AdvancedPipeline initialisé - Mode: test, Clustering: stratifie
2025-12-22 22:16:28 - advanced_pipeline - INFO - Force retrain: False
2025-12-22 22:16:28 - advanced_pipeline - INFO - AdvancedPipeline initialisé - Mode: prod, Clustering: stratifie
2025-12-22 22:16:28 - advanced_pipeline - INFO - Force retrain: False
2025-12-22 22:16:28 - advanced_pipeline - INFO - AdvancedPipeline initialisé - Mode: dev, Clustering: stratifie
2025-12-22 22:16:28 - advanced_pipeline - INFO - Force retrain: False
2025-12-22 22:16:28 - advanced_pipeline - INFO - Étape 1: Extraction données
2025-12-22 22:16:28 - advanced_pipeline - INFO - Données extraites: (2000, 19)
2025-12-22 22:16:28 - advanced_pipeline - INFO - Étape 2: Optimisation dimensions
2025-12-22 22:16:28 - advanced_pipeline - INFO - Dimensions optimisées: (2000, 9)
2025-12-22 22:16:28 - advanced_pipeline - INFO - AdvancedPipeline initialisé - Mode: dev, Clustering: stratifie
2025-12-22 22:16:28 - advanced_pipeline - INFO - Force retrain: False
2025-12-22 22:16:28 - advanced_pipeline - INFO - === DÉMARRAGE PIPELINE AVANCÉ ===
2025-12-22 22:16:28 - advanced_pipeline - INFO - Étape 1: Extraction données
2025-12-22 22:16:28 - advanced_pipeline - INFO - Données extraites: (2000, 19)
2025-12-22 22:16:28 - advanced_pipeline - INFO - Étape 2: Optimisation dimensions
2025-12-22 22:16:28 - advanced_pipeline - INFO - Dimensions optimisées: (2000, 9)
2025-12-22 22:16:28 - advanced_pipeline - INFO - === CLUSTERING AVEC GESTION MODÈLES ===
2025-12-22 22:16:28 - advanced_pipeline - INFO - Modèle existant trouvé: /var/folders/0m/c5clbvqd31s3ynlm0xf7lccw0000gn/T/tmpo7z82si7/models/age_clustering_20251222_221627.pkl
2025-12-22 22:16:28 - advanced_pipeline - INFO - === MÉTRIQUES DÉTAILLÉES DU MODÈLE ===
2025-12-22 22:16:28 - advanced_pipeline - INFO - 📊 MODÈLE EXISTANT:
2025-12-22 22:16:28 - advanced_pipeline - INFO -   Version: 20251222_221627
2025-12-22 22:16:28 - advanced_pipeline - INFO -   Date entraînement: 2025-12-22T22:16:28.394208
2025-12-22 22:16:28 - advanced_pipeline - INFO -   Échantillons entraînement: 2,000
2025-12-22 22:16:28 - advanced_pipeline - INFO -   Features entraînement: 7
2025-12-22 22:16:28 - advanced_pipeline - INFO -   Silhouette moyenne: 0.000
2025-12-22 22:16:28 - advanced_pipeline - INFO -   Min/Max silhouette: 0.000 / 0.000
2025-12-22 22:16:28 - advanced_pipeline - INFO -   Clusters créés: 10
2025-12-22 22:16:28 - advanced_pipeline - INFO -   Strates viables: 10
2025-12-22 22:16:28 - advanced_pipeline - INFO -   Strates cluster unique: 10
2025-12-22 22:16:28 - advanced_pipeline - INFO - 👥 PROFIL DÉMOGRAPHIQUE MODÈLE:
2025-12-22 22:16:28 - advanced_pipeline - INFO -   Âge moyen entraînement: 45.3 ± 14.3
2025-12-22 22:16:28 - advanced_pipeline - INFO -   Âge min/max entraînement: 18 / 85
2025-12-22 22:16:28 - advanced_pipeline - INFO - 📈 NOUVELLES DONNÉES:
2025-12-22 22:16:28 - advanced_pipeline - INFO -   Échantillons actuels: 2,000
2025-12-22 22:16:28 - advanced_pipeline - INFO -   Features actuelles: 8
2025-12-22 22:16:28 - advanced_pipeline - INFO -   Âge moyen actuel: 45.3 ± 14.3
2025-12-22 22:16:28 - advanced_pipeline - INFO -   Âge min/max actuel: 18 / 85
2025-12-22 22:16:28 - advanced_pipeline - INFO - ⚖️  COMPARAISON MODÈLE vs NOUVELLES DONNÉES:
2025-12-22 22:16:28 - advanced_pipeline - INFO -   Dérive âge moyen: 0.0 ans
2025-12-22 22:16:28 - advanced_pipeline - INFO -   Dérive écart-type âge: 0.0
2025-12-22 22:16:28 - advanced_pipeline - INFO -   Ratio volume: 1.00x (2,000 vs 2,000)
2025-12-22 22:16:28 - advanced_pipeline - INFO - 🧪 TEST APPLICATION MODÈLE:
2025-12-22 22:16:28 - advanced_pipeline - INFO -   Échantillon testé: 1,000
2025-12-22 22:16:28 - advanced_pipeline - INFO -   Clients clusterisés: 1,000 (100.0%)
2025-12-22 22:16:28 - advanced_pipeline - INFO -   Clients non-clusterisés: 0 (0.0%)
2025-12-22 22:16:28 - advanced_pipeline - INFO -   Strates actives: 10
2025-12-22 22:16:28 - advanced_pipeline - INFO -     - 43-47: 145 clients
2025-12-22 22:16:28 - advanced_pipeline - INFO -     - 48-52: 138 clients
2025-12-22 22:16:28 - advanced_pipeline - INFO -     - 63+: 121 clients
2025-12-22 22:16:28 - advanced_pipeline - INFO -     - 33-37: 119 clients
2025-12-22 22:16:28 - advanced_pipeline - INFO -     - 38-42: 108 clients
2025-12-22 22:16:28 - advanced_pipeline - INFO - 🚨 SIGNAUX POUR DÉCISION MANUELLE:
2025-12-22 22:16:28 - advanced_pipeline - WARNING -   ⚠️  ALERTES DÉTECTÉES:
2025-12-22 22:16:28 - advanced_pipeline - WARNING -       QUALITÉ MODÈLE FAIBLE - Silhouette 0.000
2025-12-22 22:16:28 - advanced_pipeline - WARNING -       TROP DE CLUSTERS UNIQUES - 100.0% des strates
2025-12-22 22:16:28 - advanced_pipeline - WARNING -   💡 RECOMMANDATION: Considérer un recalcul avec force_retrain=True
2025-12-22 22:16:28 - advanced_pipeline - INFO - 📋 RÉSUMÉ DÉCISIONNEL:
2025-12-22 22:16:28 - advanced_pipeline - INFO -   Âge du modèle: 0 jours
2025-12-22 22:16:28 - advanced_pipeline - INFO -   Qualité modèle: Faible
2025-12-22 22:16:28 - advanced_pipeline - INFO -   Dérive détectée: Non
2025-12-22 22:16:28 - advanced_pipeline - INFO -   Couverture: Bonne
2025-12-22 22:16:28 - advanced_pipeline - INFO - APPLICATION MODÈLE EXISTANT
2025-12-22 22:16:28 - advanced_pipeline - INFO - Étape 4: Scoring clients
2025-12-22 22:16:28 - advanced_pipeline - INFO - Scoring terminé: (2000, 58)
2025-12-22 22:16:28 - advanced_pipeline - INFO - Résultats sauvegardés dans: /var/folders/0m/c5clbvqd31s3ynlm0xf7lccw0000gn/T/tmpo7z82si7/models/pipeline_output/20251222_221628
2025-12-22 22:16:28 - advanced_pipeline - INFO - === PIPELINE TERMINÉ AVEC SUCCÈS ===
2025-12-22 22:16:28 - advanced_pipeline - INFO - AdvancedPipeline initialisé - Mode: test, Clustering: stratifie
2025-12-22 22:16:28 - advanced_pipeline - INFO - Force retrain: False
2025-12-22 22:16:28 - advanced_pipeline - INFO - === DÉMARRAGE PIPELINE AVANCÉ ===
2025-12-22 22:16:28 - advanced_pipeline - INFO - Étape 1: Extraction données
2025-12-22 22:16:28 - advanced_pipeline - INFO - Données extraites: (200, 19)
2025-12-22 22:16:28 - advanced_pipeline - INFO - Étape 2: Optimisation dimensions
2025-12-22 22:16:28 - advanced_pipeline - INFO - Dimensions optimisées: (200, 9)
2025-12-22 22:16:28 - advanced_pipeline - INFO - === CLUSTERING AVEC GESTION MODÈLES ===
2025-12-22 22:16:28 - advanced_pipeline - INFO - Modèle existant trouvé: /var/folders/0m/c5clbvqd31s3ynlm0xf7lccw0000gn/T/tmpo7z82si7/models/age_clustering_20251222_221627.pkl
2025-12-22 22:16:28 - advanced_pipeline - INFO - === MÉTRIQUES DÉTAILLÉES DU MODÈLE ===
2025-12-22 22:16:28 - advanced_pipeline - INFO - 📊 MODÈLE EXISTANT:
2025-12-22 22:16:28 - advanced_pipeline - INFO -   Version: 20251222_221627
2025-12-22 22:16:28 - advanced_pipeline - INFO -   Date entraînement: 2025-12-22T22:16:28.394208
2025-12-22 22:16:28 - advanced_pipeline - INFO -   Échantillons entraînement: 2,000
2025-12-22 22:16:28 - advanced_pipeline - INFO -   Features entraînement: 7
2025-12-22 22:16:28 - advanced_pipeline - INFO -   Silhouette moyenne: 0.000
2025-12-22 22:16:28 - advanced_pipeline - INFO -   Min/Max silhouette: 0.000 / 0.000
2025-12-22 22:16:28 - advanced_pipeline - INFO -   Clusters créés: 10
2025-12-22 22:16:28 - advanced_pipeline - INFO -   Strates viables: 10
2025-12-22 22:16:28 - advanced_pipeline - INFO -   Strates cluster unique: 10
2025-12-22 22:16:28 - advanced_pipeline - INFO - 👥 PROFIL DÉMOGRAPHIQUE MODÈLE:
2025-12-22 22:16:28 - advanced_pipeline - INFO -   Âge moyen entraînement: 45.3 ± 14.3
2025-12-22 22:16:28 - advanced_pipeline - INFO -   Âge min/max entraînement: 18 / 85
2025-12-22 22:16:28 - advanced_pipeline - INFO - 📈 NOUVELLES DONNÉES:
2025-12-22 22:16:28 - advanced_pipeline - INFO -   Échantillons actuels: 200
2025-12-22 22:16:28 - advanced_pipeline - INFO -   Features actuelles: 8
2025-12-22 22:16:28 - advanced_pipeline - INFO -   Âge moyen actuel: 46.6 ± 14.4
2025-12-22 22:16:28 - advanced_pipeline - INFO -   Âge min/max actuel: 18 / 85
2025-12-22 22:16:28 - advanced_pipeline - INFO - ⚖️  COMPARAISON MODÈLE vs NOUVELLES DONNÉES:
2025-12-22 22:16:28 - advanced_pipeline - INFO -   Dérive âge moyen: 1.2 ans
2025-12-22 22:16:28 - advanced_pipeline - INFO -   Dérive écart-type âge: 0.1
2025-12-22 22:16:28 - advanced_pipeline - INFO -   Ratio volume: 0.10x (200 vs 2,000)
2025-12-22 22:16:28 - advanced_pipeline - INFO - 🧪 TEST APPLICATION MODÈLE:
2025-12-22 22:16:29 - advanced_pipeline - INFO -   Échantillon testé: 200
2025-12-22 22:16:29 - advanced_pipeline - INFO -   Clients clusterisés: 200 (100.0%)
2025-12-22 22:16:29 - advanced_pipeline - INFO -   Clients non-clusterisés: 0 (0.0%)
2025-12-22 22:16:29 - advanced_pipeline - INFO -   Strates actives: 10
2025-12-22 22:16:29 - advanced_pipeline - INFO -     - 48-52: 33 clients
2025-12-22 22:16:29 - advanced_pipeline - INFO -     - 43-47: 30 clients
2025-12-22 22:16:29 - advanced_pipeline - INFO -     - 63+: 26 clients
2025-12-22 22:16:29 - advanced_pipeline - INFO -     - 33-37: 24 clients
2025-12-22 22:16:29 - advanced_pipeline - INFO -     - 38-42: 20 clients
2025-12-22 22:16:29 - advanced_pipeline - INFO - 🚨 SIGNAUX POUR DÉCISION MANUELLE:
2025-12-22 22:16:29 - advanced_pipeline - WARNING -   ⚠️  ALERTES DÉTECTÉES:
2025-12-22 22:16:29 - advanced_pipeline - WARNING -       CHANGEMENT VOLUME - Ratio 0.1x par rapport à l'entraînement
2025-12-22 22:16:29 - advanced_pipeline - WARNING -       QUALITÉ MODÈLE FAIBLE - Silhouette 0.000
2025-12-22 22:16:29 - advanced_pipeline - WARNING -       TROP DE CLUSTERS UNIQUES - 100.0% des strates
2025-12-22 22:16:29 - advanced_pipeline - WARNING -   💡 RECOMMANDATION: Considérer un recalcul avec force_retrain=True
2025-12-22 22:16:29 - advanced_pipeline - INFO - 📋 RÉSUMÉ DÉCISIONNEL:
2025-12-22 22:16:29 - advanced_pipeline - INFO -   Âge du modèle: 0 jours
2025-12-22 22:16:29 - advanced_pipeline - INFO -   Qualité modèle: Faible
2025-12-22 22:16:29 - advanced_pipeline - INFO -   Dérive détectée: Oui
2025-12-22 22:16:29 - advanced_pipeline - INFO -   Couverture: Bonne
2025-12-22 22:16:29 - advanced_pipeline - INFO - APPLICATION MODÈLE EXISTANT
2025-12-22 22:16:29 - advanced_pipeline - INFO - Étape 4: Scoring clients
2025-12-22 22:16:29 - advanced_pipeline - INFO - Scoring terminé: (200, 58)
2025-12-22 22:16:29 - advanced_pipeline - INFO - === PIPELINE TERMINÉ AVEC SUCCÈS ===
2025-12-22 22:16:29 - advanced_pipeline - INFO - AdvancedPipeline initialisé - Mode: dev, Clustering: stratifie
2025-12-22 22:16:29 - advanced_pipeline - INFO - Force retrain: True
2025-12-22 22:16:29 - advanced_pipeline - INFO - Étape 1: Extraction données
2025-12-22 22:16:29 - advanced_pipeline - INFO - Données extraites: (2000, 19)
2025-12-22 22:16:29 - advanced_pipeline - INFO - Étape 2: Optimisation dimensions
2025-12-22 22:16:29 - advanced_pipeline - INFO - Dimensions optimisées: (2000, 9)
2025-12-22 22:16:29 - advanced_pipeline - INFO - === CLUSTERING AVEC GESTION MODÈLES ===
2025-12-22 22:16:29 - advanced_pipeline - INFO - RECALCUL FORCÉ - Entraînement nouveau modèle
2025-12-22 22:16:29 - advanced_pipeline - INFO - Étape 4: Scoring clients
2025-12-22 22:16:29 - advanced_pipeline - INFO - Scoring terminé: (2000, 58)
2025-12-22 22:16:29 - advanced_pipeline - INFO - AdvancedPipeline initialisé - Mode: dev, Clustering: stratifie
2025-12-22 22:16:29 - advanced_pipeline - INFO - Force retrain: True
2025-12-22 22:16:29 - advanced_pipeline - INFO - === DÉMARRAGE PIPELINE AVANCÉ ===
2025-12-22 22:16:29 - advanced_pipeline - INFO - Étape 1: Extraction données
2025-12-22 22:16:29 - advanced_pipeline - INFO - Données extraites: (2000, 19)
2025-12-22 22:16:29 - advanced_pipeline - INFO - Étape 2: Optimisation dimensions
2025-12-22 22:16:29 - advanced_pipeline - INFO - Dimensions optimisées: (2000, 9)
2025-12-22 22:16:29 - advanced_pipeline - INFO - === CLUSTERING AVEC GESTION MODÈLES ===
2025-12-22 22:16:29 - advanced_pipeline - INFO - RECALCUL FORCÉ - Entraînement nouveau modèle
2025-12-22 22:16:30 - advanced_pipeline - INFO - Étape 4: Scoring clients
2025-12-22 22:16:30 - advanced_pipeline - INFO - Scoring terminé: (2000, 58)
2025-12-22 22:16:30 - advanced_pipeline - INFO - Résultats sauvegardés dans: /var/folders/0m/c5clbvqd31s3ynlm0xf7lccw0000gn/T/tmpo7z82si7/models/pipeline_output/20251222_221629
2025-12-22 22:16:30 - advanced_pipeline - INFO - === PIPELINE TERMINÉ AVEC SUCCÈS ===
2025-12-22 22:16:30 - advanced_pipeline - INFO - AdvancedPipeline initialisé - Mode: dev, Clustering: stratifie
2025-12-22 22:16:30 - advanced_pipeline - INFO - Force retrain: True
2025-12-22 22:16:30 - advanced_pipeline - INFO - === DÉMARRAGE PIPELINE AVANCÉ ===
2025-12-22 22:16:30 - advanced_pipeline - INFO - Étape 1: Extraction données
2025-12-22 22:16:30 - advanced_pipeline - INFO - Données extraites: (2000, 19)
2025-12-22 22:16:30 - advanced_pipeline - INFO - Étape 2: Optimisation dimensions
2025-12-22 22:16:30 - advanced_pipeline - INFO - Dimensions optimisées: (2000, 9)
2025-12-22 22:16:30 - advanced_pipeline - INFO - === CLUSTERING AVEC GESTION MODÈLES ===
2025-12-22 22:16:30 - advanced_pipeline - INFO - RECALCUL FORCÉ - Entraînement nouveau modèle
2025-12-22 22:16:31 - advanced_pipeline - INFO - Étape 4: Scoring clients
2025-12-22 22:16:31 - advanced_pipeline - INFO - Scoring terminé: (2000, 58)
2025-12-22 22:16:31 - advanced_pipeline - INFO - Résultats sauvegardés dans: /var/folders/0m/c5clbvqd31s3ynlm0xf7lccw0000gn/T/tmpo7z82si7/models/pipeline_output/20251222_221630
2025-12-22 22:16:31 - advanced_pipeline - INFO - === PIPELINE TERMINÉ AVEC SUCCÈS ===
2025-12-22 22:16:31 - advanced_pipeline - INFO - AdvancedPipeline initialisé - Mode: dev, Clustering: stratifie
2025-12-22 22:16:31 - advanced_pipeline - INFO - Force retrain: True
2025-12-22 22:16:31 - advanced_pipeline - INFO - === DÉMARRAGE PIPELINE AVANCÉ ===
2025-12-22 22:16:31 - advanced_pipeline - INFO - Étape 1: Extraction données
2025-12-22 22:16:31 - advanced_pipeline - INFO - Données extraites: (2000, 19)
2025-12-22 22:16:31 - advanced_pipeline - INFO - Étape 2: Optimisation dimensions
2025-12-22 22:16:31 - advanced_pipeline - INFO - Dimensions optimisées: (2000, 9)
2025-12-22 22:16:31 - advanced_pipeline - INFO - === CLUSTERING AVEC GESTION MODÈLES ===
2025-12-22 22:16:31 - advanced_pipeline - INFO - RECALCUL FORCÉ - Entraînement nouveau modèle
2025-12-22 22:16:32 - advanced_pipeline - INFO - Étape 4: Scoring clients
2025-12-22 22:16:32 - advanced_pipeline - INFO - Scoring terminé: (2000, 58)
2025-12-22 22:16:32 - advanced_pipeline - INFO - Résultats sauvegardés dans: /var/folders/0m/c5clbvqd31s3ynlm0xf7lccw0000gn/T/tmpo7z82si7/models/pipeline_output/20251222_221631
2025-12-22 22:16:32 - advanced_pipeline - INFO - === PIPELINE TERMINÉ AVEC SUCCÈS ===
2025-12-22 22:16:32 - advanced_pipeline - INFO - AdvancedPipeline initialisé - Mode: dev, Clustering: stratifie
2025-12-22 22:16:32 - advanced_pipeline - INFO - Force retrain: False
2025-12-22 22:16:32 - advanced_pipeline - INFO - === DÉMARRAGE PIPELINE AVANCÉ ===
2025-12-22 22:16:32 - advanced_pipeline - INFO - Étape 1: Extraction données
2025-12-22 22:16:32 - advanced_pipeline - INFO - Données extraites: (2000, 19)
2025-12-22 22:16:32 - advanced_pipeline - INFO - Étape 2: Optimisation dimensions
2025-12-22 22:16:32 - advanced_pipeline - INFO - Dimensions optimisées: (2000, 9)
2025-12-22 22:16:32 - advanced_pipeline - INFO - === CLUSTERING AVEC GESTION MODÈLES ===
2025-12-22 22:16:32 - advanced_pipeline - INFO - Modèle existant trouvé: /var/folders/0m/c5clbvqd31s3ynlm0xf7lccw0000gn/T/tmpo7z82si7/models/age_clustering_20251222_221631.pkl
2025-12-22 22:16:32 - advanced_pipeline - INFO - === MÉTRIQUES DÉTAILLÉES DU MODÈLE ===
2025-12-22 22:16:32 - advanced_pipeline - INFO - 📊 MODÈLE EXISTANT:
2025-12-22 22:16:32 - advanced_pipeline - INFO -   Version: 20251222_221631
2025-12-22 22:16:32 - advanced_pipeline - INFO -   Date entraînement: 2025-12-22T22:16:32.057107
2025-12-22 22:16:32 - advanced_pipeline - INFO -   Échantillons entraînement: 2,000
2025-12-22 22:16:32 - advanced_pipeline - INFO -   Features entraînement: 7
2025-12-22 22:16:32 - advanced_pipeline - INFO -   Silhouette moyenne: 0.000
2025-12-22 22:16:32 - advanced_pipeline - INFO -   Min/Max silhouette: 0.000 / 0.000
2025-12-22 22:16:32 - advanced_pipeline - INFO -   Clusters créés: 10
2025-12-22 22:16:32 - advanced_pipeline - INFO -   Strates viables: 10
2025-12-22 22:16:32 - advanced_pipeline - INFO -   Strates cluster unique: 10
2025-12-22 22:16:32 - advanced_pipeline - INFO - 👥 PROFIL DÉMOGRAPHIQUE MODÈLE:
2025-12-22 22:16:32 - advanced_pipeline - INFO -   Âge moyen entraînement: 45.3 ± 14.3
2025-12-22 22:16:32 - advanced_pipeline - INFO -   Âge min/max entraînement: 18 / 85
2025-12-22 22:16:32 - advanced_pipeline - INFO - 📈 NOUVELLES DONNÉES:
2025-12-22 22:16:32 - advanced_pipeline - INFO -   Échantillons actuels: 2,000
2025-12-22 22:16:32 - advanced_pipeline - INFO -   Features actuelles: 8
2025-12-22 22:16:32 - advanced_pipeline - INFO -   Âge moyen actuel: 45.3 ± 14.3
2025-12-22 22:16:32 - advanced_pipeline - INFO -   Âge min/max actuel: 18 / 85
2025-12-22 22:16:32 - advanced_pipeline - INFO - ⚖️  COMPARAISON MODÈLE vs NOUVELLES DONNÉES:
2025-12-22 22:16:32 - advanced_pipeline - INFO -   Dérive âge moyen: 0.0 ans
2025-12-22 22:16:32 - advanced_pipeline - INFO -   Dérive écart-type âge: 0.0
2025-12-22 22:16:32 - advanced_pipeline - INFO -   Ratio volume: 1.00x (2,000 vs 2,000)
2025-12-22 22:16:32 - advanced_pipeline - INFO - 🧪 TEST APPLICATION MODÈLE:
2025-12-22 22:16:32 - advanced_pipeline - INFO -   Échantillon testé: 1,000
2025-12-22 22:16:32 - advanced_pipeline - INFO -   Clients clusterisés: 1,000 (100.0%)
2025-12-22 22:16:32 - advanced_pipeline - INFO -   Clients non-clusterisés: 0 (0.0%)
2025-12-22 22:16:32 - advanced_pipeline - INFO -   Strates actives: 10
2025-12-22 22:16:32 - advanced_pipeline - INFO -     - 43-47: 145 clients
2025-12-22 22:16:32 - advanced_pipeline - INFO -     - 48-52: 138 clients
2025-12-22 22:16:32 - advanced_pipeline - INFO -     - 63+: 121 clients
2025-12-22 22:16:32 - advanced_pipeline - INFO -     - 33-37: 119 clients
2025-12-22 22:16:32 - advanced_pipeline - INFO -     - 38-42: 108 clients
2025-12-22 22:16:32 - advanced_pipeline - INFO - 🚨 SIGNAUX POUR DÉCISION MANUELLE:
2025-12-22 22:16:32 - advanced_pipeline - WARNING -   ⚠️  ALERTES DÉTECTÉES:
2025-12-22 22:16:32 - advanced_pipeline - WARNING -       QUALITÉ MODÈLE FAIBLE - Silhouette 0.000
2025-12-22 22:16:32 - advanced_pipeline - WARNING -       TROP DE CLUSTERS UNIQUES - 100.0% des strates
2025-12-22 22:16:32 - advanced_pipeline - WARNING -   💡 RECOMMANDATION: Considérer un recalcul avec force_retrain=True
2025-12-22 22:16:32 - advanced_pipeline - INFO - 📋 RÉSUMÉ DÉCISIONNEL:
2025-12-22 22:16:32 - advanced_pipeline - INFO -   Âge du modèle: 0 jours
2025-12-22 22:16:32 - advanced_pipeline - INFO -   Qualité modèle: Faible
2025-12-22 22:16:32 - advanced_pipeline - INFO -   Dérive détectée: Non
2025-12-22 22:16:32 - advanced_pipeline - INFO -   Couverture: Bonne
2025-12-22 22:16:32 - advanced_pipeline - INFO - APPLICATION MODÈLE EXISTANT
2025-12-22 22:16:32 - advanced_pipeline - INFO - Étape 4: Scoring clients
2025-12-22 22:16:32 - advanced_pipeline - INFO - Scoring terminé: (2000, 58)
2025-12-22 22:16:32 - advanced_pipeline - INFO - Résultats sauvegardés dans: /var/folders/0m/c5clbvqd31s3ynlm0xf7lccw0000gn/T/tmpo7z82si7/models/pipeline_output/20251222_221632
2025-12-22 22:16:32 - advanced_pipeline - INFO - === PIPELINE TERMINÉ AVEC SUCCÈS ===
2025-12-22 22:16:32 - advanced_pipeline - INFO - AdvancedPipeline initialisé - Mode: dev, Clustering: stratifie
2025-12-22 22:16:32 - advanced_pipeline - INFO - Force retrain: True
2025-12-22 22:16:32 - advanced_pipeline - INFO - === DÉMARRAGE PIPELINE AVANCÉ ===
2025-12-22 22:16:32 - advanced_pipeline - INFO - Étape 1: Extraction données
2025-12-22 22:16:32 - advanced_pipeline - INFO - Données extraites: (1000, 19)
2025-12-22 22:16:32 - advanced_pipeline - INFO - Étape 2: Optimisation dimensions
2025-12-22 22:16:32 - advanced_pipeline - INFO - Dimensions optimisées: (1000, 9)
2025-12-22 22:16:32 - advanced_pipeline - INFO - === CLUSTERING AVEC GESTION MODÈLES ===
2025-12-22 22:16:32 - advanced_pipeline - INFO - RECALCUL FORCÉ - Entraînement nouveau modèle
2025-12-22 22:16:33 - advanced_pipeline - INFO - Étape 4: Scoring clients
2025-12-22 22:16:33 - advanced_pipeline - INFO - Scoring terminé: (1000, 58)
2025-12-22 22:16:33 - advanced_pipeline - INFO - Résultats sauvegardés dans: /var/folders/0m/c5clbvqd31s3ynlm0xf7lccw0000gn/T/tmpa71wltnf/models/pipeline_output/20251222_221632
2025-12-22 22:16:33 - advanced_pipeline - INFO - === PIPELINE TERMINÉ AVEC SUCCÈS ===
2025-12-22 22:16:33 - advanced_pipeline - INFO - AdvancedPipeline initialisé - Mode: dev, Clustering: stratifie
2025-12-22 22:16:33 - advanced_pipeline - INFO - Force retrain: False
2025-12-22 22:16:33 - advanced_pipeline - INFO - AdvancedPipeline initialisé - Mode: dev, Clustering: stratifie
2025-12-22 22:16:33 - advanced_pipeline - INFO - Force retrain: True
2025-12-22 22:16:33 - advanced_pipeline - INFO - === DÉMARRAGE PIPELINE AVANCÉ ===
2025-12-22 22:16:33 - advanced_pipeline - INFO - Étape 1: Extraction données
2025-12-22 22:16:33 - advanced_pipeline - INFO - Données extraites: (1000, 19)
2025-12-22 22:16:33 - advanced_pipeline - INFO - Étape 2: Optimisation dimensions
2025-12-22 22:16:33 - advanced_pipeline - INFO - Dimensions optimisées: (1000, 9)
2025-12-22 22:16:33 - advanced_pipeline - INFO - === CLUSTERING AVEC GESTION MODÈLES ===
2025-12-22 22:16:33 - advanced_pipeline - INFO - RECALCUL FORCÉ - Entraînement nouveau modèle
2025-12-22 22:16:33 - advanced_pipeline - INFO - Étape 4: Scoring clients
2025-12-22 22:16:33 - advanced_pipeline - INFO - Scoring terminé: (1000, 58)
2025-12-22 22:16:33 - advanced_pipeline - INFO - Résultats sauvegardés dans: /var/folders/0m/c5clbvqd31s3ynlm0xf7lccw0000gn/T/tmpa71wltnf/models/pipeline_output/20251222_221633
2025-12-22 22:16:33 - advanced_pipeline - INFO - === PIPELINE TERMINÉ AVEC SUCCÈS ===
2025-12-22 22:16:33 - advanced_pipeline - INFO - AdvancedPipeline initialisé - Mode: dev, Clustering: stratifie
2025-12-22 22:16:33 - advanced_pipeline - INFO - Force retrain: True
2025-12-22 22:16:33 - advanced_pipeline - INFO - === DÉMARRAGE PIPELINE AVANCÉ ===
2025-12-22 22:16:33 - advanced_pipeline - INFO - Étape 1: Extraction données
2025-12-22 22:16:33 - advanced_pipeline - INFO - Données extraites: (1000, 19)
2025-12-22 22:16:33 - advanced_pipeline - INFO - Étape 2: Optimisation dimensions
2025-12-22 22:16:33 - advanced_pipeline - INFO - Dimensions optimisées: (1000, 9)
2025-12-22 22:16:33 - advanced_pipeline - INFO - === CLUSTERING AVEC GESTION MODÈLES ===
2025-12-22 22:16:33 - advanced_pipeline - INFO - RECALCUL FORCÉ - Entraînement nouveau modèle
2025-12-22 22:16:34 - advanced_pipeline - INFO - Étape 4: Scoring clients
2025-12-22 22:16:34 - advanced_pipeline - INFO - Scoring terminé: (1000, 58)
2025-12-22 22:16:34 - advanced_pipeline - INFO - Résultats sauvegardés dans: /var/folders/0m/c5clbvqd31s3ynlm0xf7lccw0000gn/T/tmp0j54y_q2/models/pipeline_output/20251222_221633
2025-12-22 22:16:34 - advanced_pipeline - INFO - === PIPELINE TERMINÉ AVEC SUCCÈS ===
2025-12-22 22:16:34 - advanced_pipeline - INFO - AdvancedPipeline initialisé - Mode: test, Clustering: stratifie
2025-12-22 22:16:34 - advanced_pipeline - INFO - Force retrain: True
2025-12-22 22:16:34 - advanced_pipeline - INFO - === DÉMARRAGE PIPELINE AVANCÉ ===
2025-12-22 22:16:34 - advanced_pipeline - INFO - Étape 1: Extraction données
2025-12-22 22:16:34 - advanced_pipeline - INFO - Données extraites: (400, 19)
2025-12-22 22:16:34 - advanced_pipeline - INFO - Étape 2: Optimisation dimensions
2025-12-22 22:16:34 - advanced_pipeline - INFO - Dimensions optimisées: (400, 9)
2025-12-22 22:16:34 - advanced_pipeline - INFO - === CLUSTERING AVEC GESTION MODÈLES ===
2025-12-22 22:16:34 - advanced_pipeline - INFO - RECALCUL FORCÉ - Entraînement nouveau modèle
2025-12-22 22:16:34 - advanced_pipeline - INFO - Étape 4: Scoring clients
2025-12-22 22:16:35 - advanced_pipeline - INFO - Scoring terminé: (400, 58)
2025-12-22 22:16:35 - advanced_pipeline - INFO - === PIPELINE TERMINÉ AVEC SUCCÈS ===
2025-12-22 22:18:12 - advanced_pipeline - INFO - Logger advanced_pipeline configuré - Fichier: /Users/taieb/Documents/GITHUB REPO/ML_banking_segmentation/logs/advanced_pipeline_20251222.log
2025-12-22 22:18:12 - advanced_pipeline - INFO - AdvancedPipeline initialisé - Mode: dev, Clustering: stratifie
2025-12-22 22:18:12 - advanced_pipeline - INFO - Force retrain: True
2025-12-22 22:18:13 - advanced_pipeline - INFO - === DÉMARRAGE PIPELINE AVANCÉ ===
2025-12-22 22:18:13 - advanced_pipeline - INFO - Étape 1: Extraction données
2025-12-22 22:18:13 - advanced_pipeline - INFO - Données extraites: (2000, 19)
2025-12-22 22:18:13 - advanced_pipeline - INFO - Étape 2: Optimisation dimensions
2025-12-22 22:18:13 - advanced_pipeline - INFO - Dimensions optimisées: (2000, 9)
2025-12-22 22:18:13 - advanced_pipeline - INFO - === CLUSTERING AVEC GESTION MODÈLES ===
2025-12-22 22:18:13 - advanced_pipeline - INFO - RECALCUL FORCÉ - Entraînement nouveau modèle
2025-12-22 22:18:13 - advanced_pipeline - INFO - Étape 4: Scoring clients
2025-12-22 22:18:13 - advanced_pipeline - INFO - Scoring terminé: (2000, 58)
2025-12-22 22:18:13 - advanced_pipeline - INFO - Résultats sauvegardés dans: /var/folders/0m/c5clbvqd31s3ynlm0xf7lccw0000gn/T/tmp2tcz9d5m/models/pipeline_output/20251222_221812
2025-12-22 22:18:13 - advanced_pipeline - INFO - === PIPELINE TERMINÉ AVEC SUCCÈS ===
2025-12-22 22:18:13 - advanced_pipeline - INFO - AdvancedPipeline initialisé - Mode: dev, Clustering: stratifie
2025-12-22 22:18:13 - advanced_pipeline - INFO - Force retrain: True
2025-12-22 22:18:13 - advanced_pipeline - INFO - Étape 1: Extraction données
2025-12-22 22:18:13 - advanced_pipeline - INFO - Données extraites: (2000, 19)
2025-12-22 22:18:13 - advanced_pipeline - INFO - Étape 2: Optimisation dimensions
2025-12-22 22:18:13 - advanced_pipeline - INFO - Dimensions optimisées: (2000, 9)
2025-12-22 22:18:13 - advanced_pipeline - INFO - === CLUSTERING AVEC GESTION MODÈLES ===
2025-12-22 22:18:13 - advanced_pipeline - INFO - RECALCUL FORCÉ - Entraînement nouveau modèle
2025-12-22 22:18:14 - advanced_pipeline - INFO - AdvancedPipeline initialisé - Mode: dev, Clustering: stratifie
2025-12-22 22:18:14 - advanced_pipeline - INFO - Force retrain: False
2025-12-22 22:18:14 - advanced_pipeline - INFO - Étape 1: Extraction données
2025-12-22 22:18:14 - advanced_pipeline - INFO - Données extraites: (2000, 19)
2025-12-22 22:18:14 - advanced_pipeline - INFO - AdvancedPipeline initialisé - Mode: dev, Clustering: stratifie
2025-12-22 22:18:14 - advanced_pipeline - INFO - Force retrain: False
2025-12-22 22:18:14 - advanced_pipeline - INFO - AdvancedPipeline initialisé - Mode: dev, Clustering: stratifie
2025-12-22 22:18:14 - advanced_pipeline - INFO - Force retrain: True
2025-12-22 22:18:14 - advanced_pipeline - INFO - === DÉMARRAGE PIPELINE AVANCÉ ===
2025-12-22 22:18:14 - advanced_pipeline - INFO - Étape 1: Extraction données
2025-12-22 22:18:14 - advanced_pipeline - INFO - Données extraites: (2000, 19)
2025-12-22 22:18:14 - advanced_pipeline - INFO - Étape 2: Optimisation dimensions
2025-12-22 22:18:14 - advanced_pipeline - INFO - Dimensions optimisées: (2000, 9)
2025-12-22 22:18:14 - advanced_pipeline - INFO - === CLUSTERING AVEC GESTION MODÈLES ===
2025-12-22 22:18:14 - advanced_pipeline - INFO - RECALCUL FORCÉ - Entraînement nouveau modèle
2025-12-22 22:18:15 - advanced_pipeline - INFO - Étape 4: Scoring clients
2025-12-22 22:18:15 - advanced_pipeline - INFO - Scoring terminé: (2000, 58)
2025-12-22 22:18:15 - advanced_pipeline - INFO - Résultats sauvegardés dans: /var/folders/0m/c5clbvqd31s3ynlm0xf7lccw0000gn/T/tmp2tcz9d5m/models/pipeline_output/20251222_221814
2025-12-22 22:18:15 - advanced_pipeline - INFO - === PIPELINE TERMINÉ AVEC SUCCÈS ===
2025-12-22 22:18:15 - advanced_pipeline - INFO - AdvancedPipeline initialisé - Mode: dev, Clustering: stratifie
2025-12-22 22:18:15 - advanced_pipeline - INFO - Force retrain: False
2025-12-22 22:18:15 - advanced_pipeline - INFO - AdvancedPipeline initialisé - Mode: test, Clustering: stratifie
2025-12-22 22:18:15 - advanced_pipeline - INFO - Force retrain: False
2025-12-22 22:18:15 - advanced_pipeline - INFO - AdvancedPipeline initialisé - Mode: prod, Clustering: stratifie
2025-12-22 22:18:15 - advanced_pipeline - INFO - Force retrain: False
2025-12-22 22:18:15 - advanced_pipeline - INFO - AdvancedPipeline initialisé - Mode: dev, Clustering: stratifie
2025-12-22 22:18:15 - advanced_pipeline - INFO - Force retrain: False
2025-12-22 22:18:15 - advanced_pipeline - INFO - Étape 1: Extraction données
2025-12-22 22:18:15 - advanced_pipeline - INFO - Données extraites: (2000, 19)
2025-12-22 22:18:15 - advanced_pipeline - INFO - Étape 2: Optimisation dimensions
2025-12-22 22:18:15 - advanced_pipeline - INFO - Dimensions optimisées: (2000, 9)
2025-12-22 22:18:15 - advanced_pipeline - INFO - AdvancedPipeline initialisé - Mode: dev, Clustering: stratifie
2025-12-22 22:18:15 - advanced_pipeline - INFO - Force retrain: False
2025-12-22 22:18:15 - advanced_pipeline - INFO - === DÉMARRAGE PIPELINE AVANCÉ ===
2025-12-22 22:18:15 - advanced_pipeline - INFO - Étape 1: Extraction données
2025-12-22 22:18:15 - advanced_pipeline - INFO - Données extraites: (2000, 19)
2025-12-22 22:18:15 - advanced_pipeline - INFO - Étape 2: Optimisation dimensions
2025-12-22 22:18:15 - advanced_pipeline - INFO - Dimensions optimisées: (2000, 9)
2025-12-22 22:18:15 - advanced_pipeline - INFO - === CLUSTERING AVEC GESTION MODÈLES ===
2025-12-22 22:18:15 - advanced_pipeline - INFO - Modèle existant trouvé: /var/folders/0m/c5clbvqd31s3ynlm0xf7lccw0000gn/T/tmp2tcz9d5m/models/age_clustering_20251222_221814.pkl
2025-12-22 22:18:15 - advanced_pipeline - INFO - === MÉTRIQUES DÉTAILLÉES DU MODÈLE ===
2025-12-22 22:18:15 - advanced_pipeline - INFO - 📊 MODÈLE EXISTANT:
2025-12-22 22:18:15 - advanced_pipeline - INFO -   Version: 20251222_221814
2025-12-22 22:18:15 - advanced_pipeline - INFO -   Date entraînement: 2025-12-22T22:18:15.261217
2025-12-22 22:18:15 - advanced_pipeline - INFO -   Échantillons entraînement: 2,000
2025-12-22 22:18:15 - advanced_pipeline - INFO -   Features entraînement: 7
2025-12-22 22:18:15 - advanced_pipeline - INFO -   Silhouette moyenne: 0.000
2025-12-22 22:18:15 - advanced_pipeline - INFO -   Min/Max silhouette: 0.000 / 0.000
2025-12-22 22:18:15 - advanced_pipeline - INFO -   Clusters créés: 10
2025-12-22 22:18:15 - advanced_pipeline - INFO -   Strates viables: 10
2025-12-22 22:18:15 - advanced_pipeline - INFO -   Strates cluster unique: 10
2025-12-22 22:18:15 - advanced_pipeline - INFO - 👥 PROFIL DÉMOGRAPHIQUE MODÈLE:
2025-12-22 22:18:15 - advanced_pipeline - INFO -   Âge moyen entraînement: 45.3 ± 14.3
2025-12-22 22:18:15 - advanced_pipeline - INFO -   Âge min/max entraînement: 18 / 85
2025-12-22 22:18:15 - advanced_pipeline - INFO - 📈 NOUVELLES DONNÉES:
2025-12-22 22:18:15 - advanced_pipeline - INFO -   Échantillons actuels: 2,000
2025-12-22 22:18:15 - advanced_pipeline - INFO -   Features actuelles: 8
2025-12-22 22:18:15 - advanced_pipeline - INFO -   Âge moyen actuel: 45.3 ± 14.3
2025-12-22 22:18:15 - advanced_pipeline - INFO -   Âge min/max actuel: 18 / 85
2025-12-22 22:18:15 - advanced_pipeline - INFO - ⚖️  COMPARAISON MODÈLE vs NOUVELLES DONNÉES:
2025-12-22 22:18:15 - advanced_pipeline - INFO -   Dérive âge moyen: 0.0 ans
2025-12-22 22:18:15 - advanced_pipeline - INFO -   Dérive écart-type âge: 0.0
2025-12-22 22:18:15 - advanced_pipeline - INFO -   Ratio volume: 1.00x (2,000 vs 2,000)
2025-12-22 22:18:15 - advanced_pipeline - INFO - 🧪 TEST APPLICATION MODÈLE:
2025-12-22 22:18:15 - advanced_pipeline - INFO -   Échantillon testé: 1,000
2025-12-22 22:18:15 - advanced_pipeline - INFO -   Clients clusterisés: 1,000 (100.0%)
2025-12-22 22:18:15 - advanced_pipeline - INFO -   Clients non-clusterisés: 0 (0.0%)
2025-12-22 22:18:15 - advanced_pipeline - INFO -   Strates actives: 10
2025-12-22 22:18:15 - advanced_pipeline - INFO -     - 43-47: 145 clients
2025-12-22 22:18:15 - advanced_pipeline - INFO -     - 48-52: 138 clients
2025-12-22 22:18:15 - advanced_pipeline - INFO -     - 63+: 121 clients
2025-12-22 22:18:15 - advanced_pipeline - INFO -     - 33-37: 119 clients
2025-12-22 22:18:15 - advanced_pipeline - INFO -     - 38-42: 108 clients
2025-12-22 22:18:15 - advanced_pipeline - INFO - 🚨 SIGNAUX POUR DÉCISION MANUELLE:
2025-12-22 22:18:15 - advanced_pipeline - WARNING -   ⚠️  ALERTES DÉTECTÉES:
2025-12-22 22:18:15 - advanced_pipeline - WARNING -       QUALITÉ MODÈLE FAIBLE - Silhouette 0.000
2025-12-22 22:18:15 - advanced_pipeline - WARNING -       TROP DE CLUSTERS UNIQUES - 100.0% des strates
2025-12-22 22:18:15 - advanced_pipeline - WARNING -   💡 RECOMMANDATION: Considérer un recalcul avec force_retrain=True
2025-12-22 22:18:15 - advanced_pipeline - INFO - 📋 RÉSUMÉ DÉCISIONNEL:
2025-12-22 22:18:15 - advanced_pipeline - INFO -   Âge du modèle: 0 jours
2025-12-22 22:18:15 - advanced_pipeline - INFO -   Qualité modèle: Faible
2025-12-22 22:18:15 - advanced_pipeline - INFO -   Dérive détectée: Non
2025-12-22 22:18:15 - advanced_pipeline - INFO -   Couverture: Bonne
2025-12-22 22:18:15 - advanced_pipeline - INFO - APPLICATION MODÈLE EXISTANT
2025-12-22 22:18:15 - advanced_pipeline - INFO - Étape 4: Scoring clients
2025-12-22 22:18:15 - advanced_pipeline - INFO - Scoring terminé: (2000, 58)
2025-12-22 22:18:15 - advanced_pipeline - INFO - Résultats sauvegardés dans: /var/folders/0m/c5clbvqd31s3ynlm0xf7lccw0000gn/T/tmp2tcz9d5m/models/pipeline_output/20251222_221815
2025-12-22 22:18:15 - advanced_pipeline - INFO - === PIPELINE TERMINÉ AVEC SUCCÈS ===
2025-12-22 22:18:15 - advanced_pipeline - INFO - AdvancedPipeline initialisé - Mode: test, Clustering: stratifie
2025-12-22 22:18:15 - advanced_pipeline - INFO - Force retrain: False
2025-12-22 22:18:15 - advanced_pipeline - INFO - === DÉMARRAGE PIPELINE AVANCÉ ===
2025-12-22 22:18:15 - advanced_pipeline - INFO - Étape 1: Extraction données
2025-12-22 22:18:15 - advanced_pipeline - INFO - Données extraites: (200, 19)
2025-12-22 22:18:15 - advanced_pipeline - INFO - Étape 2: Optimisation dimensions
2025-12-22 22:18:15 - advanced_pipeline - INFO - Dimensions optimisées: (200, 9)
2025-12-22 22:18:15 - advanced_pipeline - INFO - === CLUSTERING AVEC GESTION MODÈLES ===
2025-12-22 22:18:15 - advanced_pipeline - INFO - Modèle existant trouvé: /var/folders/0m/c5clbvqd31s3ynlm0xf7lccw0000gn/T/tmp2tcz9d5m/models/age_clustering_20251222_221814.pkl
2025-12-22 22:18:15 - advanced_pipeline - INFO - === MÉTRIQUES DÉTAILLÉES DU MODÈLE ===
2025-12-22 22:18:15 - advanced_pipeline - INFO - 📊 MODÈLE EXISTANT:
2025-12-22 22:18:15 - advanced_pipeline - INFO -   Version: 20251222_221814
2025-12-22 22:18:15 - advanced_pipeline - INFO -   Date entraînement: 2025-12-22T22:18:15.261217
2025-12-22 22:18:15 - advanced_pipeline - INFO -   Échantillons entraînement: 2,000
2025-12-22 22:18:15 - advanced_pipeline - INFO -   Features entraînement: 7
2025-12-22 22:18:15 - advanced_pipeline - INFO -   Silhouette moyenne: 0.000
2025-12-22 22:18:15 - advanced_pipeline - INFO -   Min/Max silhouette: 0.000 / 0.000
2025-12-22 22:18:15 - advanced_pipeline - INFO -   Clusters créés: 10
2025-12-22 22:18:15 - advanced_pipeline - INFO -   Strates viables: 10
2025-12-22 22:18:15 - advanced_pipeline - INFO -   Strates cluster unique: 10
2025-12-22 22:18:15 - advanced_pipeline - INFO - 👥 PROFIL DÉMOGRAPHIQUE MODÈLE:
2025-12-22 22:18:15 - advanced_pipeline - INFO -   Âge moyen entraînement: 45.3 ± 14.3
2025-12-22 22:18:15 - advanced_pipeline - INFO -   Âge min/max entraînement: 18 / 85
2025-12-22 22:18:15 - advanced_pipeline - INFO - 📈 NOUVELLES DONNÉES:
2025-12-22 22:18:15 - advanced_pipeline - INFO -   Échantillons actuels: 200
2025-12-22 22:18:15 - advanced_pipeline - INFO -   Features actuelles: 8
2025-12-22 22:18:15 - advanced_pipeline - INFO -   Âge moyen actuel: 46.6 ± 14.4
2025-12-22 22:18:15 - advanced_pipeline - INFO -   Âge min/max actuel: 18 / 85
2025-12-22 22:18:15 - advanced_pipeline - INFO - ⚖️  COMPARAISON MODÈLE vs NOUVELLES DONNÉES:
2025-12-22 22:18:15 - advanced_pipeline - INFO -   Dérive âge moyen: 1.2 ans
2025-12-22 22:18:15 - advanced_pipeline - INFO -   Dérive écart-type âge: 0.1
2025-12-22 22:18:15 - advanced_pipeline - INFO -   Ratio volume: 0.10x (200 vs 2,000)
2025-12-22 22:18:15 - advanced_pipeline - INFO - 🧪 TEST APPLICATION MODÈLE:
2025-12-22 22:18:15 - advanced_pipeline - INFO -   Échantillon testé: 200
2025-12-22 22:18:15 - advanced_pipeline - INFO -   Clients clusterisés: 200 (100.0%)
2025-12-22 22:18:15 - advanced_pipeline - INFO -   Clients non-clusterisés: 0 (0.0%)
2025-12-22 22:18:15 - advanced_pipeline - INFO -   Strates actives: 10
2025-12-22 22:18:15 - advanced_pipeline - INFO -     - 48-52: 33 clients
2025-12-22 22:18:15 - advanced_pipeline - INFO -     - 43-47: 30 clients
2025-12-22 22:18:15 - advanced_pipeline - INFO -     - 63+: 26 clients
2025-12-22 22:18:15 - advanced_pipeline - INFO -     - 33-37: 24 clients
2025-12-22 22:18:15 - advanced_pipeline - INFO -     - 38-42: 20 clients
2025-12-22 22:18:15 - advanced_pipeline - INFO - 🚨 SIGNAUX POUR DÉCISION MANUELLE:
2025-12-22 22:18:15 - advanced_pipeline - WARNING -   ⚠️  ALERTES DÉTECTÉES:
2025-12-22 22:18:15 - advanced_pipeline - WARNING -       CHANGEMENT VOLUME - Ratio 0.1x par rapport à l'entraînement
2025-12-22 22:18:15 - advanced_pipeline - WARNING -       QUALITÉ MODÈLE FAIBLE - Silhouette 0.000
2025-12-22 22:18:15 - advanced_pipeline - WARNING -       TROP DE CLUSTERS UNIQUES - 100.0% des strates
2025-12-22 22:18:15 - advanced_pipeline - WARNING -   💡 RECOMMANDATION: Considérer un recalcul avec force_retrain=True
2025-12-22 22:18:15 - advanced_pipeline - INFO - 📋 RÉSUMÉ DÉCISIONNEL:
2025-12-22 22:18:15 - advanced_pipeline - INFO -   Âge du modèle: 0 jours
2025-12-22 22:18:15 - advanced_pipeline - INFO -   Qualité modèle: Faible
2025-12-22 22:18:15 - advanced_pipeline - INFO -   Dérive détectée: Oui
2025-12-22 22:18:15 - advanced_pipeline - INFO -   Couverture: Bonne
2025-12-22 22:18:15 - advanced_pipeline - INFO - APPLICATION MODÈLE EXISTANT
2025-12-22 22:18:15 - advanced_pipeline - INFO - Étape 4: Scoring clients
2025-12-22 22:18:16 - advanced_pipeline - INFO - Scoring terminé: (200, 58)
2025-12-22 22:18:16 - advanced_pipeline - INFO - === PIPELINE TERMINÉ AVEC SUCCÈS ===
2025-12-22 22:18:16 - advanced_pipeline - INFO - AdvancedPipeline initialisé - Mode: dev, Clustering: stratifie
2025-12-22 22:18:16 - advanced_pipeline - INFO - Force retrain: True
2025-12-22 22:18:16 - advanced_pipeline - INFO - Étape 1: Extraction données
2025-12-22 22:18:16 - advanced_pipeline - INFO - Données extraites: (2000, 19)
2025-12-22 22:18:16 - advanced_pipeline - INFO - Étape 2: Optimisation dimensions
2025-12-22 22:18:16 - advanced_pipeline - INFO - Dimensions optimisées: (2000, 9)
2025-12-22 22:18:16 - advanced_pipeline - INFO - === CLUSTERING AVEC GESTION MODÈLES ===
2025-12-22 22:18:16 - advanced_pipeline - INFO - RECALCUL FORCÉ - Entraînement nouveau modèle
2025-12-22 22:18:16 - advanced_pipeline - INFO - Étape 4: Scoring clients
2025-12-22 22:18:16 - advanced_pipeline - INFO - Scoring terminé: (2000, 58)
2025-12-22 22:18:16 - advanced_pipeline - INFO - AdvancedPipeline initialisé - Mode: dev, Clustering: stratifie
2025-12-22 22:18:16 - advanced_pipeline - INFO - Force retrain: True
2025-12-22 22:18:16 - advanced_pipeline - INFO - === DÉMARRAGE PIPELINE AVANCÉ ===
2025-12-22 22:18:16 - advanced_pipeline - INFO - Étape 1: Extraction données
2025-12-22 22:18:16 - advanced_pipeline - INFO - Données extraites: (2000, 19)
2025-12-22 22:18:16 - advanced_pipeline - INFO - Étape 2: Optimisation dimensions
2025-12-22 22:18:16 - advanced_pipeline - INFO - Dimensions optimisées: (2000, 9)
2025-12-22 22:18:16 - advanced_pipeline - INFO - === CLUSTERING AVEC GESTION MODÈLES ===
2025-12-22 22:18:16 - advanced_pipeline - INFO - RECALCUL FORCÉ - Entraînement nouveau modèle
2025-12-22 22:18:17 - advanced_pipeline - INFO - Étape 4: Scoring clients
2025-12-22 22:18:17 - advanced_pipeline - INFO - Scoring terminé: (2000, 58)
2025-12-22 22:18:17 - advanced_pipeline - INFO - Résultats sauvegardés dans: /var/folders/0m/c5clbvqd31s3ynlm0xf7lccw0000gn/T/tmp2tcz9d5m/models/pipeline_output/20251222_221816
2025-12-22 22:18:17 - advanced_pipeline - INFO - === PIPELINE TERMINÉ AVEC SUCCÈS ===
2025-12-22 22:18:17 - advanced_pipeline - INFO - AdvancedPipeline initialisé - Mode: dev, Clustering: stratifie
2025-12-22 22:18:17 - advanced_pipeline - INFO - Force retrain: True
2025-12-22 22:18:17 - advanced_pipeline - INFO - === DÉMARRAGE PIPELINE AVANCÉ ===
2025-12-22 22:18:17 - advanced_pipeline - INFO - Étape 1: Extraction données
2025-12-22 22:18:17 - advanced_pipeline - INFO - Données extraites: (2000, 19)
2025-12-22 22:18:17 - advanced_pipeline - INFO - Étape 2: Optimisation dimensions
2025-12-22 22:18:17 - advanced_pipeline - INFO - Dimensions optimisées: (2000, 9)
2025-12-22 22:18:17 - advanced_pipeline - INFO - === CLUSTERING AVEC GESTION MODÈLES ===
2025-12-22 22:18:17 - advanced_pipeline - INFO - RECALCUL FORCÉ - Entraînement nouveau modèle
2025-12-22 22:18:18 - advanced_pipeline - INFO - Étape 4: Scoring clients
2025-12-22 22:18:18 - advanced_pipeline - INFO - Scoring terminé: (2000, 58)
2025-12-22 22:18:18 - advanced_pipeline - INFO - Résultats sauvegardés dans: /var/folders/0m/c5clbvqd31s3ynlm0xf7lccw0000gn/T/tmp2tcz9d5m/models/pipeline_output/20251222_221817
2025-12-22 22:18:18 - advanced_pipeline - INFO - === PIPELINE TERMINÉ AVEC SUCCÈS ===
2025-12-22 22:18:18 - advanced_pipeline - INFO - AdvancedPipeline initialisé - Mode: dev, Clustering: stratifie
2025-12-22 22:18:18 - advanced_pipeline - INFO - Force retrain: True
2025-12-22 22:18:18 - advanced_pipeline - INFO - === DÉMARRAGE PIPELINE AVANCÉ ===
2025-12-22 22:18:18 - advanced_pipeline - INFO - Étape 1: Extraction données
2025-12-22 22:18:18 - advanced_pipeline - INFO - Données extraites: (2000, 19)
2025-12-22 22:18:18 - advanced_pipeline - INFO - Étape 2: Optimisation dimensions
2025-12-22 22:18:18 - advanced_pipeline - INFO - Dimensions optimisées: (2000, 9)
2025-12-22 22:18:18 - advanced_pipeline - INFO - === CLUSTERING AVEC GESTION MODÈLES ===
2025-12-22 22:18:18 - advanced_pipeline - INFO - RECALCUL FORCÉ - Entraînement nouveau modèle
2025-12-22 22:18:19 - advanced_pipeline - INFO - Étape 4: Scoring clients
2025-12-22 22:18:19 - advanced_pipeline - INFO - Scoring terminé: (2000, 58)
2025-12-22 22:18:19 - advanced_pipeline - INFO - Résultats sauvegardés dans: /var/folders/0m/c5clbvqd31s3ynlm0xf7lccw0000gn/T/tmp2tcz9d5m/models/pipeline_output/20251222_221818
2025-12-22 22:18:19 - advanced_pipeline - INFO - === PIPELINE TERMINÉ AVEC SUCCÈS ===
2025-12-22 22:18:19 - advanced_pipeline - INFO - AdvancedPipeline initialisé - Mode: dev, Clustering: stratifie
2025-12-22 22:18:19 - advanced_pipeline - INFO - Force retrain: False
2025-12-22 22:18:19 - advanced_pipeline - INFO - === DÉMARRAGE PIPELINE AVANCÉ ===
2025-12-22 22:18:19 - advanced_pipeline - INFO - Étape 1: Extraction données
2025-12-22 22:18:19 - advanced_pipeline - INFO - Données extraites: (2000, 19)
2025-12-22 22:18:19 - advanced_pipeline - INFO - Étape 2: Optimisation dimensions
2025-12-22 22:18:19 - advanced_pipeline - INFO - Dimensions optimisées: (2000, 9)
2025-12-22 22:18:19 - advanced_pipeline - INFO - === CLUSTERING AVEC GESTION MODÈLES ===
2025-12-22 22:18:19 - advanced_pipeline - INFO - Modèle existant trouvé: /var/folders/0m/c5clbvqd31s3ynlm0xf7lccw0000gn/T/tmp2tcz9d5m/models/age_clustering_20251222_221818.pkl
2025-12-22 22:18:19 - advanced_pipeline - INFO - === MÉTRIQUES DÉTAILLÉES DU MODÈLE ===
2025-12-22 22:18:19 - advanced_pipeline - INFO - 📊 MODÈLE EXISTANT:
2025-12-22 22:18:19 - advanced_pipeline - INFO -   Version: 20251222_221818
2025-12-22 22:18:19 - advanced_pipeline - INFO -   Date entraînement: 2025-12-22T22:18:19.070032
2025-12-22 22:18:19 - advanced_pipeline - INFO -   Échantillons entraînement: 2,000
2025-12-22 22:18:19 - advanced_pipeline - INFO -   Features entraînement: 7
2025-12-22 22:18:19 - advanced_pipeline - INFO -   Silhouette moyenne: 0.000
2025-12-22 22:18:19 - advanced_pipeline - INFO -   Min/Max silhouette: 0.000 / 0.000
2025-12-22 22:18:19 - advanced_pipeline - INFO -   Clusters créés: 10
2025-12-22 22:18:19 - advanced_pipeline - INFO -   Strates viables: 10
2025-12-22 22:18:19 - advanced_pipeline - INFO -   Strates cluster unique: 10
2025-12-22 22:18:19 - advanced_pipeline - INFO - 👥 PROFIL DÉMOGRAPHIQUE MODÈLE:
2025-12-22 22:18:19 - advanced_pipeline - INFO -   Âge moyen entraînement: 45.3 ± 14.3
2025-12-22 22:18:19 - advanced_pipeline - INFO -   Âge min/max entraînement: 18 / 85
2025-12-22 22:18:19 - advanced_pipeline - INFO - 📈 NOUVELLES DONNÉES:
2025-12-22 22:18:19 - advanced_pipeline - INFO -   Échantillons actuels: 2,000
2025-12-22 22:18:19 - advanced_pipeline - INFO -   Features actuelles: 8
2025-12-22 22:18:19 - advanced_pipeline - INFO -   Âge moyen actuel: 45.3 ± 14.3
2025-12-22 22:18:19 - advanced_pipeline - INFO -   Âge min/max actuel: 18 / 85
2025-12-22 22:18:19 - advanced_pipeline - INFO - ⚖️  COMPARAISON MODÈLE vs NOUVELLES DONNÉES:
2025-12-22 22:18:19 - advanced_pipeline - INFO -   Dérive âge moyen: 0.0 ans
2025-12-22 22:18:19 - advanced_pipeline - INFO -   Dérive écart-type âge: 0.0
2025-12-22 22:18:19 - advanced_pipeline - INFO -   Ratio volume: 1.00x (2,000 vs 2,000)
2025-12-22 22:18:19 - advanced_pipeline - INFO - 🧪 TEST APPLICATION MODÈLE:
2025-12-22 22:18:19 - advanced_pipeline - INFO -   Échantillon testé: 1,000
2025-12-22 22:18:19 - advanced_pipeline - INFO -   Clients clusterisés: 1,000 (100.0%)
2025-12-22 22:18:19 - advanced_pipeline - INFO -   Clients non-clusterisés: 0 (0.0%)
2025-12-22 22:18:19 - advanced_pipeline - INFO -   Strates actives: 10
2025-12-22 22:18:19 - advanced_pipeline - INFO -     - 43-47: 145 clients
2025-12-22 22:18:19 - advanced_pipeline - INFO -     - 48-52: 138 clients
2025-12-22 22:18:19 - advanced_pipeline - INFO -     - 63+: 121 clients
2025-12-22 22:18:19 - advanced_pipeline - INFO -     - 33-37: 119 clients
2025-12-22 22:18:19 - advanced_pipeline - INFO -     - 38-42: 108 clients
2025-12-22 22:18:19 - advanced_pipeline - INFO - 🚨 SIGNAUX POUR DÉCISION MANUELLE:
2025-12-22 22:18:19 - advanced_pipeline - WARNING -   ⚠️  ALERTES DÉTECTÉES:
2025-12-22 22:18:19 - advanced_pipeline - WARNING -       QUALITÉ MODÈLE FAIBLE - Silhouette 0.000
2025-12-22 22:18:19 - advanced_pipeline - WARNING -       TROP DE CLUSTERS UNIQUES - 100.0% des strates
2025-12-22 22:18:19 - advanced_pipeline - WARNING -   💡 RECOMMANDATION: Considérer un recalcul avec force_retrain=True
2025-12-22 22:18:19 - advanced_pipeline - INFO - 📋 RÉSUMÉ DÉCISIONNEL:
2025-12-22 22:18:19 - advanced_pipeline - INFO -   Âge du modèle: 0 jours
2025-12-22 22:18:19 - advanced_pipeline - INFO -   Qualité modèle: Faible
2025-12-22 22:18:19 - advanced_pipeline - INFO -   Dérive détectée: Non
2025-12-22 22:18:19 - advanced_pipeline - INFO -   Couverture: Bonne
2025-12-22 22:18:19 - advanced_pipeline - INFO - APPLICATION MODÈLE EXISTANT
2025-12-22 22:18:19 - advanced_pipeline - INFO - Étape 4: Scoring clients
2025-12-22 22:18:19 - advanced_pipeline - INFO - Scoring terminé: (2000, 58)
2025-12-22 22:18:19 - advanced_pipeline - INFO - Résultats sauvegardés dans: /var/folders/0m/c5clbvqd31s3ynlm0xf7lccw0000gn/T/tmp2tcz9d5m/models/pipeline_output/20251222_221819
2025-12-22 22:18:19 - advanced_pipeline - INFO - === PIPELINE TERMINÉ AVEC SUCCÈS ===
2025-12-22 22:18:19 - advanced_pipeline - INFO - AdvancedPipeline initialisé - Mode: dev, Clustering: stratifie
2025-12-22 22:18:19 - advanced_pipeline - INFO - Force retrain: True
2025-12-22 22:18:19 - advanced_pipeline - INFO - === DÉMARRAGE PIPELINE AVANCÉ ===
2025-12-22 22:18:19 - advanced_pipeline - INFO - Étape 1: Extraction données
2025-12-22 22:18:19 - advanced_pipeline - INFO - Données extraites: (1000, 19)
2025-12-22 22:18:19 - advanced_pipeline - INFO - Étape 2: Optimisation dimensions
2025-12-22 22:18:19 - advanced_pipeline - INFO - Dimensions optimisées: (1000, 9)
2025-12-22 22:18:19 - advanced_pipeline - INFO - === CLUSTERING AVEC GESTION MODÈLES ===
2025-12-22 22:18:19 - advanced_pipeline - INFO - RECALCUL FORCÉ - Entraînement nouveau modèle
2025-12-22 22:18:20 - advanced_pipeline - INFO - Étape 4: Scoring clients
2025-12-22 22:18:20 - advanced_pipeline - INFO - Scoring terminé: (1000, 58)
2025-12-22 22:18:20 - advanced_pipeline - INFO - Résultats sauvegardés dans: /var/folders/0m/c5clbvqd31s3ynlm0xf7lccw0000gn/T/tmpebt7i103/models/pipeline_output/20251222_221819
2025-12-22 22:18:20 - advanced_pipeline - INFO - === PIPELINE TERMINÉ AVEC SUCCÈS ===
2025-12-22 22:18:20 - advanced_pipeline - INFO - AdvancedPipeline initialisé - Mode: dev, Clustering: stratifie
2025-12-22 22:18:20 - advanced_pipeline - INFO - Force retrain: False
2025-12-22 22:18:20 - advanced_pipeline - INFO - AdvancedPipeline initialisé - Mode: dev, Clustering: stratifie
2025-12-22 22:18:20 - advanced_pipeline - INFO - Force retrain: True
2025-12-22 22:18:20 - advanced_pipeline - INFO - === DÉMARRAGE PIPELINE AVANCÉ ===
2025-12-22 22:18:20 - advanced_pipeline - INFO - Étape 1: Extraction données
2025-12-22 22:18:20 - advanced_pipeline - INFO - Données extraites: (1000, 19)
2025-12-22 22:18:20 - advanced_pipeline - INFO - Étape 2: Optimisation dimensions
2025-12-22 22:18:20 - advanced_pipeline - INFO - Dimensions optimisées: (1000, 9)
2025-12-22 22:18:20 - advanced_pipeline - INFO - === CLUSTERING AVEC GESTION MODÈLES ===
2025-12-22 22:18:20 - advanced_pipeline - INFO - RECALCUL FORCÉ - Entraînement nouveau modèle
2025-12-22 22:18:20 - advanced_pipeline - INFO - Étape 4: Scoring clients
2025-12-22 22:18:20 - advanced_pipeline - INFO - Scoring terminé: (1000, 58)
2025-12-22 22:18:20 - advanced_pipeline - INFO - Résultats sauvegardés dans: /var/folders/0m/c5clbvqd31s3ynlm0xf7lccw0000gn/T/tmpebt7i103/models/pipeline_output/20251222_221820
2025-12-22 22:18:20 - advanced_pipeline - INFO - === PIPELINE TERMINÉ AVEC SUCCÈS ===
2025-12-22 22:18:20 - advanced_pipeline - INFO - AdvancedPipeline initialisé - Mode: dev, Clustering: stratifie
2025-12-22 22:18:20 - advanced_pipeline - INFO - Force retrain: True
2025-12-22 22:18:20 - advanced_pipeline - INFO - === DÉMARRAGE PIPELINE AVANCÉ ===
2025-12-22 22:18:20 - advanced_pipeline - INFO - Étape 1: Extraction données
2025-12-22 22:18:20 - advanced_pipeline - INFO - Données extraites: (1000, 19)
2025-12-22 22:18:20 - advanced_pipeline - INFO - Étape 2: Optimisation dimensions
2025-12-22 22:18:20 - advanced_pipeline - INFO - Dimensions optimisées: (1000, 9)
2025-12-22 22:18:20 - advanced_pipeline - INFO - === CLUSTERING AVEC GESTION MODÈLES ===
2025-12-22 22:18:20 - advanced_pipeline - INFO - RECALCUL FORCÉ - Entraînement nouveau modèle
2025-12-22 22:18:21 - advanced_pipeline - INFO - Étape 4: Scoring clients
2025-12-22 22:18:21 - advanced_pipeline - INFO - Scoring terminé: (1000, 58)
2025-12-22 22:18:21 - advanced_pipeline - INFO - Résultats sauvegardés dans: /var/folders/0m/c5clbvqd31s3ynlm0xf7lccw0000gn/T/tmpxh02g15m/models/pipeline_output/20251222_221820
2025-12-22 22:18:21 - advanced_pipeline - INFO - === PIPELINE TERMINÉ AVEC SUCCÈS ===
2025-12-22 22:18:21 - advanced_pipeline - INFO - AdvancedPipeline initialisé - Mode: test, Clustering: stratifie
2025-12-22 22:18:21 - advanced_pipeline - INFO - Force retrain: True
2025-12-22 22:18:21 - advanced_pipeline - INFO - === DÉMARRAGE PIPELINE AVANCÉ ===
2025-12-22 22:18:21 - advanced_pipeline - INFO - Étape 1: Extraction données
2025-12-22 22:18:21 - advanced_pipeline - INFO - Données extraites: (400, 19)
2025-12-22 22:18:21 - advanced_pipeline - INFO - Étape 2: Optimisation dimensions
2025-12-22 22:18:21 - advanced_pipeline - INFO - Dimensions optimisées: (400, 9)
2025-12-22 22:18:21 - advanced_pipeline - INFO - === CLUSTERING AVEC GESTION MODÈLES ===
2025-12-22 22:18:21 - advanced_pipeline - INFO - RECALCUL FORCÉ - Entraînement nouveau modèle
2025-12-22 22:18:21 - advanced_pipeline - INFO - Étape 4: Scoring clients
2025-12-22 22:18:21 - advanced_pipeline - INFO - Scoring terminé: (400, 58)
2025-12-22 22:18:21 - advanced_pipeline - INFO - === PIPELINE TERMINÉ AVEC SUCCÈS ===
2025-12-22 22:24:59 - advanced_pipeline - INFO - Logger advanced_pipeline configuré - Fichier: /Users/taieb/Documents/GITHUB REPO/ML_banking_segmentation/logs/advanced_pipeline_20251222.log
2025-12-22 22:24:59 - advanced_pipeline - INFO - AdvancedPipeline initialisé - Mode: dev, Clustering: stratifie
2025-12-22 22:24:59 - advanced_pipeline - INFO - Force retrain: True
2025-12-22 22:24:59 - advanced_pipeline - INFO - === DÉMARRAGE PIPELINE AVANCÉ ===
2025-12-22 22:24:59 - advanced_pipeline - INFO - Étape 1: Extraction données
2025-12-22 22:24:59 - advanced_pipeline - INFO - Données extraites: (1000, 19)
2025-12-22 22:24:59 - advanced_pipeline - INFO - Étape 2: Optimisation dimensions
2025-12-22 22:24:59 - advanced_pipeline - INFO - Dimensions optimisées: (1000, 9)
2025-12-22 22:24:59 - advanced_pipeline - INFO - === CLUSTERING AVEC GESTION MODÈLES ===
2025-12-22 22:24:59 - advanced_pipeline - INFO - RECALCUL FORCÉ - Entraînement nouveau modèle
2025-12-22 22:24:59 - advanced_pipeline - INFO - Étape 4: Scoring clients
2025-12-22 22:24:59 - advanced_pipeline - INFO - Scoring terminé: (1000, 58)
2025-12-22 22:24:59 - advanced_pipeline - INFO - Résultats sauvegardés dans: /var/folders/0m/c5clbvqd31s3ynlm0xf7lccw0000gn/T/tmp9jz2l357/models/pipeline_output/20251222_222459
2025-12-22 22:24:59 - advanced_pipeline - INFO - === PIPELINE TERMINÉ AVEC SUCCÈS ===
2025-12-22 22:24:59 - advanced_pipeline - INFO - AdvancedPipeline initialisé - Mode: dev, Clustering: global
2025-12-22 22:24:59 - advanced_pipeline - INFO - Force retrain: True
2025-12-22 22:24:59 - advanced_pipeline - INFO - === DÉMARRAGE PIPELINE AVANCÉ ===
2025-12-22 22:24:59 - advanced_pipeline - INFO - Étape 1: Extraction données
2025-12-22 22:24:59 - advanced_pipeline - INFO - Données extraites: (1000, 19)
2025-12-22 22:24:59 - advanced_pipeline - INFO - Étape 2: Optimisation dimensions
2025-12-22 22:24:59 - advanced_pipeline - INFO - Dimensions optimisées: (1000, 12)
2025-12-22 22:24:59 - advanced_pipeline - INFO - === CLUSTERING AVEC GESTION MODÈLES ===
2025-12-22 22:24:59 - advanced_pipeline - INFO - Mode global: AGE injecté temporairement pour stratification
2025-12-22 22:24:59 - advanced_pipeline - INFO - RECALCUL FORCÉ - Entraînement nouveau modèle
2025-12-22 22:25:00 - advanced_pipeline - INFO - Mode global: AGE temporaire retiré du résultat
2025-12-22 22:25:00 - advanced_pipeline - INFO - Étape 4: Scoring clients
2025-12-22 22:25:00 - advanced_pipeline - INFO - Scoring terminé: (1000, 61)
2025-12-22 22:25:00 - advanced_pipeline - INFO - Résultats sauvegardés dans: /var/folders/0m/c5clbvqd31s3ynlm0xf7lccw0000gn/T/tmp9jz2l357/models/pipeline_output/20251222_222459
2025-12-22 22:25:00 - advanced_pipeline - INFO - === PIPELINE TERMINÉ AVEC SUCCÈS ===
2025-12-22 22:25:17 - advanced_pipeline - INFO - Logger advanced_pipeline configuré - Fichier: /Users/taieb/Documents/GITHUB REPO/ML_banking_segmentation/logs/advanced_pipeline_20251222.log
2025-12-22 22:25:17 - advanced_pipeline - INFO - AdvancedPipeline initialisé - Mode: dev, Clustering: stratifie
2025-12-22 22:25:17 - advanced_pipeline - INFO - Force retrain: True
2025-12-22 22:25:17 - advanced_pipeline - INFO - === DÉMARRAGE PIPELINE AVANCÉ ===
2025-12-22 22:25:17 - advanced_pipeline - INFO - Étape 1: Extraction données
2025-12-22 22:25:17 - advanced_pipeline - INFO - Données extraites: (2000, 19)
2025-12-22 22:25:17 - advanced_pipeline - INFO - Étape 2: Optimisation dimensions
2025-12-22 22:25:17 - advanced_pipeline - INFO - Dimensions optimisées: (2000, 9)
2025-12-22 22:25:17 - advanced_pipeline - INFO - === CLUSTERING AVEC GESTION MODÈLES ===
2025-12-22 22:25:17 - advanced_pipeline - INFO - RECALCUL FORCÉ - Entraînement nouveau modèle
2025-12-22 22:25:18 - advanced_pipeline - INFO - Étape 4: Scoring clients
2025-12-22 22:25:18 - advanced_pipeline - INFO - Scoring terminé: (2000, 58)
2025-12-22 22:25:18 - advanced_pipeline - INFO - Résultats sauvegardés dans: /var/folders/0m/c5clbvqd31s3ynlm0xf7lccw0000gn/T/tmpvgdjk6ih/models/pipeline_output/20251222_222517
2025-12-22 22:25:18 - advanced_pipeline - INFO - === PIPELINE TERMINÉ AVEC SUCCÈS ===
2025-12-22 22:25:18 - advanced_pipeline - INFO - AdvancedPipeline initialisé - Mode: dev, Clustering: stratifie
2025-12-22 22:25:18 - advanced_pipeline - INFO - Force retrain: True
2025-12-22 22:25:18 - advanced_pipeline - INFO - Étape 1: Extraction données
2025-12-22 22:25:18 - advanced_pipeline - INFO - Données extraites: (2000, 19)
2025-12-22 22:25:18 - advanced_pipeline - INFO - Étape 2: Optimisation dimensions
2025-12-22 22:25:18 - advanced_pipeline - INFO - Dimensions optimisées: (2000, 9)
2025-12-22 22:25:18 - advanced_pipeline - INFO - === CLUSTERING AVEC GESTION MODÈLES ===
2025-12-22 22:25:18 - advanced_pipeline - INFO - RECALCUL FORCÉ - Entraînement nouveau modèle
2025-12-22 22:25:19 - advanced_pipeline - INFO - AdvancedPipeline initialisé - Mode: dev, Clustering: stratifie
2025-12-22 22:25:19 - advanced_pipeline - INFO - Force retrain: False
2025-12-22 22:25:19 - advanced_pipeline - INFO - Étape 1: Extraction données
2025-12-22 22:25:19 - advanced_pipeline - INFO - Données extraites: (2000, 19)
2025-12-22 22:25:19 - advanced_pipeline - INFO - AdvancedPipeline initialisé - Mode: dev, Clustering: stratifie
2025-12-22 22:25:19 - advanced_pipeline - INFO - Force retrain: False
2025-12-22 22:25:19 - advanced_pipeline - INFO - AdvancedPipeline initialisé - Mode: dev, Clustering: stratifie
2025-12-22 22:25:19 - advanced_pipeline - INFO - Force retrain: True
2025-12-22 22:25:19 - advanced_pipeline - INFO - === DÉMARRAGE PIPELINE AVANCÉ ===
2025-12-22 22:25:19 - advanced_pipeline - INFO - Étape 1: Extraction données
2025-12-22 22:25:19 - advanced_pipeline - INFO - Données extraites: (2000, 19)
2025-12-22 22:25:19 - advanced_pipeline - INFO - Étape 2: Optimisation dimensions
2025-12-22 22:25:19 - advanced_pipeline - INFO - Dimensions optimisées: (2000, 9)
2025-12-22 22:25:19 - advanced_pipeline - INFO - === CLUSTERING AVEC GESTION MODÈLES ===
2025-12-22 22:25:19 - advanced_pipeline - INFO - RECALCUL FORCÉ - Entraînement nouveau modèle
2025-12-22 22:25:19 - advanced_pipeline - INFO - Étape 4: Scoring clients
2025-12-22 22:25:20 - advanced_pipeline - INFO - Scoring terminé: (2000, 58)
2025-12-22 22:25:20 - advanced_pipeline - INFO - Résultats sauvegardés dans: /var/folders/0m/c5clbvqd31s3ynlm0xf7lccw0000gn/T/tmpvgdjk6ih/models/pipeline_output/20251222_222519
2025-12-22 22:25:20 - advanced_pipeline - INFO - === PIPELINE TERMINÉ AVEC SUCCÈS ===
2025-12-22 22:25:20 - advanced_pipeline - INFO - AdvancedPipeline initialisé - Mode: dev, Clustering: stratifie
2025-12-22 22:25:20 - advanced_pipeline - INFO - Force retrain: False
2025-12-22 22:25:20 - advanced_pipeline - INFO - AdvancedPipeline initialisé - Mode: test, Clustering: stratifie
2025-12-22 22:25:20 - advanced_pipeline - INFO - Force retrain: False
2025-12-22 22:25:20 - advanced_pipeline - INFO - AdvancedPipeline initialisé - Mode: prod, Clustering: stratifie
2025-12-22 22:25:20 - advanced_pipeline - INFO - Force retrain: False
2025-12-22 22:25:20 - advanced_pipeline - INFO - AdvancedPipeline initialisé - Mode: dev, Clustering: stratifie
2025-12-22 22:25:20 - advanced_pipeline - INFO - Force retrain: False
2025-12-22 22:25:20 - advanced_pipeline - INFO - Étape 1: Extraction données
2025-12-22 22:25:20 - advanced_pipeline - INFO - Données extraites: (2000, 19)
2025-12-22 22:25:20 - advanced_pipeline - INFO - Étape 2: Optimisation dimensions
2025-12-22 22:25:20 - advanced_pipeline - INFO - Dimensions optimisées: (2000, 9)
2025-12-22 22:25:20 - advanced_pipeline - INFO - AdvancedPipeline initialisé - Mode: dev, Clustering: stratifie
2025-12-22 22:25:20 - advanced_pipeline - INFO - Force retrain: False
2025-12-22 22:25:20 - advanced_pipeline - INFO - === DÉMARRAGE PIPELINE AVANCÉ ===
2025-12-22 22:25:20 - advanced_pipeline - INFO - Étape 1: Extraction données
2025-12-22 22:25:20 - advanced_pipeline - INFO - Données extraites: (2000, 19)
2025-12-22 22:25:20 - advanced_pipeline - INFO - Étape 2: Optimisation dimensions
2025-12-22 22:25:20 - advanced_pipeline - INFO - Dimensions optimisées: (2000, 9)
2025-12-22 22:25:20 - advanced_pipeline - INFO - === CLUSTERING AVEC GESTION MODÈLES ===
2025-12-22 22:25:20 - advanced_pipeline - INFO - Modèle existant trouvé: /var/folders/0m/c5clbvqd31s3ynlm0xf7lccw0000gn/T/tmpvgdjk6ih/models/age_clustering_20251222_222519.pkl
2025-12-22 22:25:20 - advanced_pipeline - INFO - === MÉTRIQUES DÉTAILLÉES DU MODÈLE ===
2025-12-22 22:25:20 - advanced_pipeline - INFO - 📊 MODÈLE EXISTANT:
2025-12-22 22:25:20 - advanced_pipeline - INFO -   Version: 20251222_222519
2025-12-22 22:25:20 - advanced_pipeline - INFO -   Date entraînement: 2025-12-22T22:25:19.905837
2025-12-22 22:25:20 - advanced_pipeline - INFO -   Échantillons entraînement: 2,000
2025-12-22 22:25:20 - advanced_pipeline - INFO -   Features entraînement: 7
2025-12-22 22:25:20 - advanced_pipeline - INFO -   Silhouette moyenne: 0.000
2025-12-22 22:25:20 - advanced_pipeline - INFO -   Min/Max silhouette: 0.000 / 0.000
2025-12-22 22:25:20 - advanced_pipeline - INFO -   Clusters créés: 10
2025-12-22 22:25:20 - advanced_pipeline - INFO -   Strates viables: 10
2025-12-22 22:25:20 - advanced_pipeline - INFO -   Strates cluster unique: 10
2025-12-22 22:25:20 - advanced_pipeline - INFO - 👥 PROFIL DÉMOGRAPHIQUE MODÈLE:
2025-12-22 22:25:20 - advanced_pipeline - INFO -   Âge moyen entraînement: 45.3 ± 14.3
2025-12-22 22:25:20 - advanced_pipeline - INFO -   Âge min/max entraînement: 18 / 85
2025-12-22 22:25:20 - advanced_pipeline - INFO - 📈 NOUVELLES DONNÉES:
2025-12-22 22:25:20 - advanced_pipeline - INFO -   Échantillons actuels: 2,000
2025-12-22 22:25:20 - advanced_pipeline - INFO -   Features actuelles: 8
2025-12-22 22:25:20 - advanced_pipeline - INFO -   Âge moyen actuel: 45.3 ± 14.3
2025-12-22 22:25:20 - advanced_pipeline - INFO -   Âge min/max actuel: 18 / 85
2025-12-22 22:25:20 - advanced_pipeline - INFO - ⚖️  COMPARAISON MODÈLE vs NOUVELLES DONNÉES:
2025-12-22 22:25:20 - advanced_pipeline - INFO -   Dérive âge moyen: 0.0 ans
2025-12-22 22:25:20 - advanced_pipeline - INFO -   Dérive écart-type âge: 0.0
2025-12-22 22:25:20 - advanced_pipeline - INFO -   Ratio volume: 1.00x (2,000 vs 2,000)
2025-12-22 22:25:20 - advanced_pipeline - INFO - 🧪 TEST APPLICATION MODÈLE:
2025-12-22 22:25:20 - advanced_pipeline - INFO -   Échantillon testé: 1,000
2025-12-22 22:25:20 - advanced_pipeline - INFO -   Clients clusterisés: 1,000 (100.0%)
2025-12-22 22:25:20 - advanced_pipeline - INFO -   Clients non-clusterisés: 0 (0.0%)
2025-12-22 22:25:20 - advanced_pipeline - INFO -   Strates actives: 10
2025-12-22 22:25:20 - advanced_pipeline - INFO -     - 43-47: 145 clients
2025-12-22 22:25:20 - advanced_pipeline - INFO -     - 48-52: 138 clients
2025-12-22 22:25:20 - advanced_pipeline - INFO -     - 63+: 121 clients
2025-12-22 22:25:20 - advanced_pipeline - INFO -     - 33-37: 119 clients
2025-12-22 22:25:20 - advanced_pipeline - INFO -     - 38-42: 108 clients
2025-12-22 22:25:20 - advanced_pipeline - INFO - 🚨 SIGNAUX POUR DÉCISION MANUELLE:
2025-12-22 22:25:20 - advanced_pipeline - WARNING -   ⚠️  ALERTES DÉTECTÉES:
2025-12-22 22:25:20 - advanced_pipeline - WARNING -       QUALITÉ MODÈLE FAIBLE - Silhouette 0.000
2025-12-22 22:25:20 - advanced_pipeline - WARNING -       TROP DE CLUSTERS UNIQUES - 100.0% des strates
2025-12-22 22:25:20 - advanced_pipeline - WARNING -   💡 RECOMMANDATION: Considérer un recalcul avec force_retrain=True
2025-12-22 22:25:20 - advanced_pipeline - INFO - 📋 RÉSUMÉ DÉCISIONNEL:
2025-12-22 22:25:20 - advanced_pipeline - INFO -   Âge du modèle: 0 jours
2025-12-22 22:25:20 - advanced_pipeline - INFO -   Qualité modèle: Faible
2025-12-22 22:25:20 - advanced_pipeline - INFO -   Dérive détectée: Non
2025-12-22 22:25:20 - advanced_pipeline - INFO -   Couverture: Bonne
2025-12-22 22:25:20 - advanced_pipeline - INFO - APPLICATION MODÈLE EXISTANT
2025-12-22 22:25:20 - advanced_pipeline - INFO - Étape 4: Scoring clients
2025-12-22 22:25:20 - advanced_pipeline - INFO - Scoring terminé: (2000, 58)
2025-12-22 22:25:20 - advanced_pipeline - INFO - Résultats sauvegardés dans: /var/folders/0m/c5clbvqd31s3ynlm0xf7lccw0000gn/T/tmpvgdjk6ih/models/pipeline_output/20251222_222520
2025-12-22 22:25:20 - advanced_pipeline - INFO - === PIPELINE TERMINÉ AVEC SUCCÈS ===
2025-12-22 22:25:20 - advanced_pipeline - INFO - AdvancedPipeline initialisé - Mode: test, Clustering: stratifie
2025-12-22 22:25:20 - advanced_pipeline - INFO - Force retrain: False
2025-12-22 22:25:20 - advanced_pipeline - INFO - === DÉMARRAGE PIPELINE AVANCÉ ===
2025-12-22 22:25:20 - advanced_pipeline - INFO - Étape 1: Extraction données
2025-12-22 22:25:20 - advanced_pipeline - INFO - Données extraites: (200, 19)
2025-12-22 22:25:20 - advanced_pipeline - INFO - Étape 2: Optimisation dimensions
2025-12-22 22:25:20 - advanced_pipeline - INFO - Dimensions optimisées: (200, 9)
2025-12-22 22:25:20 - advanced_pipeline - INFO - === CLUSTERING AVEC GESTION MODÈLES ===
2025-12-22 22:25:20 - advanced_pipeline - INFO - Modèle existant trouvé: /var/folders/0m/c5clbvqd31s3ynlm0xf7lccw0000gn/T/tmpvgdjk6ih/models/age_clustering_20251222_222519.pkl
2025-12-22 22:25:20 - advanced_pipeline - INFO - === MÉTRIQUES DÉTAILLÉES DU MODÈLE ===
2025-12-22 22:25:20 - advanced_pipeline - INFO - 📊 MODÈLE EXISTANT:
2025-12-22 22:25:20 - advanced_pipeline - INFO -   Version: 20251222_222519
2025-12-22 22:25:20 - advanced_pipeline - INFO -   Date entraînement: 2025-12-22T22:25:19.905837
2025-12-22 22:25:20 - advanced_pipeline - INFO -   Échantillons entraînement: 2,000
2025-12-22 22:25:20 - advanced_pipeline - INFO -   Features entraînement: 7
2025-12-22 22:25:20 - advanced_pipeline - INFO -   Silhouette moyenne: 0.000
2025-12-22 22:25:20 - advanced_pipeline - INFO -   Min/Max silhouette: 0.000 / 0.000
2025-12-22 22:25:20 - advanced_pipeline - INFO -   Clusters créés: 10
2025-12-22 22:25:20 - advanced_pipeline - INFO -   Strates viables: 10
2025-12-22 22:25:20 - advanced_pipeline - INFO -   Strates cluster unique: 10
2025-12-22 22:25:20 - advanced_pipeline - INFO - 👥 PROFIL DÉMOGRAPHIQUE MODÈLE:
2025-12-22 22:25:20 - advanced_pipeline - INFO -   Âge moyen entraînement: 45.3 ± 14.3
2025-12-22 22:25:20 - advanced_pipeline - INFO -   Âge min/max entraînement: 18 / 85
2025-12-22 22:25:20 - advanced_pipeline - INFO - 📈 NOUVELLES DONNÉES:
2025-12-22 22:25:20 - advanced_pipeline - INFO -   Échantillons actuels: 200
2025-12-22 22:25:20 - advanced_pipeline - INFO -   Features actuelles: 8
2025-12-22 22:25:20 - advanced_pipeline - INFO -   Âge moyen actuel: 46.6 ± 14.4
2025-12-22 22:25:20 - advanced_pipeline - INFO -   Âge min/max actuel: 18 / 85
2025-12-22 22:25:20 - advanced_pipeline - INFO - ⚖️  COMPARAISON MODÈLE vs NOUVELLES DONNÉES:
2025-12-22 22:25:20 - advanced_pipeline - INFO -   Dérive âge moyen: 1.2 ans
2025-12-22 22:25:20 - advanced_pipeline - INFO -   Dérive écart-type âge: 0.1
2025-12-22 22:25:20 - advanced_pipeline - INFO -   Ratio volume: 0.10x (200 vs 2,000)
2025-12-22 22:25:20 - advanced_pipeline - INFO - 🧪 TEST APPLICATION MODÈLE:
2025-12-22 22:25:20 - advanced_pipeline - INFO -   Échantillon testé: 200
2025-12-22 22:25:20 - advanced_pipeline - INFO -   Clients clusterisés: 200 (100.0%)
2025-12-22 22:25:20 - advanced_pipeline - INFO -   Clients non-clusterisés: 0 (0.0%)
2025-12-22 22:25:20 - advanced_pipeline - INFO -   Strates actives: 10
2025-12-22 22:25:20 - advanced_pipeline - INFO -     - 48-52: 33 clients
2025-12-22 22:25:20 - advanced_pipeline - INFO -     - 43-47: 30 clients
2025-12-22 22:25:20 - advanced_pipeline - INFO -     - 63+: 26 clients
2025-12-22 22:25:20 - advanced_pipeline - INFO -     - 33-37: 24 clients
2025-12-22 22:25:20 - advanced_pipeline - INFO -     - 38-42: 20 clients
2025-12-22 22:25:20 - advanced_pipeline - INFO - 🚨 SIGNAUX POUR DÉCISION MANUELLE:
2025-12-22 22:25:20 - advanced_pipeline - WARNING -   ⚠️  ALERTES DÉTECTÉES:
2025-12-22 22:25:20 - advanced_pipeline - WARNING -       CHANGEMENT VOLUME - Ratio 0.1x par rapport à l'entraînement
2025-12-22 22:25:20 - advanced_pipeline - WARNING -       QUALITÉ MODÈLE FAIBLE - Silhouette 0.000
2025-12-22 22:25:20 - advanced_pipeline - WARNING -       TROP DE CLUSTERS UNIQUES - 100.0% des strates
2025-12-22 22:25:20 - advanced_pipeline - WARNING -   💡 RECOMMANDATION: Considérer un recalcul avec force_retrain=True
2025-12-22 22:25:20 - advanced_pipeline - INFO - 📋 RÉSUMÉ DÉCISIONNEL:
2025-12-22 22:25:20 - advanced_pipeline - INFO -   Âge du modèle: 0 jours
2025-12-22 22:25:20 - advanced_pipeline - INFO -   Qualité modèle: Faible
2025-12-22 22:25:20 - advanced_pipeline - INFO -   Dérive détectée: Oui
2025-12-22 22:25:20 - advanced_pipeline - INFO -   Couverture: Bonne
2025-12-22 22:25:20 - advanced_pipeline - INFO - APPLICATION MODÈLE EXISTANT
2025-12-22 22:25:20 - advanced_pipeline - INFO - Étape 4: Scoring clients
2025-12-22 22:25:20 - advanced_pipeline - INFO - Scoring terminé: (200, 58)
2025-12-22 22:25:20 - advanced_pipeline - INFO - === PIPELINE TERMINÉ AVEC SUCCÈS ===
2025-12-22 22:25:20 - advanced_pipeline - INFO - AdvancedPipeline initialisé - Mode: dev, Clustering: stratifie
2025-12-22 22:25:20 - advanced_pipeline - INFO - Force retrain: True
2025-12-22 22:25:20 - advanced_pipeline - INFO - Étape 1: Extraction données
2025-12-22 22:25:20 - advanced_pipeline - INFO - Données extraites: (2000, 19)
2025-12-22 22:25:20 - advanced_pipeline - INFO - Étape 2: Optimisation dimensions
2025-12-22 22:25:20 - advanced_pipeline - INFO - Dimensions optimisées: (2000, 9)
2025-12-22 22:25:20 - advanced_pipeline - INFO - === CLUSTERING AVEC GESTION MODÈLES ===
2025-12-22 22:25:20 - advanced_pipeline - INFO - RECALCUL FORCÉ - Entraînement nouveau modèle
2025-12-22 22:25:21 - advanced_pipeline - INFO - Étape 4: Scoring clients
2025-12-22 22:25:21 - advanced_pipeline - INFO - Scoring terminé: (2000, 58)
2025-12-22 22:25:21 - advanced_pipeline - INFO - AdvancedPipeline initialisé - Mode: dev, Clustering: stratifie
2025-12-22 22:25:21 - advanced_pipeline - INFO - Force retrain: True
2025-12-22 22:25:21 - advanced_pipeline - INFO - === DÉMARRAGE PIPELINE AVANCÉ ===
2025-12-22 22:25:21 - advanced_pipeline - INFO - Étape 1: Extraction données
2025-12-22 22:25:21 - advanced_pipeline - INFO - Données extraites: (2000, 19)
2025-12-22 22:25:21 - advanced_pipeline - INFO - Étape 2: Optimisation dimensions
2025-12-22 22:25:21 - advanced_pipeline - INFO - Dimensions optimisées: (2000, 9)
2025-12-22 22:25:21 - advanced_pipeline - INFO - === CLUSTERING AVEC GESTION MODÈLES ===
2025-12-22 22:25:21 - advanced_pipeline - INFO - RECALCUL FORCÉ - Entraînement nouveau modèle
2025-12-22 22:25:22 - advanced_pipeline - INFO - Étape 4: Scoring clients
2025-12-22 22:25:22 - advanced_pipeline - INFO - Scoring terminé: (2000, 58)
2025-12-22 22:25:22 - advanced_pipeline - INFO - Résultats sauvegardés dans: /var/folders/0m/c5clbvqd31s3ynlm0xf7lccw0000gn/T/tmpvgdjk6ih/models/pipeline_output/20251222_222521
2025-12-22 22:25:22 - advanced_pipeline - INFO - === PIPELINE TERMINÉ AVEC SUCCÈS ===
2025-12-22 22:25:22 - advanced_pipeline - INFO - AdvancedPipeline initialisé - Mode: dev, Clustering: stratifie
2025-12-22 22:25:22 - advanced_pipeline - INFO - Force retrain: True
2025-12-22 22:25:22 - advanced_pipeline - INFO - === DÉMARRAGE PIPELINE AVANCÉ ===
2025-12-22 22:25:22 - advanced_pipeline - INFO - Étape 1: Extraction données
2025-12-22 22:25:22 - advanced_pipeline - INFO - Données extraites: (2000, 19)
2025-12-22 22:25:22 - advanced_pipeline - INFO - Étape 2: Optimisation dimensions
2025-12-22 22:25:22 - advanced_pipeline - INFO - Dimensions optimisées: (2000, 9)
2025-12-22 22:25:22 - advanced_pipeline - INFO - === CLUSTERING AVEC GESTION MODÈLES ===
2025-12-22 22:25:22 - advanced_pipeline - INFO - RECALCUL FORCÉ - Entraînement nouveau modèle
2025-12-22 22:25:22 - advanced_pipeline - INFO - Étape 4: Scoring clients
2025-12-22 22:25:22 - advanced_pipeline - INFO - Scoring terminé: (2000, 58)
2025-12-22 22:25:22 - advanced_pipeline - INFO - Résultats sauvegardés dans: /var/folders/0m/c5clbvqd31s3ynlm0xf7lccw0000gn/T/tmpvgdjk6ih/models/pipeline_output/20251222_222522
2025-12-22 22:25:22 - advanced_pipeline - INFO - === PIPELINE TERMINÉ AVEC SUCCÈS ===
2025-12-22 22:25:22 - advanced_pipeline - INFO - AdvancedPipeline initialisé - Mode: dev, Clustering: stratifie
2025-12-22 22:25:22 - advanced_pipeline - INFO - Force retrain: True
2025-12-22 22:25:22 - advanced_pipeline - INFO - === DÉMARRAGE PIPELINE AVANCÉ ===
2025-12-22 22:25:22 - advanced_pipeline - INFO - Étape 1: Extraction données
2025-12-22 22:25:23 - advanced_pipeline - INFO - Données extraites: (2000, 19)
2025-12-22 22:25:23 - advanced_pipeline - INFO - Étape 2: Optimisation dimensions
2025-12-22 22:25:23 - advanced_pipeline - INFO - Dimensions optimisées: (2000, 9)
2025-12-22 22:25:23 - advanced_pipeline - INFO - === CLUSTERING AVEC GESTION MODÈLES ===
2025-12-22 22:25:23 - advanced_pipeline - INFO - RECALCUL FORCÉ - Entraînement nouveau modèle
2025-12-22 22:25:23 - advanced_pipeline - INFO - Étape 4: Scoring clients
2025-12-22 22:25:23 - advanced_pipeline - INFO - Scoring terminé: (2000, 58)
2025-12-22 22:25:23 - advanced_pipeline - INFO - Résultats sauvegardés dans: /var/folders/0m/c5clbvqd31s3ynlm0xf7lccw0000gn/T/tmpvgdjk6ih/models/pipeline_output/20251222_222522
2025-12-22 22:25:23 - advanced_pipeline - INFO - === PIPELINE TERMINÉ AVEC SUCCÈS ===
2025-12-22 22:25:23 - advanced_pipeline - INFO - AdvancedPipeline initialisé - Mode: dev, Clustering: stratifie
2025-12-22 22:25:23 - advanced_pipeline - INFO - Force retrain: False
2025-12-22 22:25:23 - advanced_pipeline - INFO - === DÉMARRAGE PIPELINE AVANCÉ ===
2025-12-22 22:25:23 - advanced_pipeline - INFO - Étape 1: Extraction données
2025-12-22 22:25:23 - advanced_pipeline - INFO - Données extraites: (2000, 19)
2025-12-22 22:25:23 - advanced_pipeline - INFO - Étape 2: Optimisation dimensions
2025-12-22 22:25:23 - advanced_pipeline - INFO - Dimensions optimisées: (2000, 9)
2025-12-22 22:25:23 - advanced_pipeline - INFO - === CLUSTERING AVEC GESTION MODÈLES ===
2025-12-22 22:25:23 - advanced_pipeline - INFO - Modèle existant trouvé: /var/folders/0m/c5clbvqd31s3ynlm0xf7lccw0000gn/T/tmpvgdjk6ih/models/age_clustering_20251222_222523.pkl
2025-12-22 22:25:23 - advanced_pipeline - INFO - === MÉTRIQUES DÉTAILLÉES DU MODÈLE ===
2025-12-22 22:25:23 - advanced_pipeline - INFO - 📊 MODÈLE EXISTANT:
2025-12-22 22:25:23 - advanced_pipeline - INFO -   Version: 20251222_222523
2025-12-22 22:25:23 - advanced_pipeline - INFO -   Date entraînement: 2025-12-22T22:25:23.532490
2025-12-22 22:25:23 - advanced_pipeline - INFO -   Échantillons entraînement: 2,000
2025-12-22 22:25:23 - advanced_pipeline - INFO -   Features entraînement: 7
2025-12-22 22:25:23 - advanced_pipeline - INFO -   Silhouette moyenne: 0.000
2025-12-22 22:25:23 - advanced_pipeline - INFO -   Min/Max silhouette: 0.000 / 0.000
2025-12-22 22:25:23 - advanced_pipeline - INFO -   Clusters créés: 10
2025-12-22 22:25:23 - advanced_pipeline - INFO -   Strates viables: 10
2025-12-22 22:25:23 - advanced_pipeline - INFO -   Strates cluster unique: 10
2025-12-22 22:25:23 - advanced_pipeline - INFO - 👥 PROFIL DÉMOGRAPHIQUE MODÈLE:
2025-12-22 22:25:23 - advanced_pipeline - INFO -   Âge moyen entraînement: 45.3 ± 14.3
2025-12-22 22:25:23 - advanced_pipeline - INFO -   Âge min/max entraînement: 18 / 85
2025-12-22 22:25:23 - advanced_pipeline - INFO - 📈 NOUVELLES DONNÉES:
2025-12-22 22:25:23 - advanced_pipeline - INFO -   Échantillons actuels: 2,000
2025-12-22 22:25:23 - advanced_pipeline - INFO -   Features actuelles: 8
2025-12-22 22:25:23 - advanced_pipeline - INFO -   Âge moyen actuel: 45.3 ± 14.3
2025-12-22 22:25:23 - advanced_pipeline - INFO -   Âge min/max actuel: 18 / 85
2025-12-22 22:25:23 - advanced_pipeline - INFO - ⚖️  COMPARAISON MODÈLE vs NOUVELLES DONNÉES:
2025-12-22 22:25:23 - advanced_pipeline - INFO -   Dérive âge moyen: 0.0 ans
2025-12-22 22:25:23 - advanced_pipeline - INFO -   Dérive écart-type âge: 0.0
2025-12-22 22:25:23 - advanced_pipeline - INFO -   Ratio volume: 1.00x (2,000 vs 2,000)
2025-12-22 22:25:23 - advanced_pipeline - INFO - 🧪 TEST APPLICATION MODÈLE:
2025-12-22 22:25:23 - advanced_pipeline - INFO -   Échantillon testé: 1,000
2025-12-22 22:25:23 - advanced_pipeline - INFO -   Clients clusterisés: 1,000 (100.0%)
2025-12-22 22:25:23 - advanced_pipeline - INFO -   Clients non-clusterisés: 0 (0.0%)
2025-12-22 22:25:23 - advanced_pipeline - INFO -   Strates actives: 10
2025-12-22 22:25:23 - advanced_pipeline - INFO -     - 43-47: 145 clients
2025-12-22 22:25:23 - advanced_pipeline - INFO -     - 48-52: 138 clients
2025-12-22 22:25:23 - advanced_pipeline - INFO -     - 63+: 121 clients
2025-12-22 22:25:23 - advanced_pipeline - INFO -     - 33-37: 119 clients
2025-12-22 22:25:23 - advanced_pipeline - INFO -     - 38-42: 108 clients
2025-12-22 22:25:23 - advanced_pipeline - INFO - 🚨 SIGNAUX POUR DÉCISION MANUELLE:
2025-12-22 22:25:23 - advanced_pipeline - WARNING -   ⚠️  ALERTES DÉTECTÉES:
2025-12-22 22:25:23 - advanced_pipeline - WARNING -       QUALITÉ MODÈLE FAIBLE - Silhouette 0.000
2025-12-22 22:25:23 - advanced_pipeline - WARNING -       TROP DE CLUSTERS UNIQUES - 100.0% des strates
2025-12-22 22:25:23 - advanced_pipeline - WARNING -   💡 RECOMMANDATION: Considérer un recalcul avec force_retrain=True
2025-12-22 22:25:23 - advanced_pipeline - INFO - 📋 RÉSUMÉ DÉCISIONNEL:
2025-12-22 22:25:23 - advanced_pipeline - INFO -   Âge du modèle: 0 jours
2025-12-22 22:25:23 - advanced_pipeline - INFO -   Qualité modèle: Faible
2025-12-22 22:25:23 - advanced_pipeline - INFO -   Dérive détectée: Non
2025-12-22 22:25:23 - advanced_pipeline - INFO -   Couverture: Bonne
2025-12-22 22:25:23 - advanced_pipeline - INFO - APPLICATION MODÈLE EXISTANT
2025-12-22 22:25:23 - advanced_pipeline - INFO - Étape 4: Scoring clients
2025-12-22 22:25:23 - advanced_pipeline - INFO - Scoring terminé: (2000, 58)
2025-12-22 22:25:23 - advanced_pipeline - INFO - Résultats sauvegardés dans: /var/folders/0m/c5clbvqd31s3ynlm0xf7lccw0000gn/T/tmpvgdjk6ih/models/pipeline_output/20251222_222523
2025-12-22 22:25:23 - advanced_pipeline - INFO - === PIPELINE TERMINÉ AVEC SUCCÈS ===
2025-12-22 22:25:24 - advanced_pipeline - INFO - AdvancedPipeline initialisé - Mode: dev, Clustering: stratifie
2025-12-22 22:25:24 - advanced_pipeline - INFO - Force retrain: True
2025-12-22 22:25:24 - advanced_pipeline - INFO - === DÉMARRAGE PIPELINE AVANCÉ ===
2025-12-22 22:25:24 - advanced_pipeline - INFO - Étape 1: Extraction données
2025-12-22 22:25:24 - advanced_pipeline - INFO - Données extraites: (1000, 19)
2025-12-22 22:25:24 - advanced_pipeline - INFO - Étape 2: Optimisation dimensions
2025-12-22 22:25:24 - advanced_pipeline - INFO - Dimensions optimisées: (1000, 9)
2025-12-22 22:25:24 - advanced_pipeline - INFO - === CLUSTERING AVEC GESTION MODÈLES ===
2025-12-22 22:25:24 - advanced_pipeline - INFO - RECALCUL FORCÉ - Entraînement nouveau modèle
2025-12-22 22:25:24 - advanced_pipeline - INFO - Étape 4: Scoring clients
2025-12-22 22:25:24 - advanced_pipeline - INFO - Scoring terminé: (1000, 58)
2025-12-22 22:25:24 - advanced_pipeline - INFO - Résultats sauvegardés dans: /var/folders/0m/c5clbvqd31s3ynlm0xf7lccw0000gn/T/tmpa_ff9wvr/models/pipeline_output/20251222_222524
2025-12-22 22:25:24 - advanced_pipeline - INFO - === PIPELINE TERMINÉ AVEC SUCCÈS ===
2025-12-22 22:25:24 - advanced_pipeline - INFO - AdvancedPipeline initialisé - Mode: dev, Clustering: stratifie
2025-12-22 22:25:24 - advanced_pipeline - INFO - Force retrain: False
2025-12-22 22:25:24 - advanced_pipeline - INFO - AdvancedPipeline initialisé - Mode: dev, Clustering: stratifie
2025-12-22 22:25:24 - advanced_pipeline - INFO - Force retrain: True
2025-12-22 22:25:24 - advanced_pipeline - INFO - === DÉMARRAGE PIPELINE AVANCÉ ===
2025-12-22 22:25:24 - advanced_pipeline - INFO - Étape 1: Extraction données
2025-12-22 22:25:24 - advanced_pipeline - INFO - Données extraites: (1000, 19)
2025-12-22 22:25:24 - advanced_pipeline - INFO - Étape 2: Optimisation dimensions
2025-12-22 22:25:24 - advanced_pipeline - INFO - Dimensions optimisées: (1000, 9)
2025-12-22 22:25:24 - advanced_pipeline - INFO - === CLUSTERING AVEC GESTION MODÈLES ===
2025-12-22 22:25:24 - advanced_pipeline - INFO - RECALCUL FORCÉ - Entraînement nouveau modèle
2025-12-22 22:25:24 - advanced_pipeline - INFO - Étape 4: Scoring clients
2025-12-22 22:25:24 - advanced_pipeline - INFO - Scoring terminé: (1000, 58)
2025-12-22 22:25:25 - advanced_pipeline - INFO - Résultats sauvegardés dans: /var/folders/0m/c5clbvqd31s3ynlm0xf7lccw0000gn/T/tmpa_ff9wvr/models/pipeline_output/20251222_222524
2025-12-22 22:25:25 - advanced_pipeline - INFO - === PIPELINE TERMINÉ AVEC SUCCÈS ===
2025-12-22 22:25:25 - advanced_pipeline - INFO - AdvancedPipeline initialisé - Mode: dev, Clustering: stratifie
2025-12-22 22:25:25 - advanced_pipeline - INFO - Force retrain: True
2025-12-22 22:25:25 - advanced_pipeline - INFO - === DÉMARRAGE PIPELINE AVANCÉ ===
2025-12-22 22:25:25 - advanced_pipeline - INFO - Étape 1: Extraction données
2025-12-22 22:25:25 - advanced_pipeline - INFO - Données extraites: (1000, 19)
2025-12-22 22:25:25 - advanced_pipeline - INFO - Étape 2: Optimisation dimensions
2025-12-22 22:25:25 - advanced_pipeline - INFO - Dimensions optimisées: (1000, 9)
2025-12-22 22:25:25 - advanced_pipeline - INFO - === CLUSTERING AVEC GESTION MODÈLES ===
2025-12-22 22:25:25 - advanced_pipeline - INFO - RECALCUL FORCÉ - Entraînement nouveau modèle
2025-12-22 22:25:25 - advanced_pipeline - INFO - Étape 4: Scoring clients
2025-12-22 22:25:25 - advanced_pipeline - INFO - Scoring terminé: (1000, 58)
2025-12-22 22:25:25 - advanced_pipeline - INFO - Résultats sauvegardés dans: /var/folders/0m/c5clbvqd31s3ynlm0xf7lccw0000gn/T/tmprrvenars/models/pipeline_output/20251222_222525
2025-12-22 22:25:25 - advanced_pipeline - INFO - === PIPELINE TERMINÉ AVEC SUCCÈS ===
2025-12-22 22:25:25 - advanced_pipeline - INFO - AdvancedPipeline initialisé - Mode: dev, Clustering: global
2025-12-22 22:25:25 - advanced_pipeline - INFO - Force retrain: True
2025-12-22 22:25:25 - advanced_pipeline - INFO - === DÉMARRAGE PIPELINE AVANCÉ ===
2025-12-22 22:25:25 - advanced_pipeline - INFO - Étape 1: Extraction données
2025-12-22 22:25:25 - advanced_pipeline - INFO - Données extraites: (1000, 19)
2025-12-22 22:25:25 - advanced_pipeline - INFO - Étape 2: Optimisation dimensions
2025-12-22 22:25:25 - advanced_pipeline - INFO - Dimensions optimisées: (1000, 12)
2025-12-22 22:25:25 - advanced_pipeline - INFO - === CLUSTERING AVEC GESTION MODÈLES ===
2025-12-22 22:25:25 - advanced_pipeline - INFO - Mode global: AGE injecté temporairement pour stratification
2025-12-22 22:25:25 - advanced_pipeline - INFO - RECALCUL FORCÉ - Entraînement nouveau modèle
2025-12-22 22:25:26 - advanced_pipeline - INFO - Mode global: AGE temporaire retiré du résultat
2025-12-22 22:25:26 - advanced_pipeline - INFO - Étape 4: Scoring clients
2025-12-22 22:25:26 - advanced_pipeline - INFO - Scoring terminé: (1000, 61)
2025-12-22 22:25:26 - advanced_pipeline - INFO - Résultats sauvegardés dans: /var/folders/0m/c5clbvqd31s3ynlm0xf7lccw0000gn/T/tmprrvenars/models/pipeline_output/20251222_222525
2025-12-22 22:25:26 - advanced_pipeline - INFO - === PIPELINE TERMINÉ AVEC SUCCÈS ===
2025-12-22 22:25:26 - advanced_pipeline - INFO - AdvancedPipeline initialisé - Mode: test, Clustering: stratifie
2025-12-22 22:25:26 - advanced_pipeline - INFO - Force retrain: True
2025-12-22 22:25:26 - advanced_pipeline - INFO - === DÉMARRAGE PIPELINE AVANCÉ ===
2025-12-22 22:25:26 - advanced_pipeline - INFO - Étape 1: Extraction données
2025-12-22 22:25:26 - advanced_pipeline - INFO - Données extraites: (400, 19)
2025-12-22 22:25:26 - advanced_pipeline - INFO - Étape 2: Optimisation dimensions
2025-12-22 22:25:26 - advanced_pipeline - INFO - Dimensions optimisées: (400, 9)
2025-12-22 22:25:26 - advanced_pipeline - INFO - === CLUSTERING AVEC GESTION MODÈLES ===
2025-12-22 22:25:26 - advanced_pipeline - INFO - RECALCUL FORCÉ - Entraînement nouveau modèle
2025-12-22 22:25:26 - advanced_pipeline - INFO - Étape 4: Scoring clients
2025-12-22 22:25:26 - advanced_pipeline - INFO - Scoring terminé: (400, 58)
2025-12-22 22:25:26 - advanced_pipeline - INFO - === PIPELINE TERMINÉ AVEC SUCCÈS ===
