2025-12-22 22:06:06 - client_scoring - INFO - Logger client_scoring configuré - Fichier: /Users/taieb/Documents/GITHUB REPO/ML_banking_segmentation/logs/client_scoring_20251222.log
2025-12-22 22:06:06 - client_scoring - INFO - ClientScoringEngine initialisé - Top clients: 25.0%
2025-12-22 22:06:06 - client_scoring - INFO - Début calcul scores clients intra-cluster
2025-12-22 22:06:06 - client_scoring - INFO - Données clusterisées : (1500, 12)
2025-12-22 22:06:06 - client_scoring - INFO - Données financières : (1500, 8)
2025-12-22 22:06:06 - client_scoring - INFO - Données fusionnées : (1500, 19)
2025-12-22 22:06:06 - client_scoring - INFO - Nettoyage colonne CLUSTER_GLOBAL
2025-12-22 22:06:06 - client_scoring - INFO - Validation groupby réussie : 10 groupes
2025-12-22 22:06:06 - client_scoring - INFO - Clients clusterisés retenus : 1500
2025-12-22 22:06:06 - client_scoring - INFO - Clusters uniques : 10
2025-12-22 22:06:06 - client_scoring - INFO - Préparation données financières
2025-12-22 22:06:06 - client_scoring - INFO - Colonnes PNB disponibles : ['PNB_COLL', 'PNB_CRED', 'PNB_SERV', 'PNB_ASSU']
2025-12-22 22:06:06 - client_scoring - WARNING - Variable EP_LIQUIDE non trouvée - valeur par défaut : 0
2025-12-22 22:06:06 - client_scoring - WARNING - Variable EP_STABLE non trouvée - valeur par défaut : 0
2025-12-22 22:06:06 - client_scoring - WARNING - Variable SLD_DAV non trouvée - valeur par défaut : 0
2025-12-22 22:06:06 - client_scoring - WARNING - Variable détention CD_NOTE_UNVRS_ASSU non trouvée - valeur par défaut : 0
2025-12-22 22:06:06 - client_scoring - INFO - Variable détention CD_NOTE_UNVRS_CRED préparée
2025-12-22 22:06:06 - client_scoring - WARNING - Variable détention CD_NOTE_UNVRS_EPRGN non trouvée - valeur par défaut : 0
2025-12-22 22:06:06 - client_scoring - WARNING - Variable détention CD_NOTE_UNVRS_SERV non trouvée - valeur par défaut : 0
2025-12-22 22:06:06 - client_scoring - WARNING - Variable détention CD_NOTE_POIDS_UNVRS non trouvée - valeur par défaut : 0
2025-12-22 22:06:06 - client_scoring - INFO - Calcul pondération et normalisation PNB par cluster
2025-12-22 22:06:06 - client_scoring - INFO - Score client calculé avec 4 composantes
2025-12-22 22:06:06 - client_scoring - INFO - Calcul potentiels clients (top 25% par cluster)
2025-12-22 22:06:06 - client_scoring - INFO - Potentiels calculés basés sur 372 clients top 25%
2025-12-22 22:06:06 - client_scoring - INFO - Calcul segmentation finale
2025-12-22 22:06:06 - client_scoring - INFO - === MÉTRIQUES DE QUALITÉ SCORING ===
2025-12-22 22:06:06 - client_scoring - INFO - Clients scorés : 1,500
2025-12-22 22:06:06 - client_scoring - INFO - Clusters analysés : 10
2025-12-22 22:06:06 - client_scoring - INFO - Score client moyen : 0.549
2025-12-22 22:06:06 - client_scoring - INFO - Potentiel total : 3,630,108€
2025-12-22 22:06:06 - client_scoring - INFO - Potentiel moyen/client : 2,420€
2025-12-22 22:06:06 - client_scoring - INFO - Couverture scoring : 100.0%
2025-12-22 22:06:06 - client_scoring - INFO - Couverture potentiel : 95.2%
2025-12-22 22:06:06 - client_scoring - INFO - Distribution segments :
2025-12-22 22:06:06 - client_scoring - INFO -   - A developper: 561 clients (37.4%)
2025-12-22 22:06:06 - client_scoring - INFO -   - A stimuler: 460 clients (30.7%)
2025-12-22 22:06:06 - client_scoring - INFO -   - A construire: 376 clients (25.1%)
2025-12-22 22:06:06 - client_scoring - INFO -   - A entretenir: 103 clients (6.9%)
2025-12-22 22:06:06 - client_scoring - INFO - Top 3 clusters par potentiel moyen :
2025-12-22 22:06:06 - client_scoring - INFO -   - 33-37_C0: 2,830€ (162 clients)
2025-12-22 22:06:06 - client_scoring - INFO -   - 43-47_C0: 2,825€ (193 clients)
2025-12-22 22:06:06 - client_scoring - INFO -   - 63+_C0: 2,781€ (160 clients)
2025-12-22 22:06:06 - client_scoring - INFO - Scoring terminé en 0.12s - 1500 clients scorés
2025-12-22 22:06:06 - client_scoring - INFO - ClientScoringEngine initialisé - Top clients: 25.0%
2025-12-22 22:06:06 - client_scoring - INFO - Début calcul scores clients intra-cluster
2025-12-22 22:06:06 - client_scoring - INFO - Données clusterisées : (1500, 12)
2025-12-22 22:06:06 - client_scoring - INFO - Données financières : (1500, 8)
2025-12-22 22:06:06 - client_scoring - INFO - Données fusionnées : (1500, 19)
2025-12-22 22:06:06 - client_scoring - INFO - Nettoyage colonne CLUSTER_GLOBAL
2025-12-22 22:06:06 - client_scoring - INFO - Validation groupby réussie : 10 groupes
2025-12-22 22:06:06 - client_scoring - INFO - Clients clusterisés retenus : 1500
2025-12-22 22:06:06 - client_scoring - INFO - Clusters uniques : 10
2025-12-22 22:06:06 - client_scoring - INFO - Préparation données financières
2025-12-22 22:06:06 - client_scoring - INFO - Colonnes PNB disponibles : ['PNB_COLL', 'PNB_CRED', 'PNB_SERV', 'PNB_ASSU']
2025-12-22 22:06:06 - client_scoring - WARNING - Variable EP_LIQUIDE non trouvée - valeur par défaut : 0
2025-12-22 22:06:06 - client_scoring - WARNING - Variable EP_STABLE non trouvée - valeur par défaut : 0
2025-12-22 22:06:06 - client_scoring - WARNING - Variable SLD_DAV non trouvée - valeur par défaut : 0
2025-12-22 22:06:06 - client_scoring - WARNING - Variable détention CD_NOTE_UNVRS_ASSU non trouvée - valeur par défaut : 0
2025-12-22 22:06:06 - client_scoring - INFO - Variable détention CD_NOTE_UNVRS_CRED préparée
2025-12-22 22:06:06 - client_scoring - WARNING - Variable détention CD_NOTE_UNVRS_EPRGN non trouvée - valeur par défaut : 0
2025-12-22 22:06:06 - client_scoring - WARNING - Variable détention CD_NOTE_UNVRS_SERV non trouvée - valeur par défaut : 0
2025-12-22 22:06:06 - client_scoring - WARNING - Variable détention CD_NOTE_POIDS_UNVRS non trouvée - valeur par défaut : 0
2025-12-22 22:06:06 - client_scoring - INFO - Calcul pondération et normalisation PNB par cluster
2025-12-22 22:06:06 - client_scoring - INFO - Score client calculé avec 4 composantes
2025-12-22 22:06:06 - client_scoring - INFO - Calcul potentiels clients (top 25% par cluster)
2025-12-22 22:06:06 - client_scoring - INFO - Potentiels calculés basés sur 372 clients top 25%
2025-12-22 22:06:06 - client_scoring - INFO - Calcul segmentation finale
2025-12-22 22:06:06 - client_scoring - INFO - === MÉTRIQUES DE QUALITÉ SCORING ===
2025-12-22 22:06:06 - client_scoring - INFO - Clients scorés : 1,500
2025-12-22 22:06:06 - client_scoring - INFO - Clusters analysés : 10
2025-12-22 22:06:06 - client_scoring - INFO - Score client moyen : 0.549
2025-12-22 22:06:06 - client_scoring - INFO - Potentiel total : 3,630,108€
2025-12-22 22:06:06 - client_scoring - INFO - Potentiel moyen/client : 2,420€
2025-12-22 22:06:06 - client_scoring - INFO - Couverture scoring : 100.0%
2025-12-22 22:06:06 - client_scoring - INFO - Couverture potentiel : 95.2%
2025-12-22 22:06:06 - client_scoring - INFO - Distribution segments :
2025-12-22 22:06:06 - client_scoring - INFO -   - A developper: 561 clients (37.4%)
2025-12-22 22:06:06 - client_scoring - INFO -   - A stimuler: 460 clients (30.7%)
2025-12-22 22:06:06 - client_scoring - INFO -   - A construire: 376 clients (25.1%)
2025-12-22 22:06:06 - client_scoring - INFO -   - A entretenir: 103 clients (6.9%)
2025-12-22 22:06:06 - client_scoring - INFO - Top 3 clusters par potentiel moyen :
2025-12-22 22:06:06 - client_scoring - INFO -   - 33-37_C0: 2,830€ (162 clients)
2025-12-22 22:06:06 - client_scoring - INFO -   - 43-47_C0: 2,825€ (193 clients)
2025-12-22 22:06:06 - client_scoring - INFO -   - 63+_C0: 2,781€ (160 clients)
2025-12-22 22:06:06 - client_scoring - INFO - Scoring terminé en 0.17s - 1500 clients scorés
2025-12-22 22:06:06 - client_scoring - INFO - ClientScoringEngine initialisé - Top clients: 25.0%
2025-12-22 22:06:06 - client_scoring - INFO - Début calcul scores clients intra-cluster
2025-12-22 22:06:06 - client_scoring - INFO - Données clusterisées : (1500, 12)
2025-12-22 22:06:06 - client_scoring - INFO - Données financières : (1500, 8)
2025-12-22 22:06:06 - client_scoring - INFO - Données fusionnées : (1500, 19)
2025-12-22 22:06:06 - client_scoring - INFO - Nettoyage colonne CLUSTER_GLOBAL
2025-12-22 22:06:06 - client_scoring - INFO - Validation groupby réussie : 10 groupes
2025-12-22 22:06:06 - client_scoring - INFO - Clients clusterisés retenus : 1500
2025-12-22 22:06:06 - client_scoring - INFO - Clusters uniques : 10
2025-12-22 22:06:06 - client_scoring - INFO - Préparation données financières
2025-12-22 22:06:06 - client_scoring - INFO - Colonnes PNB disponibles : ['PNB_COLL', 'PNB_CRED', 'PNB_SERV', 'PNB_ASSU']
2025-12-22 22:06:06 - client_scoring - WARNING - Variable EP_LIQUIDE non trouvée - valeur par défaut : 0
2025-12-22 22:06:06 - client_scoring - WARNING - Variable EP_STABLE non trouvée - valeur par défaut : 0
2025-12-22 22:06:06 - client_scoring - WARNING - Variable SLD_DAV non trouvée - valeur par défaut : 0
2025-12-22 22:06:06 - client_scoring - WARNING - Variable détention CD_NOTE_UNVRS_ASSU non trouvée - valeur par défaut : 0
2025-12-22 22:06:06 - client_scoring - INFO - Variable détention CD_NOTE_UNVRS_CRED préparée
2025-12-22 22:06:06 - client_scoring - WARNING - Variable détention CD_NOTE_UNVRS_EPRGN non trouvée - valeur par défaut : 0
2025-12-22 22:06:06 - client_scoring - WARNING - Variable détention CD_NOTE_UNVRS_SERV non trouvée - valeur par défaut : 0
2025-12-22 22:06:06 - client_scoring - WARNING - Variable détention CD_NOTE_POIDS_UNVRS non trouvée - valeur par défaut : 0
2025-12-22 22:06:06 - client_scoring - INFO - Calcul pondération et normalisation PNB par cluster
2025-12-22 22:06:06 - client_scoring - INFO - Score client calculé avec 4 composantes
2025-12-22 22:06:06 - client_scoring - INFO - Calcul potentiels clients (top 25% par cluster)
2025-12-22 22:06:06 - client_scoring - INFO - Potentiels calculés basés sur 372 clients top 25%
2025-12-22 22:06:06 - client_scoring - INFO - Calcul segmentation finale
2025-12-22 22:06:06 - client_scoring - INFO - === MÉTRIQUES DE QUALITÉ SCORING ===
2025-12-22 22:06:06 - client_scoring - INFO - Clients scorés : 1,500
2025-12-22 22:06:06 - client_scoring - INFO - Clusters analysés : 10
2025-12-22 22:06:06 - client_scoring - INFO - Score client moyen : 0.549
2025-12-22 22:06:06 - client_scoring - INFO - Potentiel total : 3,630,108€
2025-12-22 22:06:06 - client_scoring - INFO - Potentiel moyen/client : 2,420€
2025-12-22 22:06:06 - client_scoring - INFO - Couverture scoring : 100.0%
2025-12-22 22:06:06 - client_scoring - INFO - Couverture potentiel : 95.2%
2025-12-22 22:06:06 - client_scoring - INFO - Distribution segments :
2025-12-22 22:06:06 - client_scoring - INFO -   - A developper: 561 clients (37.4%)
2025-12-22 22:06:06 - client_scoring - INFO -   - A stimuler: 460 clients (30.7%)
2025-12-22 22:06:06 - client_scoring - INFO -   - A construire: 376 clients (25.1%)
2025-12-22 22:06:06 - client_scoring - INFO -   - A entretenir: 103 clients (6.9%)
2025-12-22 22:06:06 - client_scoring - INFO - Top 3 clusters par potentiel moyen :
2025-12-22 22:06:06 - client_scoring - INFO -   - 33-37_C0: 2,830€ (162 clients)
2025-12-22 22:06:06 - client_scoring - INFO -   - 43-47_C0: 2,825€ (193 clients)
2025-12-22 22:06:06 - client_scoring - INFO -   - 63+_C0: 2,781€ (160 clients)
2025-12-22 22:06:06 - client_scoring - INFO - Scoring terminé en 0.09s - 1500 clients scorés
2025-12-22 22:06:06 - client_scoring - INFO - ClientScoringEngine initialisé - Top clients: 25.0%
2025-12-22 22:06:06 - client_scoring - INFO - ClientScoringEngine initialisé - Top clients: 25.0%
2025-12-22 22:06:06 - client_scoring - INFO - Début calcul scores clients intra-cluster
2025-12-22 22:06:06 - client_scoring - INFO - Données clusterisées : (1500, 12)
2025-12-22 22:06:06 - client_scoring - INFO - Données financières : (1500, 8)
2025-12-22 22:06:06 - client_scoring - INFO - Données fusionnées : (1500, 19)
2025-12-22 22:06:06 - client_scoring - INFO - Nettoyage colonne CLUSTER_GLOBAL
2025-12-22 22:06:06 - client_scoring - INFO - Validation groupby réussie : 10 groupes
2025-12-22 22:06:06 - client_scoring - INFO - Clients clusterisés retenus : 1500
2025-12-22 22:06:06 - client_scoring - INFO - Clusters uniques : 10
2025-12-22 22:06:06 - client_scoring - INFO - Préparation données financières
2025-12-22 22:06:06 - client_scoring - INFO - Colonnes PNB disponibles : ['PNB_COLL', 'PNB_CRED', 'PNB_SERV', 'PNB_ASSU']
2025-12-22 22:06:06 - client_scoring - WARNING - Variable EP_LIQUIDE non trouvée - valeur par défaut : 0
2025-12-22 22:06:06 - client_scoring - WARNING - Variable EP_STABLE non trouvée - valeur par défaut : 0
2025-12-22 22:06:06 - client_scoring - WARNING - Variable SLD_DAV non trouvée - valeur par défaut : 0
2025-12-22 22:06:06 - client_scoring - WARNING - Variable détention CD_NOTE_UNVRS_ASSU non trouvée - valeur par défaut : 0
2025-12-22 22:06:06 - client_scoring - INFO - Variable détention CD_NOTE_UNVRS_CRED préparée
2025-12-22 22:06:06 - client_scoring - WARNING - Variable détention CD_NOTE_UNVRS_EPRGN non trouvée - valeur par défaut : 0
2025-12-22 22:06:06 - client_scoring - WARNING - Variable détention CD_NOTE_UNVRS_SERV non trouvée - valeur par défaut : 0
2025-12-22 22:06:06 - client_scoring - WARNING - Variable détention CD_NOTE_POIDS_UNVRS non trouvée - valeur par défaut : 0
2025-12-22 22:06:06 - client_scoring - INFO - Calcul pondération et normalisation PNB par cluster
2025-12-22 22:06:06 - client_scoring - INFO - Score client calculé avec 4 composantes
2025-12-22 22:06:06 - client_scoring - INFO - Calcul potentiels clients (top 25% par cluster)
2025-12-22 22:06:06 - client_scoring - INFO - Potentiels calculés basés sur 372 clients top 25%
2025-12-22 22:06:06 - client_scoring - INFO - Calcul segmentation finale
2025-12-22 22:06:06 - client_scoring - INFO - === MÉTRIQUES DE QUALITÉ SCORING ===
2025-12-22 22:06:06 - client_scoring - INFO - Clients scorés : 1,500
2025-12-22 22:06:06 - client_scoring - INFO - Clusters analysés : 10
2025-12-22 22:06:06 - client_scoring - INFO - Score client moyen : 0.549
2025-12-22 22:06:06 - client_scoring - INFO - Potentiel total : 3,630,108€
2025-12-22 22:06:06 - client_scoring - INFO - Potentiel moyen/client : 2,420€
2025-12-22 22:06:06 - client_scoring - INFO - Couverture scoring : 100.0%
2025-12-22 22:06:06 - client_scoring - INFO - Couverture potentiel : 95.2%
2025-12-22 22:06:06 - client_scoring - INFO - Distribution segments :
2025-12-22 22:06:06 - client_scoring - INFO -   - A developper: 561 clients (37.4%)
2025-12-22 22:06:06 - client_scoring - INFO -   - A stimuler: 460 clients (30.7%)
2025-12-22 22:06:06 - client_scoring - INFO -   - A construire: 376 clients (25.1%)
2025-12-22 22:06:06 - client_scoring - INFO -   - A entretenir: 103 clients (6.9%)
2025-12-22 22:06:06 - client_scoring - INFO - Top 3 clusters par potentiel moyen :
2025-12-22 22:06:06 - client_scoring - INFO -   - 33-37_C0: 2,830€ (162 clients)
2025-12-22 22:06:06 - client_scoring - INFO -   - 43-47_C0: 2,825€ (193 clients)
2025-12-22 22:06:06 - client_scoring - INFO -   - 63+_C0: 2,781€ (160 clients)
2025-12-22 22:06:06 - client_scoring - INFO - Scoring terminé en 0.09s - 1500 clients scorés
2025-12-22 22:06:06 - client_scoring - INFO - ClientScoringEngine initialisé - Top clients: 25.0%
2025-12-22 22:06:06 - client_scoring - INFO - Début calcul scores clients intra-cluster
2025-12-22 22:06:06 - client_scoring - INFO - Données clusterisées : (1500, 12)
2025-12-22 22:06:06 - client_scoring - INFO - Données financières : (1500, 8)
2025-12-22 22:06:06 - client_scoring - INFO - Données fusionnées : (1500, 19)
2025-12-22 22:06:06 - client_scoring - INFO - Nettoyage colonne CLUSTER_GLOBAL
2025-12-22 22:06:06 - client_scoring - INFO - Validation groupby réussie : 10 groupes
2025-12-22 22:06:06 - client_scoring - INFO - Clients clusterisés retenus : 1500
2025-12-22 22:06:06 - client_scoring - INFO - Clusters uniques : 10
2025-12-22 22:06:06 - client_scoring - INFO - Préparation données financières
2025-12-22 22:06:06 - client_scoring - INFO - Colonnes PNB disponibles : ['PNB_COLL', 'PNB_CRED', 'PNB_SERV', 'PNB_ASSU']
2025-12-22 22:06:06 - client_scoring - WARNING - Variable EP_LIQUIDE non trouvée - valeur par défaut : 0
2025-12-22 22:06:06 - client_scoring - WARNING - Variable EP_STABLE non trouvée - valeur par défaut : 0
2025-12-22 22:06:06 - client_scoring - WARNING - Variable SLD_DAV non trouvée - valeur par défaut : 0
2025-12-22 22:06:06 - client_scoring - WARNING - Variable détention CD_NOTE_UNVRS_ASSU non trouvée - valeur par défaut : 0
2025-12-22 22:06:06 - client_scoring - INFO - Variable détention CD_NOTE_UNVRS_CRED préparée
2025-12-22 22:06:06 - client_scoring - WARNING - Variable détention CD_NOTE_UNVRS_EPRGN non trouvée - valeur par défaut : 0
2025-12-22 22:06:06 - client_scoring - WARNING - Variable détention CD_NOTE_UNVRS_SERV non trouvée - valeur par défaut : 0
2025-12-22 22:06:06 - client_scoring - WARNING - Variable détention CD_NOTE_POIDS_UNVRS non trouvée - valeur par défaut : 0
2025-12-22 22:06:06 - client_scoring - INFO - Calcul pondération et normalisation PNB par cluster
2025-12-22 22:06:06 - client_scoring - INFO - Score client calculé avec 4 composantes
2025-12-22 22:06:06 - client_scoring - INFO - Calcul potentiels clients (top 25% par cluster)
2025-12-22 22:06:06 - client_scoring - INFO - Potentiels calculés basés sur 372 clients top 25%
2025-12-22 22:06:06 - client_scoring - INFO - Calcul segmentation finale
2025-12-22 22:06:07 - client_scoring - INFO - === MÉTRIQUES DE QUALITÉ SCORING ===
2025-12-22 22:06:07 - client_scoring - INFO - Clients scorés : 1,500
2025-12-22 22:06:07 - client_scoring - INFO - Clusters analysés : 10
2025-12-22 22:06:07 - client_scoring - INFO - Score client moyen : 0.549
2025-12-22 22:06:07 - client_scoring - INFO - Potentiel total : 3,630,108€
2025-12-22 22:06:07 - client_scoring - INFO - Potentiel moyen/client : 2,420€
2025-12-22 22:06:07 - client_scoring - INFO - Couverture scoring : 100.0%
2025-12-22 22:06:07 - client_scoring - INFO - Couverture potentiel : 95.2%
2025-12-22 22:06:07 - client_scoring - INFO - Distribution segments :
2025-12-22 22:06:07 - client_scoring - INFO -   - A developper: 561 clients (37.4%)
2025-12-22 22:06:07 - client_scoring - INFO -   - A stimuler: 460 clients (30.7%)
2025-12-22 22:06:07 - client_scoring - INFO -   - A construire: 376 clients (25.1%)
2025-12-22 22:06:07 - client_scoring - INFO -   - A entretenir: 103 clients (6.9%)
2025-12-22 22:06:07 - client_scoring - INFO - Top 3 clusters par potentiel moyen :
2025-12-22 22:06:07 - client_scoring - INFO -   - 33-37_C0: 2,830€ (162 clients)
2025-12-22 22:06:07 - client_scoring - INFO -   - 43-47_C0: 2,825€ (193 clients)
2025-12-22 22:06:07 - client_scoring - INFO -   - 63+_C0: 2,781€ (160 clients)
2025-12-22 22:06:07 - client_scoring - INFO - Scoring terminé en 0.09s - 1500 clients scorés
2025-12-22 22:06:07 - client_scoring - INFO - ClientScoringEngine initialisé - Top clients: 25.0%
2025-12-22 22:06:07 - client_scoring - INFO - Début calcul scores clients intra-cluster
2025-12-22 22:06:07 - client_scoring - INFO - Données clusterisées : (1500, 12)
2025-12-22 22:06:07 - client_scoring - INFO - Données financières : (1500, 8)
2025-12-22 22:06:07 - client_scoring - INFO - Données fusionnées : (1500, 19)
2025-12-22 22:06:07 - client_scoring - INFO - Nettoyage colonne CLUSTER_GLOBAL
2025-12-22 22:06:07 - client_scoring - INFO - Validation groupby réussie : 10 groupes
2025-12-22 22:06:07 - client_scoring - INFO - Clients clusterisés retenus : 1500
2025-12-22 22:06:07 - client_scoring - INFO - Clusters uniques : 10
2025-12-22 22:06:07 - client_scoring - INFO - Préparation données financières
2025-12-22 22:06:07 - client_scoring - INFO - Colonnes PNB disponibles : ['PNB_COLL', 'PNB_CRED', 'PNB_SERV', 'PNB_ASSU']
2025-12-22 22:06:07 - client_scoring - WARNING - Variable EP_LIQUIDE non trouvée - valeur par défaut : 0
2025-12-22 22:06:07 - client_scoring - WARNING - Variable EP_STABLE non trouvée - valeur par défaut : 0
2025-12-22 22:06:07 - client_scoring - WARNING - Variable SLD_DAV non trouvée - valeur par défaut : 0
2025-12-22 22:06:07 - client_scoring - WARNING - Variable détention CD_NOTE_UNVRS_ASSU non trouvée - valeur par défaut : 0
2025-12-22 22:06:07 - client_scoring - INFO - Variable détention CD_NOTE_UNVRS_CRED préparée
2025-12-22 22:06:07 - client_scoring - WARNING - Variable détention CD_NOTE_UNVRS_EPRGN non trouvée - valeur par défaut : 0
2025-12-22 22:06:07 - client_scoring - WARNING - Variable détention CD_NOTE_UNVRS_SERV non trouvée - valeur par défaut : 0
2025-12-22 22:06:07 - client_scoring - WARNING - Variable détention CD_NOTE_POIDS_UNVRS non trouvée - valeur par défaut : 0
2025-12-22 22:06:07 - client_scoring - INFO - Calcul pondération et normalisation PNB par cluster
2025-12-22 22:06:07 - client_scoring - INFO - Score client calculé avec 4 composantes
2025-12-22 22:06:07 - client_scoring - INFO - Calcul potentiels clients (top 25% par cluster)
2025-12-22 22:06:07 - client_scoring - INFO - Potentiels calculés basés sur 372 clients top 25%
2025-12-22 22:06:07 - client_scoring - INFO - Calcul segmentation finale
2025-12-22 22:06:07 - client_scoring - INFO - === MÉTRIQUES DE QUALITÉ SCORING ===
2025-12-22 22:06:07 - client_scoring - INFO - Clients scorés : 1,500
2025-12-22 22:06:07 - client_scoring - INFO - Clusters analysés : 10
2025-12-22 22:06:07 - client_scoring - INFO - Score client moyen : 0.549
2025-12-22 22:06:07 - client_scoring - INFO - Potentiel total : 3,630,108€
2025-12-22 22:06:07 - client_scoring - INFO - Potentiel moyen/client : 2,420€
2025-12-22 22:06:07 - client_scoring - INFO - Couverture scoring : 100.0%
2025-12-22 22:06:07 - client_scoring - INFO - Couverture potentiel : 95.2%
2025-12-22 22:06:07 - client_scoring - INFO - Distribution segments :
2025-12-22 22:06:07 - client_scoring - INFO -   - A developper: 561 clients (37.4%)
2025-12-22 22:06:07 - client_scoring - INFO -   - A stimuler: 460 clients (30.7%)
2025-12-22 22:06:07 - client_scoring - INFO -   - A construire: 376 clients (25.1%)
2025-12-22 22:06:07 - client_scoring - INFO -   - A entretenir: 103 clients (6.9%)
2025-12-22 22:06:07 - client_scoring - INFO - Top 3 clusters par potentiel moyen :
2025-12-22 22:06:07 - client_scoring - INFO -   - 33-37_C0: 2,830€ (162 clients)
2025-12-22 22:06:07 - client_scoring - INFO -   - 43-47_C0: 2,825€ (193 clients)
2025-12-22 22:06:07 - client_scoring - INFO -   - 63+_C0: 2,781€ (160 clients)
2025-12-22 22:06:07 - client_scoring - INFO - Scoring terminé en 0.09s - 1500 clients scorés
2025-12-22 22:06:59 - client_scoring - INFO - Logger client_scoring configuré - Fichier: /Users/taieb/Documents/GITHUB REPO/ML_banking_segmentation/logs/client_scoring_20251222.log
2025-12-22 22:06:59 - client_scoring - INFO - ClientScoringEngine initialisé - Top clients: 25.0%
2025-12-22 22:06:59 - client_scoring - INFO - Début calcul scores clients intra-cluster
2025-12-22 22:06:59 - client_scoring - INFO - Données clusterisées : (1500, 12)
2025-12-22 22:06:59 - client_scoring - INFO - Données financières : (1500, 8)
2025-12-22 22:06:59 - client_scoring - INFO - Données fusionnées : (1500, 19)
2025-12-22 22:06:59 - client_scoring - INFO - Nettoyage colonne CLUSTER_GLOBAL
2025-12-22 22:06:59 - client_scoring - INFO - Validation groupby réussie : 10 groupes
2025-12-22 22:06:59 - client_scoring - INFO - Clients clusterisés retenus : 1500
2025-12-22 22:06:59 - client_scoring - INFO - Clusters uniques : 10
2025-12-22 22:06:59 - client_scoring - INFO - Préparation données financières
2025-12-22 22:06:59 - client_scoring - INFO - Colonnes PNB disponibles : ['PNB_COLL', 'PNB_CRED', 'PNB_SERV', 'PNB_ASSU']
2025-12-22 22:06:59 - client_scoring - WARNING - Variable EP_LIQUIDE non trouvée - valeur par défaut : 0
2025-12-22 22:06:59 - client_scoring - WARNING - Variable EP_STABLE non trouvée - valeur par défaut : 0
2025-12-22 22:06:59 - client_scoring - WARNING - Variable SLD_DAV non trouvée - valeur par défaut : 0
2025-12-22 22:06:59 - client_scoring - WARNING - Variable détention CD_NOTE_UNVRS_ASSU non trouvée - valeur par défaut : 0
2025-12-22 22:06:59 - client_scoring - INFO - Variable détention CD_NOTE_UNVRS_CRED préparée
2025-12-22 22:06:59 - client_scoring - WARNING - Variable détention CD_NOTE_UNVRS_EPRGN non trouvée - valeur par défaut : 0
2025-12-22 22:06:59 - client_scoring - WARNING - Variable détention CD_NOTE_UNVRS_SERV non trouvée - valeur par défaut : 0
2025-12-22 22:06:59 - client_scoring - WARNING - Variable détention CD_NOTE_POIDS_UNVRS non trouvée - valeur par défaut : 0
2025-12-22 22:06:59 - client_scoring - INFO - Calcul pondération et normalisation PNB par cluster
2025-12-22 22:06:59 - client_scoring - INFO - Score client calculé avec 4 composantes
2025-12-22 22:06:59 - client_scoring - INFO - Calcul potentiels clients (top 25% par cluster)
2025-12-22 22:06:59 - client_scoring - INFO - Potentiels calculés basés sur 372 clients top 25%
2025-12-22 22:06:59 - client_scoring - INFO - Calcul segmentation finale
2025-12-22 22:06:59 - client_scoring - INFO - === MÉTRIQUES DE QUALITÉ SCORING ===
2025-12-22 22:06:59 - client_scoring - INFO - Clients scorés : 1,500
2025-12-22 22:06:59 - client_scoring - INFO - Clusters analysés : 10
2025-12-22 22:06:59 - client_scoring - INFO - Score client moyen : 0.549
2025-12-22 22:06:59 - client_scoring - INFO - Potentiel total : 3,630,108€
2025-12-22 22:06:59 - client_scoring - INFO - Potentiel moyen/client : 2,420€
2025-12-22 22:06:59 - client_scoring - INFO - Couverture scoring : 100.0%
2025-12-22 22:06:59 - client_scoring - INFO - Couverture potentiel : 95.2%
2025-12-22 22:06:59 - client_scoring - INFO - Distribution segments :
2025-12-22 22:06:59 - client_scoring - INFO -   - A developper: 561 clients (37.4%)
2025-12-22 22:06:59 - client_scoring - INFO -   - A stimuler: 460 clients (30.7%)
2025-12-22 22:06:59 - client_scoring - INFO -   - A construire: 376 clients (25.1%)
2025-12-22 22:06:59 - client_scoring - INFO -   - A entretenir: 103 clients (6.9%)
2025-12-22 22:06:59 - client_scoring - INFO - Top 3 clusters par potentiel moyen :
2025-12-22 22:06:59 - client_scoring - INFO -   - 33-37_C0: 2,830€ (162 clients)
2025-12-22 22:06:59 - client_scoring - INFO -   - 43-47_C0: 2,825€ (193 clients)
2025-12-22 22:06:59 - client_scoring - INFO -   - 63+_C0: 2,781€ (160 clients)
2025-12-22 22:06:59 - client_scoring - INFO - Scoring terminé en 0.11s - 1500 clients scorés
2025-12-22 22:06:59 - client_scoring - INFO - ClientScoringEngine initialisé - Top clients: 25.0%
2025-12-22 22:06:59 - client_scoring - INFO - Début calcul scores clients intra-cluster
2025-12-22 22:06:59 - client_scoring - INFO - Données clusterisées : (1500, 12)
2025-12-22 22:06:59 - client_scoring - INFO - Données financières : (1500, 8)
2025-12-22 22:06:59 - client_scoring - INFO - Données fusionnées : (1500, 19)
2025-12-22 22:06:59 - client_scoring - INFO - Nettoyage colonne CLUSTER_GLOBAL
2025-12-22 22:06:59 - client_scoring - INFO - Validation groupby réussie : 10 groupes
2025-12-22 22:06:59 - client_scoring - INFO - Clients clusterisés retenus : 1500
2025-12-22 22:06:59 - client_scoring - INFO - Clusters uniques : 10
2025-12-22 22:06:59 - client_scoring - INFO - Préparation données financières
2025-12-22 22:06:59 - client_scoring - INFO - Colonnes PNB disponibles : ['PNB_COLL', 'PNB_CRED', 'PNB_SERV', 'PNB_ASSU']
2025-12-22 22:06:59 - client_scoring - WARNING - Variable EP_LIQUIDE non trouvée - valeur par défaut : 0
2025-12-22 22:06:59 - client_scoring - WARNING - Variable EP_STABLE non trouvée - valeur par défaut : 0
2025-12-22 22:06:59 - client_scoring - WARNING - Variable SLD_DAV non trouvée - valeur par défaut : 0
2025-12-22 22:06:59 - client_scoring - WARNING - Variable détention CD_NOTE_UNVRS_ASSU non trouvée - valeur par défaut : 0
2025-12-22 22:06:59 - client_scoring - INFO - Variable détention CD_NOTE_UNVRS_CRED préparée
2025-12-22 22:06:59 - client_scoring - WARNING - Variable détention CD_NOTE_UNVRS_EPRGN non trouvée - valeur par défaut : 0
2025-12-22 22:06:59 - client_scoring - WARNING - Variable détention CD_NOTE_UNVRS_SERV non trouvée - valeur par défaut : 0
2025-12-22 22:06:59 - client_scoring - WARNING - Variable détention CD_NOTE_POIDS_UNVRS non trouvée - valeur par défaut : 0
2025-12-22 22:06:59 - client_scoring - INFO - Calcul pondération et normalisation PNB par cluster
2025-12-22 22:06:59 - client_scoring - INFO - Score client calculé avec 4 composantes
2025-12-22 22:06:59 - client_scoring - INFO - Calcul potentiels clients (top 25% par cluster)
2025-12-22 22:06:59 - client_scoring - INFO - Potentiels calculés basés sur 372 clients top 25%
2025-12-22 22:06:59 - client_scoring - INFO - Calcul segmentation finale
2025-12-22 22:06:59 - client_scoring - INFO - === MÉTRIQUES DE QUALITÉ SCORING ===
2025-12-22 22:06:59 - client_scoring - INFO - Clients scorés : 1,500
2025-12-22 22:06:59 - client_scoring - INFO - Clusters analysés : 10
2025-12-22 22:06:59 - client_scoring - INFO - Score client moyen : 0.549
2025-12-22 22:06:59 - client_scoring - INFO - Potentiel total : 3,630,108€
2025-12-22 22:06:59 - client_scoring - INFO - Potentiel moyen/client : 2,420€
2025-12-22 22:06:59 - client_scoring - INFO - Couverture scoring : 100.0%
2025-12-22 22:06:59 - client_scoring - INFO - Couverture potentiel : 95.2%
2025-12-22 22:06:59 - client_scoring - INFO - Distribution segments :
2025-12-22 22:06:59 - client_scoring - INFO -   - A developper: 561 clients (37.4%)
2025-12-22 22:06:59 - client_scoring - INFO -   - A stimuler: 460 clients (30.7%)
2025-12-22 22:06:59 - client_scoring - INFO -   - A construire: 376 clients (25.1%)
2025-12-22 22:06:59 - client_scoring - INFO -   - A entretenir: 103 clients (6.9%)
2025-12-22 22:06:59 - client_scoring - INFO - Top 3 clusters par potentiel moyen :
2025-12-22 22:06:59 - client_scoring - INFO -   - 33-37_C0: 2,830€ (162 clients)
2025-12-22 22:06:59 - client_scoring - INFO -   - 43-47_C0: 2,825€ (193 clients)
2025-12-22 22:06:59 - client_scoring - INFO -   - 63+_C0: 2,781€ (160 clients)
2025-12-22 22:06:59 - client_scoring - INFO - Scoring terminé en 0.18s - 1500 clients scorés
2025-12-22 22:06:59 - client_scoring - INFO - ClientScoringEngine initialisé - Top clients: 25.0%
2025-12-22 22:06:59 - client_scoring - INFO - Début calcul scores clients intra-cluster
2025-12-22 22:06:59 - client_scoring - INFO - Données clusterisées : (1500, 12)
2025-12-22 22:06:59 - client_scoring - INFO - Données financières : (1500, 8)
2025-12-22 22:06:59 - client_scoring - INFO - Données fusionnées : (1500, 19)
2025-12-22 22:06:59 - client_scoring - INFO - Nettoyage colonne CLUSTER_GLOBAL
2025-12-22 22:06:59 - client_scoring - INFO - Validation groupby réussie : 10 groupes
2025-12-22 22:06:59 - client_scoring - INFO - Clients clusterisés retenus : 1500
2025-12-22 22:06:59 - client_scoring - INFO - Clusters uniques : 10
2025-12-22 22:06:59 - client_scoring - INFO - Préparation données financières
2025-12-22 22:06:59 - client_scoring - INFO - Colonnes PNB disponibles : ['PNB_COLL', 'PNB_CRED', 'PNB_SERV', 'PNB_ASSU']
2025-12-22 22:06:59 - client_scoring - WARNING - Variable EP_LIQUIDE non trouvée - valeur par défaut : 0
2025-12-22 22:06:59 - client_scoring - WARNING - Variable EP_STABLE non trouvée - valeur par défaut : 0
2025-12-22 22:06:59 - client_scoring - WARNING - Variable SLD_DAV non trouvée - valeur par défaut : 0
2025-12-22 22:06:59 - client_scoring - WARNING - Variable détention CD_NOTE_UNVRS_ASSU non trouvée - valeur par défaut : 0
2025-12-22 22:06:59 - client_scoring - INFO - Variable détention CD_NOTE_UNVRS_CRED préparée
2025-12-22 22:06:59 - client_scoring - WARNING - Variable détention CD_NOTE_UNVRS_EPRGN non trouvée - valeur par défaut : 0
2025-12-22 22:06:59 - client_scoring - WARNING - Variable détention CD_NOTE_UNVRS_SERV non trouvée - valeur par défaut : 0
2025-12-22 22:06:59 - client_scoring - WARNING - Variable détention CD_NOTE_POIDS_UNVRS non trouvée - valeur par défaut : 0
2025-12-22 22:06:59 - client_scoring - INFO - Calcul pondération et normalisation PNB par cluster
2025-12-22 22:07:00 - client_scoring - INFO - Score client calculé avec 4 composantes
2025-12-22 22:07:00 - client_scoring - INFO - Calcul potentiels clients (top 25% par cluster)
2025-12-22 22:07:00 - client_scoring - INFO - Potentiels calculés basés sur 372 clients top 25%
2025-12-22 22:07:00 - client_scoring - INFO - Calcul segmentation finale
2025-12-22 22:07:00 - client_scoring - INFO - === MÉTRIQUES DE QUALITÉ SCORING ===
2025-12-22 22:07:00 - client_scoring - INFO - Clients scorés : 1,500
2025-12-22 22:07:00 - client_scoring - INFO - Clusters analysés : 10
2025-12-22 22:07:00 - client_scoring - INFO - Score client moyen : 0.549
2025-12-22 22:07:00 - client_scoring - INFO - Potentiel total : 3,630,108€
2025-12-22 22:07:00 - client_scoring - INFO - Potentiel moyen/client : 2,420€
2025-12-22 22:07:00 - client_scoring - INFO - Couverture scoring : 100.0%
2025-12-22 22:07:00 - client_scoring - INFO - Couverture potentiel : 95.2%
2025-12-22 22:07:00 - client_scoring - INFO - Distribution segments :
2025-12-22 22:07:00 - client_scoring - INFO -   - A developper: 561 clients (37.4%)
2025-12-22 22:07:00 - client_scoring - INFO -   - A stimuler: 460 clients (30.7%)
2025-12-22 22:07:00 - client_scoring - INFO -   - A construire: 376 clients (25.1%)
2025-12-22 22:07:00 - client_scoring - INFO -   - A entretenir: 103 clients (6.9%)
2025-12-22 22:07:00 - client_scoring - INFO - Top 3 clusters par potentiel moyen :
2025-12-22 22:07:00 - client_scoring - INFO -   - 33-37_C0: 2,830€ (162 clients)
2025-12-22 22:07:00 - client_scoring - INFO -   - 43-47_C0: 2,825€ (193 clients)
2025-12-22 22:07:00 - client_scoring - INFO -   - 63+_C0: 2,781€ (160 clients)
2025-12-22 22:07:00 - client_scoring - INFO - Scoring terminé en 0.09s - 1500 clients scorés
2025-12-22 22:07:00 - client_scoring - INFO - ClientScoringEngine initialisé - Top clients: 25.0%
2025-12-22 22:07:00 - client_scoring - INFO - ClientScoringEngine initialisé - Top clients: 25.0%
2025-12-22 22:07:00 - client_scoring - INFO - Début calcul scores clients intra-cluster
2025-12-22 22:07:00 - client_scoring - INFO - Données clusterisées : (1500, 12)
2025-12-22 22:07:00 - client_scoring - INFO - Données financières : (1500, 8)
2025-12-22 22:07:00 - client_scoring - INFO - Données fusionnées : (1500, 19)
2025-12-22 22:07:00 - client_scoring - INFO - Nettoyage colonne CLUSTER_GLOBAL
2025-12-22 22:07:00 - client_scoring - INFO - Validation groupby réussie : 10 groupes
2025-12-22 22:07:00 - client_scoring - INFO - Clients clusterisés retenus : 1500
2025-12-22 22:07:00 - client_scoring - INFO - Clusters uniques : 10
2025-12-22 22:07:00 - client_scoring - INFO - Préparation données financières
2025-12-22 22:07:00 - client_scoring - INFO - Colonnes PNB disponibles : ['PNB_COLL', 'PNB_CRED', 'PNB_SERV', 'PNB_ASSU']
2025-12-22 22:07:00 - client_scoring - WARNING - Variable EP_LIQUIDE non trouvée - valeur par défaut : 0
2025-12-22 22:07:00 - client_scoring - WARNING - Variable EP_STABLE non trouvée - valeur par défaut : 0
2025-12-22 22:07:00 - client_scoring - WARNING - Variable SLD_DAV non trouvée - valeur par défaut : 0
2025-12-22 22:07:00 - client_scoring - WARNING - Variable détention CD_NOTE_UNVRS_ASSU non trouvée - valeur par défaut : 0
2025-12-22 22:07:00 - client_scoring - INFO - Variable détention CD_NOTE_UNVRS_CRED préparée
2025-12-22 22:07:00 - client_scoring - WARNING - Variable détention CD_NOTE_UNVRS_EPRGN non trouvée - valeur par défaut : 0
2025-12-22 22:07:00 - client_scoring - WARNING - Variable détention CD_NOTE_UNVRS_SERV non trouvée - valeur par défaut : 0
2025-12-22 22:07:00 - client_scoring - WARNING - Variable détention CD_NOTE_POIDS_UNVRS non trouvée - valeur par défaut : 0
2025-12-22 22:07:00 - client_scoring - INFO - Calcul pondération et normalisation PNB par cluster
2025-12-22 22:07:00 - client_scoring - INFO - Score client calculé avec 4 composantes
2025-12-22 22:07:00 - client_scoring - INFO - Calcul potentiels clients (top 25% par cluster)
2025-12-22 22:07:00 - client_scoring - INFO - Potentiels calculés basés sur 372 clients top 25%
2025-12-22 22:07:00 - client_scoring - INFO - Calcul segmentation finale
2025-12-22 22:07:00 - client_scoring - INFO - === MÉTRIQUES DE QUALITÉ SCORING ===
2025-12-22 22:07:00 - client_scoring - INFO - Clients scorés : 1,500
2025-12-22 22:07:00 - client_scoring - INFO - Clusters analysés : 10
2025-12-22 22:07:00 - client_scoring - INFO - Score client moyen : 0.549
2025-12-22 22:07:00 - client_scoring - INFO - Potentiel total : 3,630,108€
2025-12-22 22:07:00 - client_scoring - INFO - Potentiel moyen/client : 2,420€
2025-12-22 22:07:00 - client_scoring - INFO - Couverture scoring : 100.0%
2025-12-22 22:07:00 - client_scoring - INFO - Couverture potentiel : 95.2%
2025-12-22 22:07:00 - client_scoring - INFO - Distribution segments :
2025-12-22 22:07:00 - client_scoring - INFO -   - A developper: 561 clients (37.4%)
2025-12-22 22:07:00 - client_scoring - INFO -   - A stimuler: 460 clients (30.7%)
2025-12-22 22:07:00 - client_scoring - INFO -   - A construire: 376 clients (25.1%)
2025-12-22 22:07:00 - client_scoring - INFO -   - A entretenir: 103 clients (6.9%)
2025-12-22 22:07:00 - client_scoring - INFO - Top 3 clusters par potentiel moyen :
2025-12-22 22:07:00 - client_scoring - INFO -   - 33-37_C0: 2,830€ (162 clients)
2025-12-22 22:07:00 - client_scoring - INFO -   - 43-47_C0: 2,825€ (193 clients)
2025-12-22 22:07:00 - client_scoring - INFO -   - 63+_C0: 2,781€ (160 clients)
2025-12-22 22:07:00 - client_scoring - INFO - Scoring terminé en 0.09s - 1500 clients scorés
2025-12-22 22:07:00 - client_scoring - INFO - ClientScoringEngine initialisé - Top clients: 25.0%
2025-12-22 22:07:00 - client_scoring - INFO - Début calcul scores clients intra-cluster
2025-12-22 22:07:00 - client_scoring - INFO - Données clusterisées : (1500, 12)
2025-12-22 22:07:00 - client_scoring - INFO - Données financières : (1500, 8)
2025-12-22 22:07:00 - client_scoring - INFO - Données fusionnées : (1500, 19)
2025-12-22 22:07:00 - client_scoring - INFO - Nettoyage colonne CLUSTER_GLOBAL
2025-12-22 22:07:00 - client_scoring - INFO - Validation groupby réussie : 10 groupes
2025-12-22 22:07:00 - client_scoring - INFO - Clients clusterisés retenus : 1500
2025-12-22 22:07:00 - client_scoring - INFO - Clusters uniques : 10
2025-12-22 22:07:00 - client_scoring - INFO - Préparation données financières
2025-12-22 22:07:00 - client_scoring - INFO - Colonnes PNB disponibles : ['PNB_COLL', 'PNB_CRED', 'PNB_SERV', 'PNB_ASSU']
2025-12-22 22:07:00 - client_scoring - WARNING - Variable EP_LIQUIDE non trouvée - valeur par défaut : 0
2025-12-22 22:07:00 - client_scoring - WARNING - Variable EP_STABLE non trouvée - valeur par défaut : 0
2025-12-22 22:07:00 - client_scoring - WARNING - Variable SLD_DAV non trouvée - valeur par défaut : 0
2025-12-22 22:07:00 - client_scoring - WARNING - Variable détention CD_NOTE_UNVRS_ASSU non trouvée - valeur par défaut : 0
2025-12-22 22:07:00 - client_scoring - INFO - Variable détention CD_NOTE_UNVRS_CRED préparée
2025-12-22 22:07:00 - client_scoring - WARNING - Variable détention CD_NOTE_UNVRS_EPRGN non trouvée - valeur par défaut : 0
2025-12-22 22:07:00 - client_scoring - WARNING - Variable détention CD_NOTE_UNVRS_SERV non trouvée - valeur par défaut : 0
2025-12-22 22:07:00 - client_scoring - WARNING - Variable détention CD_NOTE_POIDS_UNVRS non trouvée - valeur par défaut : 0
2025-12-22 22:07:00 - client_scoring - INFO - Calcul pondération et normalisation PNB par cluster
2025-12-22 22:07:00 - client_scoring - INFO - Score client calculé avec 4 composantes
2025-12-22 22:07:00 - client_scoring - INFO - Calcul potentiels clients (top 25% par cluster)
2025-12-22 22:07:00 - client_scoring - INFO - Potentiels calculés basés sur 372 clients top 25%
2025-12-22 22:07:00 - client_scoring - INFO - Calcul segmentation finale
2025-12-22 22:07:00 - client_scoring - INFO - === MÉTRIQUES DE QUALITÉ SCORING ===
2025-12-22 22:07:00 - client_scoring - INFO - Clients scorés : 1,500
2025-12-22 22:07:00 - client_scoring - INFO - Clusters analysés : 10
2025-12-22 22:07:00 - client_scoring - INFO - Score client moyen : 0.549
2025-12-22 22:07:00 - client_scoring - INFO - Potentiel total : 3,630,108€
2025-12-22 22:07:00 - client_scoring - INFO - Potentiel moyen/client : 2,420€
2025-12-22 22:07:00 - client_scoring - INFO - Couverture scoring : 100.0%
2025-12-22 22:07:00 - client_scoring - INFO - Couverture potentiel : 95.2%
2025-12-22 22:07:00 - client_scoring - INFO - Distribution segments :
2025-12-22 22:07:00 - client_scoring - INFO -   - A developper: 561 clients (37.4%)
2025-12-22 22:07:00 - client_scoring - INFO -   - A stimuler: 460 clients (30.7%)
2025-12-22 22:07:00 - client_scoring - INFO -   - A construire: 376 clients (25.1%)
2025-12-22 22:07:00 - client_scoring - INFO -   - A entretenir: 103 clients (6.9%)
2025-12-22 22:07:00 - client_scoring - INFO - Top 3 clusters par potentiel moyen :
2025-12-22 22:07:00 - client_scoring - INFO -   - 33-37_C0: 2,830€ (162 clients)
2025-12-22 22:07:00 - client_scoring - INFO -   - 43-47_C0: 2,825€ (193 clients)
2025-12-22 22:07:00 - client_scoring - INFO -   - 63+_C0: 2,781€ (160 clients)
2025-12-22 22:07:00 - client_scoring - INFO - Scoring terminé en 0.09s - 1500 clients scorés
2025-12-22 22:07:00 - client_scoring - INFO - ClientScoringEngine initialisé - Top clients: 25.0%
2025-12-22 22:07:00 - client_scoring - INFO - Début calcul scores clients intra-cluster
2025-12-22 22:07:00 - client_scoring - INFO - Données clusterisées : (1500, 12)
2025-12-22 22:07:00 - client_scoring - INFO - Données financières : (1500, 8)
2025-12-22 22:07:00 - client_scoring - INFO - Données fusionnées : (1500, 19)
2025-12-22 22:07:00 - client_scoring - INFO - Nettoyage colonne CLUSTER_GLOBAL
2025-12-22 22:07:00 - client_scoring - INFO - Validation groupby réussie : 10 groupes
2025-12-22 22:07:00 - client_scoring - INFO - Clients clusterisés retenus : 1500
2025-12-22 22:07:00 - client_scoring - INFO - Clusters uniques : 10
2025-12-22 22:07:00 - client_scoring - INFO - Préparation données financières
2025-12-22 22:07:00 - client_scoring - INFO - Colonnes PNB disponibles : ['PNB_COLL', 'PNB_CRED', 'PNB_SERV', 'PNB_ASSU']
2025-12-22 22:07:00 - client_scoring - WARNING - Variable EP_LIQUIDE non trouvée - valeur par défaut : 0
2025-12-22 22:07:00 - client_scoring - WARNING - Variable EP_STABLE non trouvée - valeur par défaut : 0
2025-12-22 22:07:00 - client_scoring - WARNING - Variable SLD_DAV non trouvée - valeur par défaut : 0
2025-12-22 22:07:00 - client_scoring - WARNING - Variable détention CD_NOTE_UNVRS_ASSU non trouvée - valeur par défaut : 0
2025-12-22 22:07:00 - client_scoring - INFO - Variable détention CD_NOTE_UNVRS_CRED préparée
2025-12-22 22:07:00 - client_scoring - WARNING - Variable détention CD_NOTE_UNVRS_EPRGN non trouvée - valeur par défaut : 0
2025-12-22 22:07:00 - client_scoring - WARNING - Variable détention CD_NOTE_UNVRS_SERV non trouvée - valeur par défaut : 0
2025-12-22 22:07:00 - client_scoring - WARNING - Variable détention CD_NOTE_POIDS_UNVRS non trouvée - valeur par défaut : 0
2025-12-22 22:07:00 - client_scoring - INFO - Calcul pondération et normalisation PNB par cluster
2025-12-22 22:07:00 - client_scoring - INFO - Score client calculé avec 4 composantes
2025-12-22 22:07:00 - client_scoring - INFO - Calcul potentiels clients (top 25% par cluster)
2025-12-22 22:07:00 - client_scoring - INFO - Potentiels calculés basés sur 372 clients top 25%
2025-12-22 22:07:00 - client_scoring - INFO - Calcul segmentation finale
2025-12-22 22:07:00 - client_scoring - INFO - === MÉTRIQUES DE QUALITÉ SCORING ===
2025-12-22 22:07:00 - client_scoring - INFO - Clients scorés : 1,500
2025-12-22 22:07:00 - client_scoring - INFO - Clusters analysés : 10
2025-12-22 22:07:00 - client_scoring - INFO - Score client moyen : 0.549
2025-12-22 22:07:00 - client_scoring - INFO - Potentiel total : 3,630,108€
2025-12-22 22:07:00 - client_scoring - INFO - Potentiel moyen/client : 2,420€
2025-12-22 22:07:00 - client_scoring - INFO - Couverture scoring : 100.0%
2025-12-22 22:07:00 - client_scoring - INFO - Couverture potentiel : 95.2%
2025-12-22 22:07:00 - client_scoring - INFO - Distribution segments :
2025-12-22 22:07:00 - client_scoring - INFO -   - A developper: 561 clients (37.4%)
2025-12-22 22:07:00 - client_scoring - INFO -   - A stimuler: 460 clients (30.7%)
2025-12-22 22:07:00 - client_scoring - INFO -   - A construire: 376 clients (25.1%)
2025-12-22 22:07:00 - client_scoring - INFO -   - A entretenir: 103 clients (6.9%)
2025-12-22 22:07:00 - client_scoring - INFO - Top 3 clusters par potentiel moyen :
2025-12-22 22:07:00 - client_scoring - INFO -   - 33-37_C0: 2,830€ (162 clients)
2025-12-22 22:07:00 - client_scoring - INFO -   - 43-47_C0: 2,825€ (193 clients)
2025-12-22 22:07:00 - client_scoring - INFO -   - 63+_C0: 2,781€ (160 clients)
2025-12-22 22:07:00 - client_scoring - INFO - Scoring terminé en 0.09s - 1500 clients scorés
2025-12-22 22:07:01 - client_scoring - INFO - ClientScoringEngine initialisé - Top clients: 25.0%
2025-12-22 22:07:01 - client_scoring - INFO - Début calcul scores clients intra-cluster
2025-12-22 22:07:01 - client_scoring - INFO - Données clusterisées : (2000, 12)
2025-12-22 22:07:01 - client_scoring - INFO - Données financières : (2000, 8)
2025-12-22 22:07:01 - client_scoring - INFO - Données fusionnées : (2000, 19)
2025-12-22 22:07:01 - client_scoring - INFO - Nettoyage colonne CLUSTER_GLOBAL
2025-12-22 22:07:01 - client_scoring - INFO - Validation groupby réussie : 10 groupes
2025-12-22 22:07:01 - client_scoring - INFO - Clients clusterisés retenus : 2000
2025-12-22 22:07:01 - client_scoring - INFO - Clusters uniques : 10
2025-12-22 22:07:01 - client_scoring - INFO - Préparation données financières
2025-12-22 22:07:01 - client_scoring - INFO - Colonnes PNB disponibles : ['PNB_COLL', 'PNB_CRED', 'PNB_SERV', 'PNB_ASSU']
2025-12-22 22:07:01 - client_scoring - WARNING - Variable EP_LIQUIDE non trouvée - valeur par défaut : 0
2025-12-22 22:07:01 - client_scoring - WARNING - Variable EP_STABLE non trouvée - valeur par défaut : 0
2025-12-22 22:07:01 - client_scoring - WARNING - Variable SLD_DAV non trouvée - valeur par défaut : 0
2025-12-22 22:07:01 - client_scoring - WARNING - Variable détention CD_NOTE_UNVRS_ASSU non trouvée - valeur par défaut : 0
2025-12-22 22:07:01 - client_scoring - INFO - Variable détention CD_NOTE_UNVRS_CRED préparée
2025-12-22 22:07:01 - client_scoring - WARNING - Variable détention CD_NOTE_UNVRS_EPRGN non trouvée - valeur par défaut : 0
2025-12-22 22:07:01 - client_scoring - WARNING - Variable détention CD_NOTE_UNVRS_SERV non trouvée - valeur par défaut : 0
2025-12-22 22:07:01 - client_scoring - WARNING - Variable détention CD_NOTE_POIDS_UNVRS non trouvée - valeur par défaut : 0
2025-12-22 22:07:01 - client_scoring - INFO - Calcul pondération et normalisation PNB par cluster
2025-12-22 22:07:01 - client_scoring - INFO - Score client calculé avec 4 composantes
2025-12-22 22:07:01 - client_scoring - INFO - Calcul potentiels clients (top 25% par cluster)
2025-12-22 22:07:01 - client_scoring - INFO - Potentiels calculés basés sur 495 clients top 25%
2025-12-22 22:07:01 - client_scoring - INFO - Calcul segmentation finale
2025-12-22 22:07:01 - client_scoring - INFO - === MÉTRIQUES DE QUALITÉ SCORING ===
2025-12-22 22:07:01 - client_scoring - INFO - Clients scorés : 2,000
2025-12-22 22:07:01 - client_scoring - INFO - Clusters analysés : 10
2025-12-22 22:07:01 - client_scoring - INFO - Score client moyen : 0.564
2025-12-22 22:07:01 - client_scoring - INFO - Potentiel total : 4,029,085€
2025-12-22 22:07:01 - client_scoring - INFO - Potentiel moyen/client : 2,015€
2025-12-22 22:07:01 - client_scoring - INFO - Couverture scoring : 100.0%
2025-12-22 22:07:01 - client_scoring - INFO - Couverture potentiel : 94.8%
2025-12-22 22:07:01 - client_scoring - INFO - Distribution segments :
2025-12-22 22:07:01 - client_scoring - INFO -   - A developper: 758 clients (37.9%)
2025-12-22 22:07:01 - client_scoring - INFO -   - A stimuler: 611 clients (30.6%)
2025-12-22 22:07:01 - client_scoring - INFO -   - A construire: 502 clients (25.1%)
2025-12-22 22:07:01 - client_scoring - INFO -   - A entretenir: 129 clients (6.5%)
2025-12-22 22:07:01 - client_scoring - INFO - Top 3 clusters par potentiel moyen :
2025-12-22 22:07:01 - client_scoring - INFO -   - 53-57_C0: 2,666€ (211 clients)
2025-12-22 22:07:01 - client_scoring - INFO -   - 48-52_C0: 2,198€ (257 clients)
2025-12-22 22:07:01 - client_scoring - INFO -   - 58-62_C0: 2,172€ (163 clients)
2025-12-22 22:07:01 - client_scoring - INFO - Scoring terminé en 0.11s - 2000 clients scorés
2025-12-22 22:07:02 - client_scoring - INFO - ClientScoringEngine initialisé - Top clients: 25.0%
2025-12-22 22:07:02 - client_scoring - INFO - Début calcul scores clients intra-cluster
2025-12-22 22:07:02 - client_scoring - INFO - Données clusterisées : (2000, 12)
2025-12-22 22:07:02 - client_scoring - INFO - Données financières : (2000, 8)
2025-12-22 22:07:02 - client_scoring - INFO - Données fusionnées : (2000, 19)
2025-12-22 22:07:02 - client_scoring - INFO - Nettoyage colonne CLUSTER_GLOBAL
2025-12-22 22:07:02 - client_scoring - INFO - Validation groupby réussie : 10 groupes
2025-12-22 22:07:02 - client_scoring - INFO - Clients clusterisés retenus : 2000
2025-12-22 22:07:02 - client_scoring - INFO - Clusters uniques : 10
2025-12-22 22:07:02 - client_scoring - INFO - Préparation données financières
2025-12-22 22:07:02 - client_scoring - INFO - Colonnes PNB disponibles : ['PNB_COLL', 'PNB_CRED', 'PNB_SERV', 'PNB_ASSU']
2025-12-22 22:07:02 - client_scoring - WARNING - Variable EP_LIQUIDE non trouvée - valeur par défaut : 0
2025-12-22 22:07:02 - client_scoring - WARNING - Variable EP_STABLE non trouvée - valeur par défaut : 0
2025-12-22 22:07:02 - client_scoring - WARNING - Variable SLD_DAV non trouvée - valeur par défaut : 0
2025-12-22 22:07:02 - client_scoring - WARNING - Variable détention CD_NOTE_UNVRS_ASSU non trouvée - valeur par défaut : 0
2025-12-22 22:07:02 - client_scoring - INFO - Variable détention CD_NOTE_UNVRS_CRED préparée
2025-12-22 22:07:02 - client_scoring - WARNING - Variable détention CD_NOTE_UNVRS_EPRGN non trouvée - valeur par défaut : 0
2025-12-22 22:07:02 - client_scoring - WARNING - Variable détention CD_NOTE_UNVRS_SERV non trouvée - valeur par défaut : 0
2025-12-22 22:07:02 - client_scoring - WARNING - Variable détention CD_NOTE_POIDS_UNVRS non trouvée - valeur par défaut : 0
2025-12-22 22:07:02 - client_scoring - INFO - Calcul pondération et normalisation PNB par cluster
2025-12-22 22:07:02 - client_scoring - INFO - Score client calculé avec 4 composantes
2025-12-22 22:07:02 - client_scoring - INFO - Calcul potentiels clients (top 25% par cluster)
2025-12-22 22:07:02 - client_scoring - INFO - Potentiels calculés basés sur 495 clients top 25%
2025-12-22 22:07:02 - client_scoring - INFO - Calcul segmentation finale
2025-12-22 22:07:02 - client_scoring - INFO - === MÉTRIQUES DE QUALITÉ SCORING ===
2025-12-22 22:07:02 - client_scoring - INFO - Clients scorés : 2,000
2025-12-22 22:07:02 - client_scoring - INFO - Clusters analysés : 10
2025-12-22 22:07:02 - client_scoring - INFO - Score client moyen : 0.564
2025-12-22 22:07:02 - client_scoring - INFO - Potentiel total : 4,029,085€
2025-12-22 22:07:02 - client_scoring - INFO - Potentiel moyen/client : 2,015€
2025-12-22 22:07:02 - client_scoring - INFO - Couverture scoring : 100.0%
2025-12-22 22:07:02 - client_scoring - INFO - Couverture potentiel : 94.8%
2025-12-22 22:07:02 - client_scoring - INFO - Distribution segments :
2025-12-22 22:07:02 - client_scoring - INFO -   - A developper: 758 clients (37.9%)
2025-12-22 22:07:02 - client_scoring - INFO -   - A stimuler: 611 clients (30.6%)
2025-12-22 22:07:02 - client_scoring - INFO -   - A construire: 502 clients (25.1%)
2025-12-22 22:07:02 - client_scoring - INFO -   - A entretenir: 129 clients (6.5%)
2025-12-22 22:07:02 - client_scoring - INFO - Top 3 clusters par potentiel moyen :
2025-12-22 22:07:02 - client_scoring - INFO -   - 53-57_C0: 2,666€ (211 clients)
2025-12-22 22:07:02 - client_scoring - INFO -   - 48-52_C0: 2,198€ (257 clients)
2025-12-22 22:07:02 - client_scoring - INFO -   - 58-62_C0: 2,172€ (163 clients)
2025-12-22 22:07:02 - client_scoring - INFO - Scoring terminé en 0.12s - 2000 clients scorés
2025-12-22 22:07:02 - client_scoring - INFO - ClientScoringEngine initialisé - Top clients: 25.0%
2025-12-22 22:07:02 - client_scoring - INFO - Début calcul scores clients intra-cluster
2025-12-22 22:07:02 - client_scoring - INFO - Données clusterisées : (2000, 12)
2025-12-22 22:07:02 - client_scoring - INFO - Données financières : (2000, 8)
2025-12-22 22:07:02 - client_scoring - INFO - Données fusionnées : (2000, 19)
2025-12-22 22:07:02 - client_scoring - INFO - Nettoyage colonne CLUSTER_GLOBAL
2025-12-22 22:07:02 - client_scoring - INFO - Validation groupby réussie : 10 groupes
2025-12-22 22:07:02 - client_scoring - INFO - Clients clusterisés retenus : 2000
2025-12-22 22:07:02 - client_scoring - INFO - Clusters uniques : 10
2025-12-22 22:07:02 - client_scoring - INFO - Préparation données financières
2025-12-22 22:07:02 - client_scoring - INFO - Colonnes PNB disponibles : ['PNB_COLL', 'PNB_CRED', 'PNB_SERV', 'PNB_ASSU']
2025-12-22 22:07:02 - client_scoring - WARNING - Variable EP_LIQUIDE non trouvée - valeur par défaut : 0
2025-12-22 22:07:02 - client_scoring - WARNING - Variable EP_STABLE non trouvée - valeur par défaut : 0
2025-12-22 22:07:02 - client_scoring - WARNING - Variable SLD_DAV non trouvée - valeur par défaut : 0
2025-12-22 22:07:02 - client_scoring - WARNING - Variable détention CD_NOTE_UNVRS_ASSU non trouvée - valeur par défaut : 0
2025-12-22 22:07:02 - client_scoring - INFO - Variable détention CD_NOTE_UNVRS_CRED préparée
2025-12-22 22:07:02 - client_scoring - WARNING - Variable détention CD_NOTE_UNVRS_EPRGN non trouvée - valeur par défaut : 0
2025-12-22 22:07:02 - client_scoring - WARNING - Variable détention CD_NOTE_UNVRS_SERV non trouvée - valeur par défaut : 0
2025-12-22 22:07:02 - client_scoring - WARNING - Variable détention CD_NOTE_POIDS_UNVRS non trouvée - valeur par défaut : 0
2025-12-22 22:07:02 - client_scoring - INFO - Calcul pondération et normalisation PNB par cluster
2025-12-22 22:07:02 - client_scoring - INFO - Score client calculé avec 4 composantes
2025-12-22 22:07:02 - client_scoring - INFO - Calcul potentiels clients (top 25% par cluster)
2025-12-22 22:07:02 - client_scoring - INFO - Potentiels calculés basés sur 495 clients top 25%
2025-12-22 22:07:02 - client_scoring - INFO - Calcul segmentation finale
2025-12-22 22:07:02 - client_scoring - INFO - === MÉTRIQUES DE QUALITÉ SCORING ===
2025-12-22 22:07:02 - client_scoring - INFO - Clients scorés : 2,000
2025-12-22 22:07:02 - client_scoring - INFO - Clusters analysés : 10
2025-12-22 22:07:02 - client_scoring - INFO - Score client moyen : 0.564
2025-12-22 22:07:02 - client_scoring - INFO - Potentiel total : 4,029,085€
2025-12-22 22:07:02 - client_scoring - INFO - Potentiel moyen/client : 2,015€
2025-12-22 22:07:02 - client_scoring - INFO - Couverture scoring : 100.0%
2025-12-22 22:07:02 - client_scoring - INFO - Couverture potentiel : 94.8%
2025-12-22 22:07:02 - client_scoring - INFO - Distribution segments :
2025-12-22 22:07:02 - client_scoring - INFO -   - A developper: 758 clients (37.9%)
2025-12-22 22:07:02 - client_scoring - INFO -   - A stimuler: 611 clients (30.6%)
2025-12-22 22:07:02 - client_scoring - INFO -   - A construire: 502 clients (25.1%)
2025-12-22 22:07:02 - client_scoring - INFO -   - A entretenir: 129 clients (6.5%)
2025-12-22 22:07:02 - client_scoring - INFO - Top 3 clusters par potentiel moyen :
2025-12-22 22:07:02 - client_scoring - INFO -   - 53-57_C0: 2,666€ (211 clients)
2025-12-22 22:07:02 - client_scoring - INFO -   - 48-52_C0: 2,198€ (257 clients)
2025-12-22 22:07:02 - client_scoring - INFO -   - 58-62_C0: 2,172€ (163 clients)
2025-12-22 22:07:02 - client_scoring - INFO - Scoring terminé en 0.10s - 2000 clients scorés
2025-12-22 22:07:03 - client_scoring - INFO - ClientScoringEngine initialisé - Top clients: 25.0%
2025-12-22 22:07:03 - client_scoring - INFO - Début calcul scores clients intra-cluster
2025-12-22 22:07:03 - client_scoring - INFO - Données clusterisées : (200, 12)
2025-12-22 22:07:03 - client_scoring - INFO - Données financières : (2000, 8)
2025-12-22 22:07:03 - client_scoring - INFO - Données fusionnées : (200, 19)
2025-12-22 22:07:03 - client_scoring - INFO - Nettoyage colonne CLUSTER_GLOBAL
2025-12-22 22:07:03 - client_scoring - INFO - Validation groupby réussie : 10 groupes
2025-12-22 22:07:03 - client_scoring - INFO - Clients clusterisés retenus : 200
2025-12-22 22:07:03 - client_scoring - INFO - Clusters uniques : 10
2025-12-22 22:07:03 - client_scoring - INFO - Préparation données financières
2025-12-22 22:07:03 - client_scoring - INFO - Colonnes PNB disponibles : ['PNB_COLL', 'PNB_CRED', 'PNB_SERV', 'PNB_ASSU']
2025-12-22 22:07:03 - client_scoring - WARNING - Variable EP_LIQUIDE non trouvée - valeur par défaut : 0
2025-12-22 22:07:03 - client_scoring - WARNING - Variable EP_STABLE non trouvée - valeur par défaut : 0
2025-12-22 22:07:03 - client_scoring - WARNING - Variable SLD_DAV non trouvée - valeur par défaut : 0
2025-12-22 22:07:03 - client_scoring - WARNING - Variable détention CD_NOTE_UNVRS_ASSU non trouvée - valeur par défaut : 0
2025-12-22 22:07:03 - client_scoring - INFO - Variable détention CD_NOTE_UNVRS_CRED préparée
2025-12-22 22:07:03 - client_scoring - WARNING - Variable détention CD_NOTE_UNVRS_EPRGN non trouvée - valeur par défaut : 0
2025-12-22 22:07:03 - client_scoring - WARNING - Variable détention CD_NOTE_UNVRS_SERV non trouvée - valeur par défaut : 0
2025-12-22 22:07:03 - client_scoring - WARNING - Variable détention CD_NOTE_POIDS_UNVRS non trouvée - valeur par défaut : 0
2025-12-22 22:07:03 - client_scoring - INFO - Calcul pondération et normalisation PNB par cluster
2025-12-22 22:07:03 - client_scoring - INFO - Score client calculé avec 4 composantes
2025-12-22 22:07:03 - client_scoring - INFO - Calcul potentiels clients (top 25% par cluster)
2025-12-22 22:07:03 - client_scoring - INFO - Potentiels calculés basés sur 47 clients top 25%
2025-12-22 22:07:03 - client_scoring - INFO - Calcul segmentation finale
2025-12-22 22:07:03 - client_scoring - INFO - === MÉTRIQUES DE QUALITÉ SCORING ===
2025-12-22 22:07:03 - client_scoring - INFO - Clients scorés : 200
2025-12-22 22:07:03 - client_scoring - INFO - Clusters analysés : 10
2025-12-22 22:07:03 - client_scoring - INFO - Score client moyen : 0.433
2025-12-22 22:07:03 - client_scoring - INFO - Potentiel total : 439,705€
2025-12-22 22:07:03 - client_scoring - INFO - Potentiel moyen/client : 2,199€
2025-12-22 22:07:03 - client_scoring - INFO - Couverture scoring : 100.0%
2025-12-22 22:07:03 - client_scoring - INFO - Couverture potentiel : 93.5%
2025-12-22 22:07:03 - client_scoring - INFO - Distribution segments :
2025-12-22 22:07:03 - client_scoring - INFO -   - A stimuler: 72 clients (36.0%)
2025-12-22 22:07:03 - client_scoring - INFO -   - A developper: 66 clients (33.0%)
2025-12-22 22:07:03 - client_scoring - INFO -   - A construire: 52 clients (26.0%)
2025-12-22 22:07:03 - client_scoring - INFO -   - A entretenir: 10 clients (5.0%)
2025-12-22 22:07:03 - client_scoring - INFO - Top 3 clusters par potentiel moyen :
2025-12-22 22:07:03 - client_scoring - INFO -   - 18-22_C0: 3,976€ (10 clients)
2025-12-22 22:07:03 - client_scoring - INFO -   - 58-62_C0: 3,324€ (17 clients)
2025-12-22 22:07:03 - client_scoring - INFO -   - 53-57_C0: 3,122€ (17 clients)
2025-12-22 22:07:03 - client_scoring - INFO - Scoring terminé en 0.07s - 200 clients scorés
2025-12-22 22:07:03 - client_scoring - INFO - ClientScoringEngine initialisé - Top clients: 25.0%
2025-12-22 22:07:03 - client_scoring - INFO - Début calcul scores clients intra-cluster
2025-12-22 22:07:03 - client_scoring - INFO - Données clusterisées : (2000, 12)
2025-12-22 22:07:03 - client_scoring - INFO - Données financières : (2000, 8)
2025-12-22 22:07:03 - client_scoring - INFO - Données fusionnées : (2000, 19)
2025-12-22 22:07:03 - client_scoring - INFO - Nettoyage colonne CLUSTER_GLOBAL
2025-12-22 22:07:03 - client_scoring - INFO - Validation groupby réussie : 10 groupes
2025-12-22 22:07:03 - client_scoring - INFO - Clients clusterisés retenus : 2000
2025-12-22 22:07:03 - client_scoring - INFO - Clusters uniques : 10
2025-12-22 22:07:03 - client_scoring - INFO - Préparation données financières
2025-12-22 22:07:03 - client_scoring - INFO - Colonnes PNB disponibles : ['PNB_COLL', 'PNB_CRED', 'PNB_SERV', 'PNB_ASSU']
2025-12-22 22:07:03 - client_scoring - WARNING - Variable EP_LIQUIDE non trouvée - valeur par défaut : 0
2025-12-22 22:07:03 - client_scoring - WARNING - Variable EP_STABLE non trouvée - valeur par défaut : 0
2025-12-22 22:07:03 - client_scoring - WARNING - Variable SLD_DAV non trouvée - valeur par défaut : 0
2025-12-22 22:07:03 - client_scoring - WARNING - Variable détention CD_NOTE_UNVRS_ASSU non trouvée - valeur par défaut : 0
2025-12-22 22:07:03 - client_scoring - INFO - Variable détention CD_NOTE_UNVRS_CRED préparée
2025-12-22 22:07:03 - client_scoring - WARNING - Variable détention CD_NOTE_UNVRS_EPRGN non trouvée - valeur par défaut : 0
2025-12-22 22:07:03 - client_scoring - WARNING - Variable détention CD_NOTE_UNVRS_SERV non trouvée - valeur par défaut : 0
2025-12-22 22:07:03 - client_scoring - WARNING - Variable détention CD_NOTE_POIDS_UNVRS non trouvée - valeur par défaut : 0
2025-12-22 22:07:03 - client_scoring - INFO - Calcul pondération et normalisation PNB par cluster
2025-12-22 22:07:03 - client_scoring - INFO - Score client calculé avec 4 composantes
2025-12-22 22:07:03 - client_scoring - INFO - Calcul potentiels clients (top 25% par cluster)
2025-12-22 22:07:03 - client_scoring - INFO - Potentiels calculés basés sur 495 clients top 25%
2025-12-22 22:07:03 - client_scoring - INFO - Calcul segmentation finale
2025-12-22 22:07:03 - client_scoring - INFO - === MÉTRIQUES DE QUALITÉ SCORING ===
2025-12-22 22:07:03 - client_scoring - INFO - Clients scorés : 2,000
2025-12-22 22:07:03 - client_scoring - INFO - Clusters analysés : 10
2025-12-22 22:07:03 - client_scoring - INFO - Score client moyen : 0.564
2025-12-22 22:07:03 - client_scoring - INFO - Potentiel total : 4,029,085€
2025-12-22 22:07:03 - client_scoring - INFO - Potentiel moyen/client : 2,015€
2025-12-22 22:07:03 - client_scoring - INFO - Couverture scoring : 100.0%
2025-12-22 22:07:03 - client_scoring - INFO - Couverture potentiel : 94.8%
2025-12-22 22:07:03 - client_scoring - INFO - Distribution segments :
2025-12-22 22:07:03 - client_scoring - INFO -   - A developper: 758 clients (37.9%)
2025-12-22 22:07:03 - client_scoring - INFO -   - A stimuler: 611 clients (30.6%)
2025-12-22 22:07:03 - client_scoring - INFO -   - A construire: 502 clients (25.1%)
2025-12-22 22:07:03 - client_scoring - INFO -   - A entretenir: 129 clients (6.5%)
2025-12-22 22:07:03 - client_scoring - INFO - Top 3 clusters par potentiel moyen :
2025-12-22 22:07:03 - client_scoring - INFO -   - 53-57_C0: 2,666€ (211 clients)
2025-12-22 22:07:03 - client_scoring - INFO -   - 48-52_C0: 2,198€ (257 clients)
2025-12-22 22:07:03 - client_scoring - INFO -   - 58-62_C0: 2,172€ (163 clients)
2025-12-22 22:07:03 - client_scoring - INFO - Scoring terminé en 0.12s - 2000 clients scorés
2025-12-22 22:07:04 - client_scoring - INFO - ClientScoringEngine initialisé - Top clients: 25.0%
2025-12-22 22:07:04 - client_scoring - INFO - Début calcul scores clients intra-cluster
2025-12-22 22:07:04 - client_scoring - INFO - Données clusterisées : (2000, 12)
2025-12-22 22:07:04 - client_scoring - INFO - Données financières : (2000, 8)
2025-12-22 22:07:04 - client_scoring - INFO - Données fusionnées : (2000, 19)
2025-12-22 22:07:04 - client_scoring - INFO - Nettoyage colonne CLUSTER_GLOBAL
2025-12-22 22:07:04 - client_scoring - INFO - Validation groupby réussie : 10 groupes
2025-12-22 22:07:04 - client_scoring - INFO - Clients clusterisés retenus : 2000
2025-12-22 22:07:04 - client_scoring - INFO - Clusters uniques : 10
2025-12-22 22:07:04 - client_scoring - INFO - Préparation données financières
2025-12-22 22:07:04 - client_scoring - INFO - Colonnes PNB disponibles : ['PNB_COLL', 'PNB_CRED', 'PNB_SERV', 'PNB_ASSU']
2025-12-22 22:07:04 - client_scoring - WARNING - Variable EP_LIQUIDE non trouvée - valeur par défaut : 0
2025-12-22 22:07:04 - client_scoring - WARNING - Variable EP_STABLE non trouvée - valeur par défaut : 0
2025-12-22 22:07:04 - client_scoring - WARNING - Variable SLD_DAV non trouvée - valeur par défaut : 0
2025-12-22 22:07:04 - client_scoring - WARNING - Variable détention CD_NOTE_UNVRS_ASSU non trouvée - valeur par défaut : 0
2025-12-22 22:07:04 - client_scoring - INFO - Variable détention CD_NOTE_UNVRS_CRED préparée
2025-12-22 22:07:04 - client_scoring - WARNING - Variable détention CD_NOTE_UNVRS_EPRGN non trouvée - valeur par défaut : 0
2025-12-22 22:07:04 - client_scoring - WARNING - Variable détention CD_NOTE_UNVRS_SERV non trouvée - valeur par défaut : 0
2025-12-22 22:07:04 - client_scoring - WARNING - Variable détention CD_NOTE_POIDS_UNVRS non trouvée - valeur par défaut : 0
2025-12-22 22:07:04 - client_scoring - INFO - Calcul pondération et normalisation PNB par cluster
2025-12-22 22:07:04 - client_scoring - INFO - Score client calculé avec 4 composantes
2025-12-22 22:07:04 - client_scoring - INFO - Calcul potentiels clients (top 25% par cluster)
2025-12-22 22:07:04 - client_scoring - INFO - Potentiels calculés basés sur 495 clients top 25%
2025-12-22 22:07:04 - client_scoring - INFO - Calcul segmentation finale
2025-12-22 22:07:04 - client_scoring - INFO - === MÉTRIQUES DE QUALITÉ SCORING ===
2025-12-22 22:07:04 - client_scoring - INFO - Clients scorés : 2,000
2025-12-22 22:07:04 - client_scoring - INFO - Clusters analysés : 10
2025-12-22 22:07:04 - client_scoring - INFO - Score client moyen : 0.564
2025-12-22 22:07:04 - client_scoring - INFO - Potentiel total : 4,029,085€
2025-12-22 22:07:04 - client_scoring - INFO - Potentiel moyen/client : 2,015€
2025-12-22 22:07:04 - client_scoring - INFO - Couverture scoring : 100.0%
2025-12-22 22:07:04 - client_scoring - INFO - Couverture potentiel : 94.8%
2025-12-22 22:07:04 - client_scoring - INFO - Distribution segments :
2025-12-22 22:07:04 - client_scoring - INFO -   - A developper: 758 clients (37.9%)
2025-12-22 22:07:04 - client_scoring - INFO -   - A stimuler: 611 clients (30.6%)
2025-12-22 22:07:04 - client_scoring - INFO -   - A construire: 502 clients (25.1%)
2025-12-22 22:07:04 - client_scoring - INFO -   - A entretenir: 129 clients (6.5%)
2025-12-22 22:07:04 - client_scoring - INFO - Top 3 clusters par potentiel moyen :
2025-12-22 22:07:04 - client_scoring - INFO -   - 53-57_C0: 2,666€ (211 clients)
2025-12-22 22:07:04 - client_scoring - INFO -   - 48-52_C0: 2,198€ (257 clients)
2025-12-22 22:07:04 - client_scoring - INFO -   - 58-62_C0: 2,172€ (163 clients)
2025-12-22 22:07:04 - client_scoring - INFO - Scoring terminé en 0.11s - 2000 clients scorés
2025-12-22 22:07:05 - client_scoring - INFO - ClientScoringEngine initialisé - Top clients: 25.0%
2025-12-22 22:07:05 - client_scoring - INFO - Début calcul scores clients intra-cluster
2025-12-22 22:07:05 - client_scoring - INFO - Données clusterisées : (2000, 12)
2025-12-22 22:07:05 - client_scoring - INFO - Données financières : (2000, 8)
2025-12-22 22:07:05 - client_scoring - INFO - Données fusionnées : (2000, 19)
2025-12-22 22:07:05 - client_scoring - INFO - Nettoyage colonne CLUSTER_GLOBAL
2025-12-22 22:07:05 - client_scoring - INFO - Validation groupby réussie : 10 groupes
2025-12-22 22:07:05 - client_scoring - INFO - Clients clusterisés retenus : 2000
2025-12-22 22:07:05 - client_scoring - INFO - Clusters uniques : 10
2025-12-22 22:07:05 - client_scoring - INFO - Préparation données financières
2025-12-22 22:07:05 - client_scoring - INFO - Colonnes PNB disponibles : ['PNB_COLL', 'PNB_CRED', 'PNB_SERV', 'PNB_ASSU']
2025-12-22 22:07:05 - client_scoring - WARNING - Variable EP_LIQUIDE non trouvée - valeur par défaut : 0
2025-12-22 22:07:05 - client_scoring - WARNING - Variable EP_STABLE non trouvée - valeur par défaut : 0
2025-12-22 22:07:05 - client_scoring - WARNING - Variable SLD_DAV non trouvée - valeur par défaut : 0
2025-12-22 22:07:05 - client_scoring - WARNING - Variable détention CD_NOTE_UNVRS_ASSU non trouvée - valeur par défaut : 0
2025-12-22 22:07:05 - client_scoring - INFO - Variable détention CD_NOTE_UNVRS_CRED préparée
2025-12-22 22:07:05 - client_scoring - WARNING - Variable détention CD_NOTE_UNVRS_EPRGN non trouvée - valeur par défaut : 0
2025-12-22 22:07:05 - client_scoring - WARNING - Variable détention CD_NOTE_UNVRS_SERV non trouvée - valeur par défaut : 0
2025-12-22 22:07:05 - client_scoring - WARNING - Variable détention CD_NOTE_POIDS_UNVRS non trouvée - valeur par défaut : 0
2025-12-22 22:07:05 - client_scoring - INFO - Calcul pondération et normalisation PNB par cluster
2025-12-22 22:07:05 - client_scoring - INFO - Score client calculé avec 4 composantes
2025-12-22 22:07:05 - client_scoring - INFO - Calcul potentiels clients (top 25% par cluster)
2025-12-22 22:07:05 - client_scoring - INFO - Potentiels calculés basés sur 495 clients top 25%
2025-12-22 22:07:05 - client_scoring - INFO - Calcul segmentation finale
2025-12-22 22:07:05 - client_scoring - INFO - === MÉTRIQUES DE QUALITÉ SCORING ===
2025-12-22 22:07:05 - client_scoring - INFO - Clients scorés : 2,000
2025-12-22 22:07:05 - client_scoring - INFO - Clusters analysés : 10
2025-12-22 22:07:05 - client_scoring - INFO - Score client moyen : 0.564
2025-12-22 22:07:05 - client_scoring - INFO - Potentiel total : 4,029,085€
2025-12-22 22:07:05 - client_scoring - INFO - Potentiel moyen/client : 2,015€
2025-12-22 22:07:05 - client_scoring - INFO - Couverture scoring : 100.0%
2025-12-22 22:07:05 - client_scoring - INFO - Couverture potentiel : 94.8%
2025-12-22 22:07:05 - client_scoring - INFO - Distribution segments :
2025-12-22 22:07:05 - client_scoring - INFO -   - A developper: 758 clients (37.9%)
2025-12-22 22:07:05 - client_scoring - INFO -   - A stimuler: 611 clients (30.6%)
2025-12-22 22:07:05 - client_scoring - INFO -   - A construire: 502 clients (25.1%)
2025-12-22 22:07:05 - client_scoring - INFO -   - A entretenir: 129 clients (6.5%)
2025-12-22 22:07:05 - client_scoring - INFO - Top 3 clusters par potentiel moyen :
2025-12-22 22:07:05 - client_scoring - INFO -   - 53-57_C0: 2,666€ (211 clients)
2025-12-22 22:07:05 - client_scoring - INFO -   - 48-52_C0: 2,198€ (257 clients)
2025-12-22 22:07:05 - client_scoring - INFO -   - 58-62_C0: 2,172€ (163 clients)
2025-12-22 22:07:05 - client_scoring - INFO - Scoring terminé en 0.12s - 2000 clients scorés
2025-12-22 22:07:06 - client_scoring - INFO - ClientScoringEngine initialisé - Top clients: 25.0%
2025-12-22 22:07:06 - client_scoring - INFO - Début calcul scores clients intra-cluster
2025-12-22 22:07:06 - client_scoring - INFO - Données clusterisées : (2000, 12)
2025-12-22 22:07:06 - client_scoring - INFO - Données financières : (2000, 8)
2025-12-22 22:07:06 - client_scoring - INFO - Données fusionnées : (2000, 19)
2025-12-22 22:07:06 - client_scoring - INFO - Nettoyage colonne CLUSTER_GLOBAL
2025-12-22 22:07:06 - client_scoring - INFO - Validation groupby réussie : 10 groupes
2025-12-22 22:07:06 - client_scoring - INFO - Clients clusterisés retenus : 2000
2025-12-22 22:07:06 - client_scoring - INFO - Clusters uniques : 10
2025-12-22 22:07:06 - client_scoring - INFO - Préparation données financières
2025-12-22 22:07:06 - client_scoring - INFO - Colonnes PNB disponibles : ['PNB_COLL', 'PNB_CRED', 'PNB_SERV', 'PNB_ASSU']
2025-12-22 22:07:06 - client_scoring - WARNING - Variable EP_LIQUIDE non trouvée - valeur par défaut : 0
2025-12-22 22:07:06 - client_scoring - WARNING - Variable EP_STABLE non trouvée - valeur par défaut : 0
2025-12-22 22:07:06 - client_scoring - WARNING - Variable SLD_DAV non trouvée - valeur par défaut : 0
2025-12-22 22:07:06 - client_scoring - WARNING - Variable détention CD_NOTE_UNVRS_ASSU non trouvée - valeur par défaut : 0
2025-12-22 22:07:06 - client_scoring - INFO - Variable détention CD_NOTE_UNVRS_CRED préparée
2025-12-22 22:07:06 - client_scoring - WARNING - Variable détention CD_NOTE_UNVRS_EPRGN non trouvée - valeur par défaut : 0
2025-12-22 22:07:06 - client_scoring - WARNING - Variable détention CD_NOTE_UNVRS_SERV non trouvée - valeur par défaut : 0
2025-12-22 22:07:06 - client_scoring - WARNING - Variable détention CD_NOTE_POIDS_UNVRS non trouvée - valeur par défaut : 0
2025-12-22 22:07:06 - client_scoring - INFO - Calcul pondération et normalisation PNB par cluster
2025-12-22 22:07:06 - client_scoring - INFO - Score client calculé avec 4 composantes
2025-12-22 22:07:06 - client_scoring - INFO - Calcul potentiels clients (top 25% par cluster)
2025-12-22 22:07:06 - client_scoring - INFO - Potentiels calculés basés sur 495 clients top 25%
2025-12-22 22:07:06 - client_scoring - INFO - Calcul segmentation finale
2025-12-22 22:07:06 - client_scoring - INFO - === MÉTRIQUES DE QUALITÉ SCORING ===
2025-12-22 22:07:06 - client_scoring - INFO - Clients scorés : 2,000
2025-12-22 22:07:06 - client_scoring - INFO - Clusters analysés : 10
2025-12-22 22:07:06 - client_scoring - INFO - Score client moyen : 0.564
2025-12-22 22:07:06 - client_scoring - INFO - Potentiel total : 4,029,085€
2025-12-22 22:07:06 - client_scoring - INFO - Potentiel moyen/client : 2,015€
2025-12-22 22:07:06 - client_scoring - INFO - Couverture scoring : 100.0%
2025-12-22 22:07:06 - client_scoring - INFO - Couverture potentiel : 94.8%
2025-12-22 22:07:06 - client_scoring - INFO - Distribution segments :
2025-12-22 22:07:06 - client_scoring - INFO -   - A developper: 758 clients (37.9%)
2025-12-22 22:07:06 - client_scoring - INFO -   - A stimuler: 611 clients (30.6%)
2025-12-22 22:07:06 - client_scoring - INFO -   - A construire: 502 clients (25.1%)
2025-12-22 22:07:06 - client_scoring - INFO -   - A entretenir: 129 clients (6.5%)
2025-12-22 22:07:06 - client_scoring - INFO - Top 3 clusters par potentiel moyen :
2025-12-22 22:07:06 - client_scoring - INFO -   - 53-57_C0: 2,666€ (211 clients)
2025-12-22 22:07:06 - client_scoring - INFO -   - 48-52_C0: 2,198€ (257 clients)
2025-12-22 22:07:06 - client_scoring - INFO -   - 58-62_C0: 2,172€ (163 clients)
2025-12-22 22:07:06 - client_scoring - INFO - Scoring terminé en 0.13s - 2000 clients scorés
2025-12-22 22:07:06 - client_scoring - INFO - ClientScoringEngine initialisé - Top clients: 25.0%
2025-12-22 22:07:06 - client_scoring - INFO - Début calcul scores clients intra-cluster
2025-12-22 22:07:06 - client_scoring - INFO - Données clusterisées : (2000, 12)
2025-12-22 22:07:06 - client_scoring - INFO - Données financières : (2000, 8)
2025-12-22 22:07:06 - client_scoring - INFO - Données fusionnées : (2000, 19)
2025-12-22 22:07:06 - client_scoring - INFO - Nettoyage colonne CLUSTER_GLOBAL
2025-12-22 22:07:06 - client_scoring - INFO - Validation groupby réussie : 10 groupes
2025-12-22 22:07:06 - client_scoring - INFO - Clients clusterisés retenus : 2000
2025-12-22 22:07:06 - client_scoring - INFO - Clusters uniques : 10
2025-12-22 22:07:06 - client_scoring - INFO - Préparation données financières
2025-12-22 22:07:06 - client_scoring - INFO - Colonnes PNB disponibles : ['PNB_COLL', 'PNB_CRED', 'PNB_SERV', 'PNB_ASSU']
2025-12-22 22:07:06 - client_scoring - WARNING - Variable EP_LIQUIDE non trouvée - valeur par défaut : 0
2025-12-22 22:07:06 - client_scoring - WARNING - Variable EP_STABLE non trouvée - valeur par défaut : 0
2025-12-22 22:07:06 - client_scoring - WARNING - Variable SLD_DAV non trouvée - valeur par défaut : 0
2025-12-22 22:07:06 - client_scoring - WARNING - Variable détention CD_NOTE_UNVRS_ASSU non trouvée - valeur par défaut : 0
2025-12-22 22:07:06 - client_scoring - INFO - Variable détention CD_NOTE_UNVRS_CRED préparée
2025-12-22 22:07:06 - client_scoring - WARNING - Variable détention CD_NOTE_UNVRS_EPRGN non trouvée - valeur par défaut : 0
2025-12-22 22:07:06 - client_scoring - WARNING - Variable détention CD_NOTE_UNVRS_SERV non trouvée - valeur par défaut : 0
2025-12-22 22:07:06 - client_scoring - WARNING - Variable détention CD_NOTE_POIDS_UNVRS non trouvée - valeur par défaut : 0
2025-12-22 22:07:06 - client_scoring - INFO - Calcul pondération et normalisation PNB par cluster
2025-12-22 22:07:06 - client_scoring - INFO - Score client calculé avec 4 composantes
2025-12-22 22:07:06 - client_scoring - INFO - Calcul potentiels clients (top 25% par cluster)
2025-12-22 22:07:06 - client_scoring - INFO - Potentiels calculés basés sur 495 clients top 25%
2025-12-22 22:07:06 - client_scoring - INFO - Calcul segmentation finale
2025-12-22 22:07:06 - client_scoring - INFO - === MÉTRIQUES DE QUALITÉ SCORING ===
2025-12-22 22:07:06 - client_scoring - INFO - Clients scorés : 2,000
2025-12-22 22:07:06 - client_scoring - INFO - Clusters analysés : 10
2025-12-22 22:07:06 - client_scoring - INFO - Score client moyen : 0.564
2025-12-22 22:07:06 - client_scoring - INFO - Potentiel total : 4,029,085€
2025-12-22 22:07:06 - client_scoring - INFO - Potentiel moyen/client : 2,015€
2025-12-22 22:07:06 - client_scoring - INFO - Couverture scoring : 100.0%
2025-12-22 22:07:06 - client_scoring - INFO - Couverture potentiel : 94.8%
2025-12-22 22:07:06 - client_scoring - INFO - Distribution segments :
2025-12-22 22:07:06 - client_scoring - INFO -   - A developper: 758 clients (37.9%)
2025-12-22 22:07:06 - client_scoring - INFO -   - A stimuler: 611 clients (30.6%)
2025-12-22 22:07:06 - client_scoring - INFO -   - A construire: 502 clients (25.1%)
2025-12-22 22:07:06 - client_scoring - INFO -   - A entretenir: 129 clients (6.5%)
2025-12-22 22:07:06 - client_scoring - INFO - Top 3 clusters par potentiel moyen :
2025-12-22 22:07:06 - client_scoring - INFO -   - 53-57_C0: 2,666€ (211 clients)
2025-12-22 22:07:06 - client_scoring - INFO -   - 48-52_C0: 2,198€ (257 clients)
2025-12-22 22:07:06 - client_scoring - INFO -   - 58-62_C0: 2,172€ (163 clients)
2025-12-22 22:07:06 - client_scoring - INFO - Scoring terminé en 0.10s - 2000 clients scorés
2025-12-22 22:07:07 - client_scoring - INFO - ClientScoringEngine initialisé - Top clients: 25.0%
2025-12-22 22:07:07 - client_scoring - INFO - Début calcul scores clients intra-cluster
2025-12-22 22:07:07 - client_scoring - INFO - Données clusterisées : (1000, 12)
2025-12-22 22:07:07 - client_scoring - INFO - Données financières : (1000, 8)
2025-12-22 22:07:07 - client_scoring - INFO - Données fusionnées : (1000, 19)
2025-12-22 22:07:07 - client_scoring - INFO - Nettoyage colonne CLUSTER_GLOBAL
2025-12-22 22:07:07 - client_scoring - INFO - Validation groupby réussie : 10 groupes
2025-12-22 22:07:07 - client_scoring - INFO - Clients clusterisés retenus : 1000
2025-12-22 22:07:07 - client_scoring - INFO - Clusters uniques : 10
2025-12-22 22:07:07 - client_scoring - INFO - Préparation données financières
2025-12-22 22:07:07 - client_scoring - INFO - Colonnes PNB disponibles : ['PNB_COLL', 'PNB_CRED', 'PNB_SERV', 'PNB_ASSU']
2025-12-22 22:07:07 - client_scoring - WARNING - Variable EP_LIQUIDE non trouvée - valeur par défaut : 0
2025-12-22 22:07:07 - client_scoring - WARNING - Variable EP_STABLE non trouvée - valeur par défaut : 0
2025-12-22 22:07:07 - client_scoring - WARNING - Variable SLD_DAV non trouvée - valeur par défaut : 0
2025-12-22 22:07:07 - client_scoring - WARNING - Variable détention CD_NOTE_UNVRS_ASSU non trouvée - valeur par défaut : 0
2025-12-22 22:07:07 - client_scoring - INFO - Variable détention CD_NOTE_UNVRS_CRED préparée
2025-12-22 22:07:07 - client_scoring - WARNING - Variable détention CD_NOTE_UNVRS_EPRGN non trouvée - valeur par défaut : 0
2025-12-22 22:07:07 - client_scoring - WARNING - Variable détention CD_NOTE_UNVRS_SERV non trouvée - valeur par défaut : 0
2025-12-22 22:07:07 - client_scoring - WARNING - Variable détention CD_NOTE_POIDS_UNVRS non trouvée - valeur par défaut : 0
2025-12-22 22:07:07 - client_scoring - INFO - Calcul pondération et normalisation PNB par cluster
2025-12-22 22:07:07 - client_scoring - INFO - Score client calculé avec 4 composantes
2025-12-22 22:07:07 - client_scoring - INFO - Calcul potentiels clients (top 25% par cluster)
2025-12-22 22:07:07 - client_scoring - INFO - Potentiels calculés basés sur 246 clients top 25%
2025-12-22 22:07:07 - client_scoring - INFO - Calcul segmentation finale
2025-12-22 22:07:07 - client_scoring - INFO - === MÉTRIQUES DE QUALITÉ SCORING ===
2025-12-22 22:07:07 - client_scoring - INFO - Clients scorés : 1,000
2025-12-22 22:07:07 - client_scoring - INFO - Clusters analysés : 10
2025-12-22 22:07:07 - client_scoring - INFO - Score client moyen : 0.538
2025-12-22 22:07:07 - client_scoring - INFO - Potentiel total : 1,961,723€
2025-12-22 22:07:07 - client_scoring - INFO - Potentiel moyen/client : 1,962€
2025-12-22 22:07:07 - client_scoring - INFO - Couverture scoring : 100.0%
2025-12-22 22:07:07 - client_scoring - INFO - Couverture potentiel : 93.1%
2025-12-22 22:07:07 - client_scoring - INFO - Distribution segments :
2025-12-22 22:07:07 - client_scoring - INFO -   - A developper: 382 clients (38.2%)
2025-12-22 22:07:07 - client_scoring - INFO -   - A stimuler: 311 clients (31.1%)
2025-12-22 22:07:07 - client_scoring - INFO -   - A construire: 251 clients (25.1%)
2025-12-22 22:07:07 - client_scoring - INFO -   - A entretenir: 56 clients (5.6%)
2025-12-22 22:07:07 - client_scoring - INFO - Top 3 clusters par potentiel moyen :
2025-12-22 22:07:07 - client_scoring - INFO -   - 53-57_C0: 3,016€ (111 clients)
2025-12-22 22:07:07 - client_scoring - INFO -   - 28-32_C0: 2,444€ (84 clients)
2025-12-22 22:07:07 - client_scoring - INFO -   - 43-47_C0: 2,403€ (139 clients)
2025-12-22 22:07:07 - client_scoring - INFO - Scoring terminé en 0.11s - 1000 clients scorés
2025-12-22 22:07:07 - client_scoring - INFO - ClientScoringEngine initialisé - Top clients: 25.0%
2025-12-22 22:07:07 - client_scoring - INFO - Début calcul scores clients intra-cluster
2025-12-22 22:07:07 - client_scoring - INFO - Données clusterisées : (1000, 12)
2025-12-22 22:07:07 - client_scoring - INFO - Données financières : (1000, 8)
2025-12-22 22:07:07 - client_scoring - INFO - Données fusionnées : (1000, 19)
2025-12-22 22:07:07 - client_scoring - INFO - Nettoyage colonne CLUSTER_GLOBAL
2025-12-22 22:07:07 - client_scoring - INFO - Validation groupby réussie : 10 groupes
2025-12-22 22:07:07 - client_scoring - INFO - Clients clusterisés retenus : 1000
2025-12-22 22:07:07 - client_scoring - INFO - Clusters uniques : 10
2025-12-22 22:07:07 - client_scoring - INFO - Préparation données financières
2025-12-22 22:07:07 - client_scoring - INFO - Colonnes PNB disponibles : ['PNB_COLL', 'PNB_CRED', 'PNB_SERV', 'PNB_ASSU']
2025-12-22 22:07:07 - client_scoring - WARNING - Variable EP_LIQUIDE non trouvée - valeur par défaut : 0
2025-12-22 22:07:07 - client_scoring - WARNING - Variable EP_STABLE non trouvée - valeur par défaut : 0
2025-12-22 22:07:07 - client_scoring - WARNING - Variable SLD_DAV non trouvée - valeur par défaut : 0
2025-12-22 22:07:07 - client_scoring - WARNING - Variable détention CD_NOTE_UNVRS_ASSU non trouvée - valeur par défaut : 0
2025-12-22 22:07:07 - client_scoring - INFO - Variable détention CD_NOTE_UNVRS_CRED préparée
2025-12-22 22:07:07 - client_scoring - WARNING - Variable détention CD_NOTE_UNVRS_EPRGN non trouvée - valeur par défaut : 0
2025-12-22 22:07:07 - client_scoring - WARNING - Variable détention CD_NOTE_UNVRS_SERV non trouvée - valeur par défaut : 0
2025-12-22 22:07:07 - client_scoring - WARNING - Variable détention CD_NOTE_POIDS_UNVRS non trouvée - valeur par défaut : 0
2025-12-22 22:07:07 - client_scoring - INFO - Calcul pondération et normalisation PNB par cluster
2025-12-22 22:07:07 - client_scoring - INFO - Score client calculé avec 4 composantes
2025-12-22 22:07:07 - client_scoring - INFO - Calcul potentiels clients (top 25% par cluster)
2025-12-22 22:07:07 - client_scoring - INFO - Potentiels calculés basés sur 246 clients top 25%
2025-12-22 22:07:07 - client_scoring - INFO - Calcul segmentation finale
2025-12-22 22:07:07 - client_scoring - INFO - === MÉTRIQUES DE QUALITÉ SCORING ===
2025-12-22 22:07:07 - client_scoring - INFO - Clients scorés : 1,000
2025-12-22 22:07:07 - client_scoring - INFO - Clusters analysés : 10
2025-12-22 22:07:07 - client_scoring - INFO - Score client moyen : 0.538
2025-12-22 22:07:07 - client_scoring - INFO - Potentiel total : 1,961,723€
2025-12-22 22:07:07 - client_scoring - INFO - Potentiel moyen/client : 1,962€
2025-12-22 22:07:07 - client_scoring - INFO - Couverture scoring : 100.0%
2025-12-22 22:07:07 - client_scoring - INFO - Couverture potentiel : 93.1%
2025-12-22 22:07:07 - client_scoring - INFO - Distribution segments :
2025-12-22 22:07:07 - client_scoring - INFO -   - A developper: 382 clients (38.2%)
2025-12-22 22:07:07 - client_scoring - INFO -   - A stimuler: 311 clients (31.1%)
2025-12-22 22:07:07 - client_scoring - INFO -   - A construire: 251 clients (25.1%)
2025-12-22 22:07:07 - client_scoring - INFO -   - A entretenir: 56 clients (5.6%)
2025-12-22 22:07:07 - client_scoring - INFO - Top 3 clusters par potentiel moyen :
2025-12-22 22:07:07 - client_scoring - INFO -   - 53-57_C0: 3,016€ (111 clients)
2025-12-22 22:07:07 - client_scoring - INFO -   - 28-32_C0: 2,444€ (84 clients)
2025-12-22 22:07:07 - client_scoring - INFO -   - 43-47_C0: 2,403€ (139 clients)
2025-12-22 22:07:07 - client_scoring - INFO - Scoring terminé en 0.10s - 1000 clients scorés
2025-12-22 22:07:08 - client_scoring - INFO - ClientScoringEngine initialisé - Top clients: 25.0%
2025-12-22 22:07:08 - client_scoring - INFO - Début calcul scores clients intra-cluster
2025-12-22 22:07:08 - client_scoring - INFO - Données clusterisées : (500, 12)
2025-12-22 22:07:08 - client_scoring - INFO - Données financières : (500, 8)
2025-12-22 22:07:08 - client_scoring - INFO - Données fusionnées : (500, 19)
2025-12-22 22:07:08 - client_scoring - INFO - Nettoyage colonne CLUSTER_GLOBAL
2025-12-22 22:07:08 - client_scoring - INFO - Validation groupby réussie : 10 groupes
2025-12-22 22:07:08 - client_scoring - INFO - Clients clusterisés retenus : 500
2025-12-22 22:07:08 - client_scoring - INFO - Clusters uniques : 10
2025-12-22 22:07:08 - client_scoring - INFO - Préparation données financières
2025-12-22 22:07:08 - client_scoring - INFO - Colonnes PNB disponibles : ['PNB_COLL', 'PNB_CRED', 'PNB_SERV', 'PNB_ASSU']
2025-12-22 22:07:08 - client_scoring - WARNING - Variable EP_LIQUIDE non trouvée - valeur par défaut : 0
2025-12-22 22:07:08 - client_scoring - WARNING - Variable EP_STABLE non trouvée - valeur par défaut : 0
2025-12-22 22:07:08 - client_scoring - WARNING - Variable SLD_DAV non trouvée - valeur par défaut : 0
2025-12-22 22:07:08 - client_scoring - WARNING - Variable détention CD_NOTE_UNVRS_ASSU non trouvée - valeur par défaut : 0
2025-12-22 22:07:08 - client_scoring - INFO - Variable détention CD_NOTE_UNVRS_CRED préparée
2025-12-22 22:07:08 - client_scoring - WARNING - Variable détention CD_NOTE_UNVRS_EPRGN non trouvée - valeur par défaut : 0
2025-12-22 22:07:08 - client_scoring - WARNING - Variable détention CD_NOTE_UNVRS_SERV non trouvée - valeur par défaut : 0
2025-12-22 22:07:08 - client_scoring - WARNING - Variable détention CD_NOTE_POIDS_UNVRS non trouvée - valeur par défaut : 0
2025-12-22 22:07:08 - client_scoring - INFO - Calcul pondération et normalisation PNB par cluster
2025-12-22 22:07:08 - client_scoring - INFO - Score client calculé avec 4 composantes
2025-12-22 22:07:08 - client_scoring - INFO - Calcul potentiels clients (top 25% par cluster)
2025-12-22 22:07:08 - client_scoring - INFO - Potentiels calculés basés sur 122 clients top 25%
2025-12-22 22:07:08 - client_scoring - INFO - Calcul segmentation finale
2025-12-22 22:07:08 - client_scoring - INFO - === MÉTRIQUES DE QUALITÉ SCORING ===
2025-12-22 22:07:08 - client_scoring - INFO - Clients scorés : 500
2025-12-22 22:07:08 - client_scoring - INFO - Clusters analysés : 10
2025-12-22 22:07:08 - client_scoring - INFO - Score client moyen : 0.475
2025-12-22 22:07:08 - client_scoring - INFO - Potentiel total : 1,370,558€
2025-12-22 22:07:08 - client_scoring - INFO - Potentiel moyen/client : 2,741€
2025-12-22 22:07:08 - client_scoring - INFO - Couverture scoring : 100.0%
2025-12-22 22:07:08 - client_scoring - INFO - Couverture potentiel : 94.4%
2025-12-22 22:07:08 - client_scoring - INFO - Distribution segments :
2025-12-22 22:07:08 - client_scoring - INFO -   - A developper: 196 clients (39.2%)
2025-12-22 22:07:08 - client_scoring - INFO -   - A stimuler: 153 clients (30.6%)
2025-12-22 22:07:08 - client_scoring - INFO -   - A construire: 125 clients (25.0%)
2025-12-22 22:07:08 - client_scoring - INFO -   - A entretenir: 26 clients (5.2%)
2025-12-22 22:07:08 - client_scoring - INFO - Top 3 clusters par potentiel moyen :
2025-12-22 22:07:08 - client_scoring - INFO -   - 53-57_C0: 3,704€ (57 clients)
2025-12-22 22:07:08 - client_scoring - INFO -   - 28-32_C0: 3,293€ (47 clients)
2025-12-22 22:07:08 - client_scoring - INFO -   - 33-37_C0: 3,269€ (61 clients)
2025-12-22 22:07:08 - client_scoring - INFO - Scoring terminé en 0.08s - 500 clients scorés
2025-12-22 22:07:20 - client_scoring - INFO - Logger client_scoring configuré - Fichier: /Users/taieb/Documents/GITHUB REPO/ML_banking_segmentation/logs/client_scoring_20251222.log
2025-12-22 22:07:20 - client_scoring - INFO - ClientScoringEngine initialisé - Top clients: 25.0%
2025-12-22 22:07:20 - client_scoring - INFO - Début calcul scores clients intra-cluster
2025-12-22 22:07:20 - client_scoring - INFO - Données clusterisées : (500, 12)
2025-12-22 22:07:20 - client_scoring - INFO - Données financières : (500, 8)
2025-12-22 22:07:20 - client_scoring - INFO - Données fusionnées : (500, 19)
2025-12-22 22:07:20 - client_scoring - INFO - Nettoyage colonne CLUSTER_GLOBAL
2025-12-22 22:07:20 - client_scoring - INFO - Validation groupby réussie : 10 groupes
2025-12-22 22:07:20 - client_scoring - INFO - Clients clusterisés retenus : 500
2025-12-22 22:07:20 - client_scoring - INFO - Clusters uniques : 10
2025-12-22 22:07:20 - client_scoring - INFO - Préparation données financières
2025-12-22 22:07:20 - client_scoring - INFO - Colonnes PNB disponibles : ['PNB_COLL', 'PNB_CRED', 'PNB_SERV', 'PNB_ASSU']
2025-12-22 22:07:20 - client_scoring - WARNING - Variable EP_LIQUIDE non trouvée - valeur par défaut : 0
2025-12-22 22:07:20 - client_scoring - WARNING - Variable EP_STABLE non trouvée - valeur par défaut : 0
2025-12-22 22:07:20 - client_scoring - WARNING - Variable SLD_DAV non trouvée - valeur par défaut : 0
2025-12-22 22:07:20 - client_scoring - WARNING - Variable détention CD_NOTE_UNVRS_ASSU non trouvée - valeur par défaut : 0
2025-12-22 22:07:20 - client_scoring - INFO - Variable détention CD_NOTE_UNVRS_CRED préparée
2025-12-22 22:07:20 - client_scoring - WARNING - Variable détention CD_NOTE_UNVRS_EPRGN non trouvée - valeur par défaut : 0
2025-12-22 22:07:20 - client_scoring - WARNING - Variable détention CD_NOTE_UNVRS_SERV non trouvée - valeur par défaut : 0
2025-12-22 22:07:20 - client_scoring - WARNING - Variable détention CD_NOTE_POIDS_UNVRS non trouvée - valeur par défaut : 0
2025-12-22 22:07:20 - client_scoring - INFO - Calcul pondération et normalisation PNB par cluster
2025-12-22 22:07:20 - client_scoring - INFO - Score client calculé avec 4 composantes
2025-12-22 22:07:20 - client_scoring - INFO - Calcul potentiels clients (top 25% par cluster)
2025-12-22 22:07:20 - client_scoring - INFO - Potentiels calculés basés sur 122 clients top 25%
2025-12-22 22:07:20 - client_scoring - INFO - Calcul segmentation finale
2025-12-22 22:07:20 - client_scoring - INFO - === MÉTRIQUES DE QUALITÉ SCORING ===
2025-12-22 22:07:20 - client_scoring - INFO - Clients scorés : 500
2025-12-22 22:07:20 - client_scoring - INFO - Clusters analysés : 10
2025-12-22 22:07:20 - client_scoring - INFO - Score client moyen : 0.475
2025-12-22 22:07:20 - client_scoring - INFO - Potentiel total : 1,370,558€
2025-12-22 22:07:20 - client_scoring - INFO - Potentiel moyen/client : 2,741€
2025-12-22 22:07:20 - client_scoring - INFO - Couverture scoring : 100.0%
2025-12-22 22:07:20 - client_scoring - INFO - Couverture potentiel : 94.4%
2025-12-22 22:07:20 - client_scoring - INFO - Distribution segments :
2025-12-22 22:07:20 - client_scoring - INFO -   - A developper: 196 clients (39.2%)
2025-12-22 22:07:20 - client_scoring - INFO -   - A stimuler: 153 clients (30.6%)
2025-12-22 22:07:20 - client_scoring - INFO -   - A construire: 125 clients (25.0%)
2025-12-22 22:07:20 - client_scoring - INFO -   - A entretenir: 26 clients (5.2%)
2025-12-22 22:07:20 - client_scoring - INFO - Top 3 clusters par potentiel moyen :
2025-12-22 22:07:20 - client_scoring - INFO -   - 53-57_C0: 3,704€ (57 clients)
2025-12-22 22:07:20 - client_scoring - INFO -   - 28-32_C0: 3,293€ (47 clients)
2025-12-22 22:07:20 - client_scoring - INFO -   - 33-37_C0: 3,269€ (61 clients)
2025-12-22 22:07:20 - client_scoring - INFO - Scoring terminé en 0.09s - 500 clients scorés
2025-12-22 22:08:16 - client_scoring - INFO - Logger client_scoring configuré - Fichier: /Users/taieb/Documents/GITHUB REPO/ML_banking_segmentation/logs/client_scoring_20251222.log
2025-12-22 22:08:16 - client_scoring - INFO - ClientScoringEngine initialisé - Top clients: 25.0%
2025-12-22 22:08:16 - client_scoring - INFO - Début calcul scores clients intra-cluster
2025-12-22 22:08:16 - client_scoring - INFO - Données clusterisées : (1500, 12)
2025-12-22 22:08:16 - client_scoring - INFO - Données financières : (1500, 8)
2025-12-22 22:08:16 - client_scoring - INFO - Données fusionnées : (1500, 19)
2025-12-22 22:08:16 - client_scoring - INFO - Nettoyage colonne CLUSTER_GLOBAL
2025-12-22 22:08:16 - client_scoring - INFO - Validation groupby réussie : 10 groupes
2025-12-22 22:08:16 - client_scoring - INFO - Clients clusterisés retenus : 1500
2025-12-22 22:08:16 - client_scoring - INFO - Clusters uniques : 10
2025-12-22 22:08:16 - client_scoring - INFO - Préparation données financières
2025-12-22 22:08:16 - client_scoring - INFO - Colonnes PNB disponibles : ['PNB_COLL', 'PNB_CRED', 'PNB_SERV', 'PNB_ASSU']
2025-12-22 22:08:17 - client_scoring - WARNING - Variable EP_LIQUIDE non trouvée - valeur par défaut : 0
2025-12-22 22:08:17 - client_scoring - WARNING - Variable EP_STABLE non trouvée - valeur par défaut : 0
2025-12-22 22:08:17 - client_scoring - WARNING - Variable SLD_DAV non trouvée - valeur par défaut : 0
2025-12-22 22:08:17 - client_scoring - WARNING - Variable détention CD_NOTE_UNVRS_ASSU non trouvée - valeur par défaut : 0
2025-12-22 22:08:17 - client_scoring - INFO - Variable détention CD_NOTE_UNVRS_CRED préparée
2025-12-22 22:08:17 - client_scoring - WARNING - Variable détention CD_NOTE_UNVRS_EPRGN non trouvée - valeur par défaut : 0
2025-12-22 22:08:17 - client_scoring - WARNING - Variable détention CD_NOTE_UNVRS_SERV non trouvée - valeur par défaut : 0
2025-12-22 22:08:17 - client_scoring - WARNING - Variable détention CD_NOTE_POIDS_UNVRS non trouvée - valeur par défaut : 0
2025-12-22 22:08:17 - client_scoring - INFO - Calcul pondération et normalisation PNB par cluster
2025-12-22 22:08:17 - client_scoring - INFO - Score client calculé avec 4 composantes
2025-12-22 22:08:17 - client_scoring - INFO - Calcul potentiels clients (top 25% par cluster)
2025-12-22 22:08:17 - client_scoring - INFO - Potentiels calculés basés sur 372 clients top 25%
2025-12-22 22:08:17 - client_scoring - INFO - Calcul segmentation finale
2025-12-22 22:08:17 - client_scoring - INFO - === MÉTRIQUES DE QUALITÉ SCORING ===
2025-12-22 22:08:17 - client_scoring - INFO - Clients scorés : 1,500
2025-12-22 22:08:17 - client_scoring - INFO - Clusters analysés : 10
2025-12-22 22:08:17 - client_scoring - INFO - Score client moyen : 0.549
2025-12-22 22:08:17 - client_scoring - INFO - Potentiel total : 3,630,108€
2025-12-22 22:08:17 - client_scoring - INFO - Potentiel moyen/client : 2,420€
2025-12-22 22:08:17 - client_scoring - INFO - Couverture scoring : 100.0%
2025-12-22 22:08:17 - client_scoring - INFO - Couverture potentiel : 95.2%
2025-12-22 22:08:17 - client_scoring - INFO - Distribution segments :
2025-12-22 22:08:17 - client_scoring - INFO -   - A developper: 561 clients (37.4%)
2025-12-22 22:08:17 - client_scoring - INFO -   - A stimuler: 460 clients (30.7%)
2025-12-22 22:08:17 - client_scoring - INFO -   - A construire: 376 clients (25.1%)
2025-12-22 22:08:17 - client_scoring - INFO -   - A entretenir: 103 clients (6.9%)
2025-12-22 22:08:17 - client_scoring - INFO - Top 3 clusters par potentiel moyen :
2025-12-22 22:08:17 - client_scoring - INFO -   - 33-37_C0: 2,830€ (162 clients)
2025-12-22 22:08:17 - client_scoring - INFO -   - 43-47_C0: 2,825€ (193 clients)
2025-12-22 22:08:17 - client_scoring - INFO -   - 63+_C0: 2,781€ (160 clients)
2025-12-22 22:08:17 - client_scoring - INFO - Scoring terminé en 0.11s - 1500 clients scorés
2025-12-22 22:08:17 - client_scoring - INFO - ClientScoringEngine initialisé - Top clients: 25.0%
2025-12-22 22:08:17 - client_scoring - INFO - Début calcul scores clients intra-cluster
2025-12-22 22:08:17 - client_scoring - INFO - Données clusterisées : (1500, 12)
2025-12-22 22:08:17 - client_scoring - INFO - Données financières : (1500, 8)
2025-12-22 22:08:17 - client_scoring - INFO - Données fusionnées : (1500, 19)
2025-12-22 22:08:17 - client_scoring - INFO - Nettoyage colonne CLUSTER_GLOBAL
2025-12-22 22:08:17 - client_scoring - INFO - Validation groupby réussie : 10 groupes
2025-12-22 22:08:17 - client_scoring - INFO - Clients clusterisés retenus : 1500
2025-12-22 22:08:17 - client_scoring - INFO - Clusters uniques : 10
2025-12-22 22:08:17 - client_scoring - INFO - Préparation données financières
2025-12-22 22:08:17 - client_scoring - INFO - Colonnes PNB disponibles : ['PNB_COLL', 'PNB_CRED', 'PNB_SERV', 'PNB_ASSU']
2025-12-22 22:08:17 - client_scoring - WARNING - Variable EP_LIQUIDE non trouvée - valeur par défaut : 0
2025-12-22 22:08:17 - client_scoring - WARNING - Variable EP_STABLE non trouvée - valeur par défaut : 0
2025-12-22 22:08:17 - client_scoring - WARNING - Variable SLD_DAV non trouvée - valeur par défaut : 0
2025-12-22 22:08:17 - client_scoring - WARNING - Variable détention CD_NOTE_UNVRS_ASSU non trouvée - valeur par défaut : 0
2025-12-22 22:08:17 - client_scoring - INFO - Variable détention CD_NOTE_UNVRS_CRED préparée
2025-12-22 22:08:17 - client_scoring - WARNING - Variable détention CD_NOTE_UNVRS_EPRGN non trouvée - valeur par défaut : 0
2025-12-22 22:08:17 - client_scoring - WARNING - Variable détention CD_NOTE_UNVRS_SERV non trouvée - valeur par défaut : 0
2025-12-22 22:08:17 - client_scoring - WARNING - Variable détention CD_NOTE_POIDS_UNVRS non trouvée - valeur par défaut : 0
2025-12-22 22:08:17 - client_scoring - INFO - Calcul pondération et normalisation PNB par cluster
2025-12-22 22:08:17 - client_scoring - INFO - Score client calculé avec 4 composantes
2025-12-22 22:08:17 - client_scoring - INFO - Calcul potentiels clients (top 25% par cluster)
2025-12-22 22:08:17 - client_scoring - INFO - Potentiels calculés basés sur 372 clients top 25%
2025-12-22 22:08:17 - client_scoring - INFO - Calcul segmentation finale
2025-12-22 22:08:17 - client_scoring - INFO - === MÉTRIQUES DE QUALITÉ SCORING ===
2025-12-22 22:08:17 - client_scoring - INFO - Clients scorés : 1,500
2025-12-22 22:08:17 - client_scoring - INFO - Clusters analysés : 10
2025-12-22 22:08:17 - client_scoring - INFO - Score client moyen : 0.549
2025-12-22 22:08:17 - client_scoring - INFO - Potentiel total : 3,630,108€
2025-12-22 22:08:17 - client_scoring - INFO - Potentiel moyen/client : 2,420€
2025-12-22 22:08:17 - client_scoring - INFO - Couverture scoring : 100.0%
2025-12-22 22:08:17 - client_scoring - INFO - Couverture potentiel : 95.2%
2025-12-22 22:08:17 - client_scoring - INFO - Distribution segments :
2025-12-22 22:08:17 - client_scoring - INFO -   - A developper: 561 clients (37.4%)
2025-12-22 22:08:17 - client_scoring - INFO -   - A stimuler: 460 clients (30.7%)
2025-12-22 22:08:17 - client_scoring - INFO -   - A construire: 376 clients (25.1%)
2025-12-22 22:08:17 - client_scoring - INFO -   - A entretenir: 103 clients (6.9%)
2025-12-22 22:08:17 - client_scoring - INFO - Top 3 clusters par potentiel moyen :
2025-12-22 22:08:17 - client_scoring - INFO -   - 33-37_C0: 2,830€ (162 clients)
2025-12-22 22:08:17 - client_scoring - INFO -   - 43-47_C0: 2,825€ (193 clients)
2025-12-22 22:08:17 - client_scoring - INFO -   - 63+_C0: 2,781€ (160 clients)
2025-12-22 22:08:17 - client_scoring - INFO - Scoring terminé en 0.10s - 1500 clients scorés
2025-12-22 22:08:17 - client_scoring - INFO - ClientScoringEngine initialisé - Top clients: 25.0%
2025-12-22 22:08:17 - client_scoring - INFO - Début calcul scores clients intra-cluster
2025-12-22 22:08:17 - client_scoring - INFO - Données clusterisées : (1500, 12)
2025-12-22 22:08:17 - client_scoring - INFO - Données financières : (1500, 8)
2025-12-22 22:08:17 - client_scoring - INFO - Données fusionnées : (1500, 19)
2025-12-22 22:08:17 - client_scoring - INFO - Nettoyage colonne CLUSTER_GLOBAL
2025-12-22 22:08:17 - client_scoring - INFO - Validation groupby réussie : 10 groupes
2025-12-22 22:08:17 - client_scoring - INFO - Clients clusterisés retenus : 1500
2025-12-22 22:08:17 - client_scoring - INFO - Clusters uniques : 10
2025-12-22 22:08:17 - client_scoring - INFO - Préparation données financières
2025-12-22 22:08:17 - client_scoring - INFO - Colonnes PNB disponibles : ['PNB_COLL', 'PNB_CRED', 'PNB_SERV', 'PNB_ASSU']
2025-12-22 22:08:17 - client_scoring - WARNING - Variable EP_LIQUIDE non trouvée - valeur par défaut : 0
2025-12-22 22:08:17 - client_scoring - WARNING - Variable EP_STABLE non trouvée - valeur par défaut : 0
2025-12-22 22:08:17 - client_scoring - WARNING - Variable SLD_DAV non trouvée - valeur par défaut : 0
2025-12-22 22:08:17 - client_scoring - WARNING - Variable détention CD_NOTE_UNVRS_ASSU non trouvée - valeur par défaut : 0
2025-12-22 22:08:17 - client_scoring - INFO - Variable détention CD_NOTE_UNVRS_CRED préparée
2025-12-22 22:08:17 - client_scoring - WARNING - Variable détention CD_NOTE_UNVRS_EPRGN non trouvée - valeur par défaut : 0
2025-12-22 22:08:17 - client_scoring - WARNING - Variable détention CD_NOTE_UNVRS_SERV non trouvée - valeur par défaut : 0
2025-12-22 22:08:17 - client_scoring - WARNING - Variable détention CD_NOTE_POIDS_UNVRS non trouvée - valeur par défaut : 0
2025-12-22 22:08:17 - client_scoring - INFO - Calcul pondération et normalisation PNB par cluster
2025-12-22 22:08:17 - client_scoring - INFO - Score client calculé avec 4 composantes
2025-12-22 22:08:17 - client_scoring - INFO - Calcul potentiels clients (top 25% par cluster)
2025-12-22 22:08:17 - client_scoring - INFO - Potentiels calculés basés sur 372 clients top 25%
2025-12-22 22:08:17 - client_scoring - INFO - Calcul segmentation finale
2025-12-22 22:08:17 - client_scoring - INFO - === MÉTRIQUES DE QUALITÉ SCORING ===
2025-12-22 22:08:17 - client_scoring - INFO - Clients scorés : 1,500
2025-12-22 22:08:17 - client_scoring - INFO - Clusters analysés : 10
2025-12-22 22:08:17 - client_scoring - INFO - Score client moyen : 0.549
2025-12-22 22:08:17 - client_scoring - INFO - Potentiel total : 3,630,108€
2025-12-22 22:08:17 - client_scoring - INFO - Potentiel moyen/client : 2,420€
2025-12-22 22:08:17 - client_scoring - INFO - Couverture scoring : 100.0%
2025-12-22 22:08:17 - client_scoring - INFO - Couverture potentiel : 95.2%
2025-12-22 22:08:17 - client_scoring - INFO - Distribution segments :
2025-12-22 22:08:17 - client_scoring - INFO -   - A developper: 561 clients (37.4%)
2025-12-22 22:08:17 - client_scoring - INFO -   - A stimuler: 460 clients (30.7%)
2025-12-22 22:08:17 - client_scoring - INFO -   - A construire: 376 clients (25.1%)
2025-12-22 22:08:17 - client_scoring - INFO -   - A entretenir: 103 clients (6.9%)
2025-12-22 22:08:17 - client_scoring - INFO - Top 3 clusters par potentiel moyen :
2025-12-22 22:08:17 - client_scoring - INFO -   - 33-37_C0: 2,830€ (162 clients)
2025-12-22 22:08:17 - client_scoring - INFO -   - 43-47_C0: 2,825€ (193 clients)
2025-12-22 22:08:17 - client_scoring - INFO -   - 63+_C0: 2,781€ (160 clients)
2025-12-22 22:08:17 - client_scoring - INFO - Scoring terminé en 0.09s - 1500 clients scorés
2025-12-22 22:08:17 - client_scoring - INFO - ClientScoringEngine initialisé - Top clients: 25.0%
2025-12-22 22:08:17 - client_scoring - INFO - ClientScoringEngine initialisé - Top clients: 25.0%
2025-12-22 22:08:17 - client_scoring - INFO - Début calcul scores clients intra-cluster
2025-12-22 22:08:17 - client_scoring - INFO - Données clusterisées : (1500, 12)
2025-12-22 22:08:17 - client_scoring - INFO - Données financières : (1500, 8)
2025-12-22 22:08:17 - client_scoring - INFO - Données fusionnées : (1500, 19)
2025-12-22 22:08:17 - client_scoring - INFO - Nettoyage colonne CLUSTER_GLOBAL
2025-12-22 22:08:17 - client_scoring - INFO - Validation groupby réussie : 10 groupes
2025-12-22 22:08:17 - client_scoring - INFO - Clients clusterisés retenus : 1500
2025-12-22 22:08:17 - client_scoring - INFO - Clusters uniques : 10
2025-12-22 22:08:17 - client_scoring - INFO - Préparation données financières
2025-12-22 22:08:17 - client_scoring - INFO - Colonnes PNB disponibles : ['PNB_COLL', 'PNB_CRED', 'PNB_SERV', 'PNB_ASSU']
2025-12-22 22:08:17 - client_scoring - WARNING - Variable EP_LIQUIDE non trouvée - valeur par défaut : 0
2025-12-22 22:08:17 - client_scoring - WARNING - Variable EP_STABLE non trouvée - valeur par défaut : 0
2025-12-22 22:08:17 - client_scoring - WARNING - Variable SLD_DAV non trouvée - valeur par défaut : 0
2025-12-22 22:08:17 - client_scoring - WARNING - Variable détention CD_NOTE_UNVRS_ASSU non trouvée - valeur par défaut : 0
2025-12-22 22:08:17 - client_scoring - INFO - Variable détention CD_NOTE_UNVRS_CRED préparée
2025-12-22 22:08:17 - client_scoring - WARNING - Variable détention CD_NOTE_UNVRS_EPRGN non trouvée - valeur par défaut : 0
2025-12-22 22:08:17 - client_scoring - WARNING - Variable détention CD_NOTE_UNVRS_SERV non trouvée - valeur par défaut : 0
2025-12-22 22:08:17 - client_scoring - WARNING - Variable détention CD_NOTE_POIDS_UNVRS non trouvée - valeur par défaut : 0
2025-12-22 22:08:17 - client_scoring - INFO - Calcul pondération et normalisation PNB par cluster
2025-12-22 22:08:17 - client_scoring - INFO - Score client calculé avec 4 composantes
2025-12-22 22:08:17 - client_scoring - INFO - Calcul potentiels clients (top 25% par cluster)
2025-12-22 22:08:17 - client_scoring - INFO - Potentiels calculés basés sur 372 clients top 25%
2025-12-22 22:08:17 - client_scoring - INFO - Calcul segmentation finale
2025-12-22 22:08:17 - client_scoring - INFO - === MÉTRIQUES DE QUALITÉ SCORING ===
2025-12-22 22:08:17 - client_scoring - INFO - Clients scorés : 1,500
2025-12-22 22:08:17 - client_scoring - INFO - Clusters analysés : 10
2025-12-22 22:08:17 - client_scoring - INFO - Score client moyen : 0.549
2025-12-22 22:08:17 - client_scoring - INFO - Potentiel total : 3,630,108€
2025-12-22 22:08:17 - client_scoring - INFO - Potentiel moyen/client : 2,420€
2025-12-22 22:08:17 - client_scoring - INFO - Couverture scoring : 100.0%
2025-12-22 22:08:17 - client_scoring - INFO - Couverture potentiel : 95.2%
2025-12-22 22:08:17 - client_scoring - INFO - Distribution segments :
2025-12-22 22:08:17 - client_scoring - INFO -   - A developper: 561 clients (37.4%)
2025-12-22 22:08:17 - client_scoring - INFO -   - A stimuler: 460 clients (30.7%)
2025-12-22 22:08:17 - client_scoring - INFO -   - A construire: 376 clients (25.1%)
2025-12-22 22:08:17 - client_scoring - INFO -   - A entretenir: 103 clients (6.9%)
2025-12-22 22:08:17 - client_scoring - INFO - Top 3 clusters par potentiel moyen :
2025-12-22 22:08:17 - client_scoring - INFO -   - 33-37_C0: 2,830€ (162 clients)
2025-12-22 22:08:17 - client_scoring - INFO -   - 43-47_C0: 2,825€ (193 clients)
2025-12-22 22:08:17 - client_scoring - INFO -   - 63+_C0: 2,781€ (160 clients)
2025-12-22 22:08:17 - client_scoring - INFO - Scoring terminé en 0.09s - 1500 clients scorés
2025-12-22 22:08:17 - client_scoring - INFO - ClientScoringEngine initialisé - Top clients: 25.0%
2025-12-22 22:08:17 - client_scoring - INFO - Début calcul scores clients intra-cluster
2025-12-22 22:08:17 - client_scoring - INFO - Données clusterisées : (1500, 12)
2025-12-22 22:08:17 - client_scoring - INFO - Données financières : (1500, 8)
2025-12-22 22:08:17 - client_scoring - INFO - Données fusionnées : (1500, 19)
2025-12-22 22:08:17 - client_scoring - INFO - Nettoyage colonne CLUSTER_GLOBAL
2025-12-22 22:08:17 - client_scoring - INFO - Validation groupby réussie : 10 groupes
2025-12-22 22:08:17 - client_scoring - INFO - Clients clusterisés retenus : 1500
2025-12-22 22:08:17 - client_scoring - INFO - Clusters uniques : 10
2025-12-22 22:08:17 - client_scoring - INFO - Préparation données financières
2025-12-22 22:08:17 - client_scoring - INFO - Colonnes PNB disponibles : ['PNB_COLL', 'PNB_CRED', 'PNB_SERV', 'PNB_ASSU']
2025-12-22 22:08:17 - client_scoring - WARNING - Variable EP_LIQUIDE non trouvée - valeur par défaut : 0
2025-12-22 22:08:17 - client_scoring - WARNING - Variable EP_STABLE non trouvée - valeur par défaut : 0
2025-12-22 22:08:17 - client_scoring - WARNING - Variable SLD_DAV non trouvée - valeur par défaut : 0
2025-12-22 22:08:17 - client_scoring - WARNING - Variable détention CD_NOTE_UNVRS_ASSU non trouvée - valeur par défaut : 0
2025-12-22 22:08:17 - client_scoring - INFO - Variable détention CD_NOTE_UNVRS_CRED préparée
2025-12-22 22:08:17 - client_scoring - WARNING - Variable détention CD_NOTE_UNVRS_EPRGN non trouvée - valeur par défaut : 0
2025-12-22 22:08:17 - client_scoring - WARNING - Variable détention CD_NOTE_UNVRS_SERV non trouvée - valeur par défaut : 0
2025-12-22 22:08:17 - client_scoring - WARNING - Variable détention CD_NOTE_POIDS_UNVRS non trouvée - valeur par défaut : 0
2025-12-22 22:08:17 - client_scoring - INFO - Calcul pondération et normalisation PNB par cluster
2025-12-22 22:08:17 - client_scoring - INFO - Score client calculé avec 4 composantes
2025-12-22 22:08:17 - client_scoring - INFO - Calcul potentiels clients (top 25% par cluster)
2025-12-22 22:08:17 - client_scoring - INFO - Potentiels calculés basés sur 372 clients top 25%
2025-12-22 22:08:17 - client_scoring - INFO - Calcul segmentation finale
2025-12-22 22:08:17 - client_scoring - INFO - === MÉTRIQUES DE QUALITÉ SCORING ===
2025-12-22 22:08:17 - client_scoring - INFO - Clients scorés : 1,500
2025-12-22 22:08:17 - client_scoring - INFO - Clusters analysés : 10
2025-12-22 22:08:17 - client_scoring - INFO - Score client moyen : 0.549
2025-12-22 22:08:17 - client_scoring - INFO - Potentiel total : 3,630,108€
2025-12-22 22:08:17 - client_scoring - INFO - Potentiel moyen/client : 2,420€
2025-12-22 22:08:17 - client_scoring - INFO - Couverture scoring : 100.0%
2025-12-22 22:08:17 - client_scoring - INFO - Couverture potentiel : 95.2%
2025-12-22 22:08:17 - client_scoring - INFO - Distribution segments :
2025-12-22 22:08:17 - client_scoring - INFO -   - A developper: 561 clients (37.4%)
2025-12-22 22:08:17 - client_scoring - INFO -   - A stimuler: 460 clients (30.7%)
2025-12-22 22:08:17 - client_scoring - INFO -   - A construire: 376 clients (25.1%)
2025-12-22 22:08:17 - client_scoring - INFO -   - A entretenir: 103 clients (6.9%)
2025-12-22 22:08:17 - client_scoring - INFO - Top 3 clusters par potentiel moyen :
2025-12-22 22:08:17 - client_scoring - INFO -   - 33-37_C0: 2,830€ (162 clients)
2025-12-22 22:08:17 - client_scoring - INFO -   - 43-47_C0: 2,825€ (193 clients)
2025-12-22 22:08:17 - client_scoring - INFO -   - 63+_C0: 2,781€ (160 clients)
2025-12-22 22:08:17 - client_scoring - INFO - Scoring terminé en 0.09s - 1500 clients scorés
2025-12-22 22:08:17 - client_scoring - INFO - ClientScoringEngine initialisé - Top clients: 25.0%
2025-12-22 22:08:17 - client_scoring - INFO - Début calcul scores clients intra-cluster
2025-12-22 22:08:17 - client_scoring - INFO - Données clusterisées : (1500, 12)
2025-12-22 22:08:17 - client_scoring - INFO - Données financières : (1500, 8)
2025-12-22 22:08:17 - client_scoring - INFO - Données fusionnées : (1500, 19)
2025-12-22 22:08:17 - client_scoring - INFO - Nettoyage colonne CLUSTER_GLOBAL
2025-12-22 22:08:17 - client_scoring - INFO - Validation groupby réussie : 10 groupes
2025-12-22 22:08:17 - client_scoring - INFO - Clients clusterisés retenus : 1500
2025-12-22 22:08:17 - client_scoring - INFO - Clusters uniques : 10
2025-12-22 22:08:17 - client_scoring - INFO - Préparation données financières
2025-12-22 22:08:17 - client_scoring - INFO - Colonnes PNB disponibles : ['PNB_COLL', 'PNB_CRED', 'PNB_SERV', 'PNB_ASSU']
2025-12-22 22:08:17 - client_scoring - WARNING - Variable EP_LIQUIDE non trouvée - valeur par défaut : 0
2025-12-22 22:08:17 - client_scoring - WARNING - Variable EP_STABLE non trouvée - valeur par défaut : 0
2025-12-22 22:08:17 - client_scoring - WARNING - Variable SLD_DAV non trouvée - valeur par défaut : 0
2025-12-22 22:08:17 - client_scoring - WARNING - Variable détention CD_NOTE_UNVRS_ASSU non trouvée - valeur par défaut : 0
2025-12-22 22:08:17 - client_scoring - INFO - Variable détention CD_NOTE_UNVRS_CRED préparée
2025-12-22 22:08:17 - client_scoring - WARNING - Variable détention CD_NOTE_UNVRS_EPRGN non trouvée - valeur par défaut : 0
2025-12-22 22:08:17 - client_scoring - WARNING - Variable détention CD_NOTE_UNVRS_SERV non trouvée - valeur par défaut : 0
2025-12-22 22:08:17 - client_scoring - WARNING - Variable détention CD_NOTE_POIDS_UNVRS non trouvée - valeur par défaut : 0
2025-12-22 22:08:17 - client_scoring - INFO - Calcul pondération et normalisation PNB par cluster
2025-12-22 22:08:17 - client_scoring - INFO - Score client calculé avec 4 composantes
2025-12-22 22:08:17 - client_scoring - INFO - Calcul potentiels clients (top 25% par cluster)
2025-12-22 22:08:17 - client_scoring - INFO - Potentiels calculés basés sur 372 clients top 25%
2025-12-22 22:08:17 - client_scoring - INFO - Calcul segmentation finale
2025-12-22 22:08:17 - client_scoring - INFO - === MÉTRIQUES DE QUALITÉ SCORING ===
2025-12-22 22:08:17 - client_scoring - INFO - Clients scorés : 1,500
2025-12-22 22:08:17 - client_scoring - INFO - Clusters analysés : 10
2025-12-22 22:08:17 - client_scoring - INFO - Score client moyen : 0.549
2025-12-22 22:08:17 - client_scoring - INFO - Potentiel total : 3,630,108€
2025-12-22 22:08:17 - client_scoring - INFO - Potentiel moyen/client : 2,420€
2025-12-22 22:08:17 - client_scoring - INFO - Couverture scoring : 100.0%
2025-12-22 22:08:17 - client_scoring - INFO - Couverture potentiel : 95.2%
2025-12-22 22:08:17 - client_scoring - INFO - Distribution segments :
2025-12-22 22:08:17 - client_scoring - INFO -   - A developper: 561 clients (37.4%)
2025-12-22 22:08:17 - client_scoring - INFO -   - A stimuler: 460 clients (30.7%)
2025-12-22 22:08:17 - client_scoring - INFO -   - A construire: 376 clients (25.1%)
2025-12-22 22:08:17 - client_scoring - INFO -   - A entretenir: 103 clients (6.9%)
2025-12-22 22:08:17 - client_scoring - INFO - Top 3 clusters par potentiel moyen :
2025-12-22 22:08:17 - client_scoring - INFO -   - 33-37_C0: 2,830€ (162 clients)
2025-12-22 22:08:17 - client_scoring - INFO -   - 43-47_C0: 2,825€ (193 clients)
2025-12-22 22:08:17 - client_scoring - INFO -   - 63+_C0: 2,781€ (160 clients)
2025-12-22 22:08:17 - client_scoring - INFO - Scoring terminé en 0.17s - 1500 clients scorés
2025-12-22 22:08:18 - client_scoring - INFO - ClientScoringEngine initialisé - Top clients: 25.0%
2025-12-22 22:08:18 - client_scoring - INFO - Début calcul scores clients intra-cluster
2025-12-22 22:08:18 - client_scoring - INFO - Données clusterisées : (2000, 12)
2025-12-22 22:08:18 - client_scoring - INFO - Données financières : (2000, 8)
2025-12-22 22:08:18 - client_scoring - INFO - Données fusionnées : (2000, 19)
2025-12-22 22:08:18 - client_scoring - INFO - Nettoyage colonne CLUSTER_GLOBAL
2025-12-22 22:08:18 - client_scoring - INFO - Validation groupby réussie : 10 groupes
2025-12-22 22:08:18 - client_scoring - INFO - Clients clusterisés retenus : 2000
2025-12-22 22:08:18 - client_scoring - INFO - Clusters uniques : 10
2025-12-22 22:08:18 - client_scoring - INFO - Préparation données financières
2025-12-22 22:08:18 - client_scoring - INFO - Colonnes PNB disponibles : ['PNB_COLL', 'PNB_CRED', 'PNB_SERV', 'PNB_ASSU']
2025-12-22 22:08:18 - client_scoring - WARNING - Variable EP_LIQUIDE non trouvée - valeur par défaut : 0
2025-12-22 22:08:18 - client_scoring - WARNING - Variable EP_STABLE non trouvée - valeur par défaut : 0
2025-12-22 22:08:18 - client_scoring - WARNING - Variable SLD_DAV non trouvée - valeur par défaut : 0
2025-12-22 22:08:18 - client_scoring - WARNING - Variable détention CD_NOTE_UNVRS_ASSU non trouvée - valeur par défaut : 0
2025-12-22 22:08:18 - client_scoring - INFO - Variable détention CD_NOTE_UNVRS_CRED préparée
2025-12-22 22:08:18 - client_scoring - WARNING - Variable détention CD_NOTE_UNVRS_EPRGN non trouvée - valeur par défaut : 0
2025-12-22 22:08:18 - client_scoring - WARNING - Variable détention CD_NOTE_UNVRS_SERV non trouvée - valeur par défaut : 0
2025-12-22 22:08:18 - client_scoring - WARNING - Variable détention CD_NOTE_POIDS_UNVRS non trouvée - valeur par défaut : 0
2025-12-22 22:08:18 - client_scoring - INFO - Calcul pondération et normalisation PNB par cluster
2025-12-22 22:08:18 - client_scoring - INFO - Score client calculé avec 4 composantes
2025-12-22 22:08:18 - client_scoring - INFO - Calcul potentiels clients (top 25% par cluster)
2025-12-22 22:08:18 - client_scoring - INFO - Potentiels calculés basés sur 495 clients top 25%
2025-12-22 22:08:18 - client_scoring - INFO - Calcul segmentation finale
2025-12-22 22:08:18 - client_scoring - INFO - === MÉTRIQUES DE QUALITÉ SCORING ===
2025-12-22 22:08:18 - client_scoring - INFO - Clients scorés : 2,000
2025-12-22 22:08:18 - client_scoring - INFO - Clusters analysés : 10
2025-12-22 22:08:18 - client_scoring - INFO - Score client moyen : 0.564
2025-12-22 22:08:18 - client_scoring - INFO - Potentiel total : 4,029,085€
2025-12-22 22:08:18 - client_scoring - INFO - Potentiel moyen/client : 2,015€
2025-12-22 22:08:18 - client_scoring - INFO - Couverture scoring : 100.0%
2025-12-22 22:08:18 - client_scoring - INFO - Couverture potentiel : 94.8%
2025-12-22 22:08:18 - client_scoring - INFO - Distribution segments :
2025-12-22 22:08:18 - client_scoring - INFO -   - A developper: 758 clients (37.9%)
2025-12-22 22:08:18 - client_scoring - INFO -   - A stimuler: 611 clients (30.6%)
2025-12-22 22:08:18 - client_scoring - INFO -   - A construire: 502 clients (25.1%)
2025-12-22 22:08:18 - client_scoring - INFO -   - A entretenir: 129 clients (6.5%)
2025-12-22 22:08:18 - client_scoring - INFO - Top 3 clusters par potentiel moyen :
2025-12-22 22:08:18 - client_scoring - INFO -   - 53-57_C0: 2,666€ (211 clients)
2025-12-22 22:08:18 - client_scoring - INFO -   - 48-52_C0: 2,198€ (257 clients)
2025-12-22 22:08:18 - client_scoring - INFO -   - 58-62_C0: 2,172€ (163 clients)
2025-12-22 22:08:18 - client_scoring - INFO - Scoring terminé en 0.11s - 2000 clients scorés
2025-12-22 22:08:19 - client_scoring - INFO - ClientScoringEngine initialisé - Top clients: 25.0%
2025-12-22 22:08:19 - client_scoring - INFO - Début calcul scores clients intra-cluster
2025-12-22 22:08:19 - client_scoring - INFO - Données clusterisées : (2000, 12)
2025-12-22 22:08:19 - client_scoring - INFO - Données financières : (2000, 8)
2025-12-22 22:08:19 - client_scoring - INFO - Données fusionnées : (2000, 19)
2025-12-22 22:08:19 - client_scoring - INFO - Nettoyage colonne CLUSTER_GLOBAL
2025-12-22 22:08:19 - client_scoring - INFO - Validation groupby réussie : 10 groupes
2025-12-22 22:08:19 - client_scoring - INFO - Clients clusterisés retenus : 2000
2025-12-22 22:08:19 - client_scoring - INFO - Clusters uniques : 10
2025-12-22 22:08:19 - client_scoring - INFO - Préparation données financières
2025-12-22 22:08:19 - client_scoring - INFO - Colonnes PNB disponibles : ['PNB_COLL', 'PNB_CRED', 'PNB_SERV', 'PNB_ASSU']
2025-12-22 22:08:19 - client_scoring - WARNING - Variable EP_LIQUIDE non trouvée - valeur par défaut : 0
2025-12-22 22:08:19 - client_scoring - WARNING - Variable EP_STABLE non trouvée - valeur par défaut : 0
2025-12-22 22:08:19 - client_scoring - WARNING - Variable SLD_DAV non trouvée - valeur par défaut : 0
2025-12-22 22:08:19 - client_scoring - WARNING - Variable détention CD_NOTE_UNVRS_ASSU non trouvée - valeur par défaut : 0
2025-12-22 22:08:19 - client_scoring - INFO - Variable détention CD_NOTE_UNVRS_CRED préparée
2025-12-22 22:08:19 - client_scoring - WARNING - Variable détention CD_NOTE_UNVRS_EPRGN non trouvée - valeur par défaut : 0
2025-12-22 22:08:19 - client_scoring - WARNING - Variable détention CD_NOTE_UNVRS_SERV non trouvée - valeur par défaut : 0
2025-12-22 22:08:19 - client_scoring - WARNING - Variable détention CD_NOTE_POIDS_UNVRS non trouvée - valeur par défaut : 0
2025-12-22 22:08:19 - client_scoring - INFO - Calcul pondération et normalisation PNB par cluster
2025-12-22 22:08:20 - client_scoring - INFO - Score client calculé avec 4 composantes
2025-12-22 22:08:20 - client_scoring - INFO - Calcul potentiels clients (top 25% par cluster)
2025-12-22 22:08:20 - client_scoring - INFO - Potentiels calculés basés sur 495 clients top 25%
2025-12-22 22:08:20 - client_scoring - INFO - Calcul segmentation finale
2025-12-22 22:08:20 - client_scoring - INFO - === MÉTRIQUES DE QUALITÉ SCORING ===
2025-12-22 22:08:20 - client_scoring - INFO - Clients scorés : 2,000
2025-12-22 22:08:20 - client_scoring - INFO - Clusters analysés : 10
2025-12-22 22:08:20 - client_scoring - INFO - Score client moyen : 0.564
2025-12-22 22:08:20 - client_scoring - INFO - Potentiel total : 4,029,085€
2025-12-22 22:08:20 - client_scoring - INFO - Potentiel moyen/client : 2,015€
2025-12-22 22:08:20 - client_scoring - INFO - Couverture scoring : 100.0%
2025-12-22 22:08:20 - client_scoring - INFO - Couverture potentiel : 94.8%
2025-12-22 22:08:20 - client_scoring - INFO - Distribution segments :
2025-12-22 22:08:20 - client_scoring - INFO -   - A developper: 758 clients (37.9%)
2025-12-22 22:08:20 - client_scoring - INFO -   - A stimuler: 611 clients (30.6%)
2025-12-22 22:08:20 - client_scoring - INFO -   - A construire: 502 clients (25.1%)
2025-12-22 22:08:20 - client_scoring - INFO -   - A entretenir: 129 clients (6.5%)
2025-12-22 22:08:20 - client_scoring - INFO - Top 3 clusters par potentiel moyen :
2025-12-22 22:08:20 - client_scoring - INFO -   - 53-57_C0: 2,666€ (211 clients)
2025-12-22 22:08:20 - client_scoring - INFO -   - 48-52_C0: 2,198€ (257 clients)
2025-12-22 22:08:20 - client_scoring - INFO -   - 58-62_C0: 2,172€ (163 clients)
2025-12-22 22:08:20 - client_scoring - INFO - Scoring terminé en 0.33s - 2000 clients scorés
2025-12-22 22:08:20 - client_scoring - INFO - ClientScoringEngine initialisé - Top clients: 25.0%
2025-12-22 22:08:20 - client_scoring - INFO - Début calcul scores clients intra-cluster
2025-12-22 22:08:20 - client_scoring - INFO - Données clusterisées : (2000, 12)
2025-12-22 22:08:20 - client_scoring - INFO - Données financières : (2000, 8)
2025-12-22 22:08:20 - client_scoring - INFO - Données fusionnées : (2000, 19)
2025-12-22 22:08:20 - client_scoring - INFO - Nettoyage colonne CLUSTER_GLOBAL
2025-12-22 22:08:20 - client_scoring - INFO - Validation groupby réussie : 10 groupes
2025-12-22 22:08:20 - client_scoring - INFO - Clients clusterisés retenus : 2000
2025-12-22 22:08:20 - client_scoring - INFO - Clusters uniques : 10
2025-12-22 22:08:20 - client_scoring - INFO - Préparation données financières
2025-12-22 22:08:20 - client_scoring - INFO - Colonnes PNB disponibles : ['PNB_COLL', 'PNB_CRED', 'PNB_SERV', 'PNB_ASSU']
2025-12-22 22:08:20 - client_scoring - WARNING - Variable EP_LIQUIDE non trouvée - valeur par défaut : 0
2025-12-22 22:08:20 - client_scoring - WARNING - Variable EP_STABLE non trouvée - valeur par défaut : 0
2025-12-22 22:08:20 - client_scoring - WARNING - Variable SLD_DAV non trouvée - valeur par défaut : 0
2025-12-22 22:08:20 - client_scoring - WARNING - Variable détention CD_NOTE_UNVRS_ASSU non trouvée - valeur par défaut : 0
2025-12-22 22:08:20 - client_scoring - INFO - Variable détention CD_NOTE_UNVRS_CRED préparée
2025-12-22 22:08:20 - client_scoring - WARNING - Variable détention CD_NOTE_UNVRS_EPRGN non trouvée - valeur par défaut : 0
2025-12-22 22:08:20 - client_scoring - WARNING - Variable détention CD_NOTE_UNVRS_SERV non trouvée - valeur par défaut : 0
2025-12-22 22:08:20 - client_scoring - WARNING - Variable détention CD_NOTE_POIDS_UNVRS non trouvée - valeur par défaut : 0
2025-12-22 22:08:20 - client_scoring - INFO - Calcul pondération et normalisation PNB par cluster
2025-12-22 22:08:20 - client_scoring - INFO - Score client calculé avec 4 composantes
2025-12-22 22:08:20 - client_scoring - INFO - Calcul potentiels clients (top 25% par cluster)
2025-12-22 22:08:20 - client_scoring - INFO - Potentiels calculés basés sur 495 clients top 25%
2025-12-22 22:08:20 - client_scoring - INFO - Calcul segmentation finale
2025-12-22 22:08:20 - client_scoring - INFO - === MÉTRIQUES DE QUALITÉ SCORING ===
2025-12-22 22:08:20 - client_scoring - INFO - Clients scorés : 2,000
2025-12-22 22:08:20 - client_scoring - INFO - Clusters analysés : 10
2025-12-22 22:08:20 - client_scoring - INFO - Score client moyen : 0.564
2025-12-22 22:08:20 - client_scoring - INFO - Potentiel total : 4,029,085€
2025-12-22 22:08:20 - client_scoring - INFO - Potentiel moyen/client : 2,015€
2025-12-22 22:08:20 - client_scoring - INFO - Couverture scoring : 100.0%
2025-12-22 22:08:20 - client_scoring - INFO - Couverture potentiel : 94.8%
2025-12-22 22:08:20 - client_scoring - INFO - Distribution segments :
2025-12-22 22:08:20 - client_scoring - INFO -   - A developper: 758 clients (37.9%)
2025-12-22 22:08:20 - client_scoring - INFO -   - A stimuler: 611 clients (30.6%)
2025-12-22 22:08:20 - client_scoring - INFO -   - A construire: 502 clients (25.1%)
2025-12-22 22:08:20 - client_scoring - INFO -   - A entretenir: 129 clients (6.5%)
2025-12-22 22:08:20 - client_scoring - INFO - Top 3 clusters par potentiel moyen :
2025-12-22 22:08:20 - client_scoring - INFO -   - 53-57_C0: 2,666€ (211 clients)
2025-12-22 22:08:20 - client_scoring - INFO -   - 48-52_C0: 2,198€ (257 clients)
2025-12-22 22:08:20 - client_scoring - INFO -   - 58-62_C0: 2,172€ (163 clients)
2025-12-22 22:08:20 - client_scoring - INFO - Scoring terminé en 0.13s - 2000 clients scorés
2025-12-22 22:08:20 - client_scoring - INFO - ClientScoringEngine initialisé - Top clients: 25.0%
2025-12-22 22:08:20 - client_scoring - INFO - Début calcul scores clients intra-cluster
2025-12-22 22:08:20 - client_scoring - INFO - Données clusterisées : (200, 12)
2025-12-22 22:08:20 - client_scoring - INFO - Données financières : (2000, 8)
2025-12-22 22:08:20 - client_scoring - INFO - Données fusionnées : (200, 19)
2025-12-22 22:08:20 - client_scoring - INFO - Nettoyage colonne CLUSTER_GLOBAL
2025-12-22 22:08:20 - client_scoring - INFO - Validation groupby réussie : 10 groupes
2025-12-22 22:08:20 - client_scoring - INFO - Clients clusterisés retenus : 200
2025-12-22 22:08:20 - client_scoring - INFO - Clusters uniques : 10
2025-12-22 22:08:20 - client_scoring - INFO - Préparation données financières
2025-12-22 22:08:20 - client_scoring - INFO - Colonnes PNB disponibles : ['PNB_COLL', 'PNB_CRED', 'PNB_SERV', 'PNB_ASSU']
2025-12-22 22:08:20 - client_scoring - WARNING - Variable EP_LIQUIDE non trouvée - valeur par défaut : 0
2025-12-22 22:08:20 - client_scoring - WARNING - Variable EP_STABLE non trouvée - valeur par défaut : 0
2025-12-22 22:08:20 - client_scoring - WARNING - Variable SLD_DAV non trouvée - valeur par défaut : 0
2025-12-22 22:08:20 - client_scoring - WARNING - Variable détention CD_NOTE_UNVRS_ASSU non trouvée - valeur par défaut : 0
2025-12-22 22:08:20 - client_scoring - INFO - Variable détention CD_NOTE_UNVRS_CRED préparée
2025-12-22 22:08:20 - client_scoring - WARNING - Variable détention CD_NOTE_UNVRS_EPRGN non trouvée - valeur par défaut : 0
2025-12-22 22:08:20 - client_scoring - WARNING - Variable détention CD_NOTE_UNVRS_SERV non trouvée - valeur par défaut : 0
2025-12-22 22:08:20 - client_scoring - WARNING - Variable détention CD_NOTE_POIDS_UNVRS non trouvée - valeur par défaut : 0
2025-12-22 22:08:20 - client_scoring - INFO - Calcul pondération et normalisation PNB par cluster
2025-12-22 22:08:20 - client_scoring - INFO - Score client calculé avec 4 composantes
2025-12-22 22:08:20 - client_scoring - INFO - Calcul potentiels clients (top 25% par cluster)
2025-12-22 22:08:20 - client_scoring - INFO - Potentiels calculés basés sur 47 clients top 25%
2025-12-22 22:08:20 - client_scoring - INFO - Calcul segmentation finale
2025-12-22 22:08:20 - client_scoring - INFO - === MÉTRIQUES DE QUALITÉ SCORING ===
2025-12-22 22:08:20 - client_scoring - INFO - Clients scorés : 200
2025-12-22 22:08:20 - client_scoring - INFO - Clusters analysés : 10
2025-12-22 22:08:20 - client_scoring - INFO - Score client moyen : 0.433
2025-12-22 22:08:20 - client_scoring - INFO - Potentiel total : 439,705€
2025-12-22 22:08:20 - client_scoring - INFO - Potentiel moyen/client : 2,199€
2025-12-22 22:08:20 - client_scoring - INFO - Couverture scoring : 100.0%
2025-12-22 22:08:20 - client_scoring - INFO - Couverture potentiel : 93.5%
2025-12-22 22:08:20 - client_scoring - INFO - Distribution segments :
2025-12-22 22:08:20 - client_scoring - INFO -   - A stimuler: 72 clients (36.0%)
2025-12-22 22:08:20 - client_scoring - INFO -   - A developper: 66 clients (33.0%)
2025-12-22 22:08:20 - client_scoring - INFO -   - A construire: 52 clients (26.0%)
2025-12-22 22:08:20 - client_scoring - INFO -   - A entretenir: 10 clients (5.0%)
2025-12-22 22:08:20 - client_scoring - INFO - Top 3 clusters par potentiel moyen :
2025-12-22 22:08:20 - client_scoring - INFO -   - 18-22_C0: 3,976€ (10 clients)
2025-12-22 22:08:20 - client_scoring - INFO -   - 58-62_C0: 3,324€ (17 clients)
2025-12-22 22:08:20 - client_scoring - INFO -   - 53-57_C0: 3,122€ (17 clients)
2025-12-22 22:08:20 - client_scoring - INFO - Scoring terminé en 0.07s - 200 clients scorés
2025-12-22 22:08:21 - client_scoring - INFO - ClientScoringEngine initialisé - Top clients: 25.0%
2025-12-22 22:08:21 - client_scoring - INFO - Début calcul scores clients intra-cluster
2025-12-22 22:08:21 - client_scoring - INFO - Données clusterisées : (2000, 12)
2025-12-22 22:08:21 - client_scoring - INFO - Données financières : (2000, 8)
2025-12-22 22:08:21 - client_scoring - INFO - Données fusionnées : (2000, 19)
2025-12-22 22:08:21 - client_scoring - INFO - Nettoyage colonne CLUSTER_GLOBAL
2025-12-22 22:08:21 - client_scoring - INFO - Validation groupby réussie : 10 groupes
2025-12-22 22:08:21 - client_scoring - INFO - Clients clusterisés retenus : 2000
2025-12-22 22:08:21 - client_scoring - INFO - Clusters uniques : 10
2025-12-22 22:08:21 - client_scoring - INFO - Préparation données financières
2025-12-22 22:08:21 - client_scoring - INFO - Colonnes PNB disponibles : ['PNB_COLL', 'PNB_CRED', 'PNB_SERV', 'PNB_ASSU']
2025-12-22 22:08:21 - client_scoring - WARNING - Variable EP_LIQUIDE non trouvée - valeur par défaut : 0
2025-12-22 22:08:21 - client_scoring - WARNING - Variable EP_STABLE non trouvée - valeur par défaut : 0
2025-12-22 22:08:21 - client_scoring - WARNING - Variable SLD_DAV non trouvée - valeur par défaut : 0
2025-12-22 22:08:21 - client_scoring - WARNING - Variable détention CD_NOTE_UNVRS_ASSU non trouvée - valeur par défaut : 0
2025-12-22 22:08:21 - client_scoring - INFO - Variable détention CD_NOTE_UNVRS_CRED préparée
2025-12-22 22:08:21 - client_scoring - WARNING - Variable détention CD_NOTE_UNVRS_EPRGN non trouvée - valeur par défaut : 0
2025-12-22 22:08:21 - client_scoring - WARNING - Variable détention CD_NOTE_UNVRS_SERV non trouvée - valeur par défaut : 0
2025-12-22 22:08:21 - client_scoring - WARNING - Variable détention CD_NOTE_POIDS_UNVRS non trouvée - valeur par défaut : 0
2025-12-22 22:08:21 - client_scoring - INFO - Calcul pondération et normalisation PNB par cluster
2025-12-22 22:08:21 - client_scoring - INFO - Score client calculé avec 4 composantes
2025-12-22 22:08:21 - client_scoring - INFO - Calcul potentiels clients (top 25% par cluster)
2025-12-22 22:08:21 - client_scoring - INFO - Potentiels calculés basés sur 495 clients top 25%
2025-12-22 22:08:21 - client_scoring - INFO - Calcul segmentation finale
2025-12-22 22:08:21 - client_scoring - INFO - === MÉTRIQUES DE QUALITÉ SCORING ===
2025-12-22 22:08:21 - client_scoring - INFO - Clients scorés : 2,000
2025-12-22 22:08:21 - client_scoring - INFO - Clusters analysés : 10
2025-12-22 22:08:21 - client_scoring - INFO - Score client moyen : 0.564
2025-12-22 22:08:21 - client_scoring - INFO - Potentiel total : 4,029,085€
2025-12-22 22:08:21 - client_scoring - INFO - Potentiel moyen/client : 2,015€
2025-12-22 22:08:21 - client_scoring - INFO - Couverture scoring : 100.0%
2025-12-22 22:08:21 - client_scoring - INFO - Couverture potentiel : 94.8%
2025-12-22 22:08:21 - client_scoring - INFO - Distribution segments :
2025-12-22 22:08:21 - client_scoring - INFO -   - A developper: 758 clients (37.9%)
2025-12-22 22:08:21 - client_scoring - INFO -   - A stimuler: 611 clients (30.6%)
2025-12-22 22:08:21 - client_scoring - INFO -   - A construire: 502 clients (25.1%)
2025-12-22 22:08:21 - client_scoring - INFO -   - A entretenir: 129 clients (6.5%)
2025-12-22 22:08:21 - client_scoring - INFO - Top 3 clusters par potentiel moyen :
2025-12-22 22:08:21 - client_scoring - INFO -   - 53-57_C0: 2,666€ (211 clients)
2025-12-22 22:08:21 - client_scoring - INFO -   - 48-52_C0: 2,198€ (257 clients)
2025-12-22 22:08:21 - client_scoring - INFO -   - 58-62_C0: 2,172€ (163 clients)
2025-12-22 22:08:21 - client_scoring - INFO - Scoring terminé en 0.12s - 2000 clients scorés
2025-12-22 22:08:22 - client_scoring - INFO - ClientScoringEngine initialisé - Top clients: 25.0%
2025-12-22 22:08:22 - client_scoring - INFO - Début calcul scores clients intra-cluster
2025-12-22 22:08:22 - client_scoring - INFO - Données clusterisées : (2000, 12)
2025-12-22 22:08:22 - client_scoring - INFO - Données financières : (2000, 8)
2025-12-22 22:08:22 - client_scoring - INFO - Données fusionnées : (2000, 19)
2025-12-22 22:08:22 - client_scoring - INFO - Nettoyage colonne CLUSTER_GLOBAL
2025-12-22 22:08:22 - client_scoring - INFO - Validation groupby réussie : 10 groupes
2025-12-22 22:08:22 - client_scoring - INFO - Clients clusterisés retenus : 2000
2025-12-22 22:08:22 - client_scoring - INFO - Clusters uniques : 10
2025-12-22 22:08:22 - client_scoring - INFO - Préparation données financières
2025-12-22 22:08:22 - client_scoring - INFO - Colonnes PNB disponibles : ['PNB_COLL', 'PNB_CRED', 'PNB_SERV', 'PNB_ASSU']
2025-12-22 22:08:22 - client_scoring - WARNING - Variable EP_LIQUIDE non trouvée - valeur par défaut : 0
2025-12-22 22:08:22 - client_scoring - WARNING - Variable EP_STABLE non trouvée - valeur par défaut : 0
2025-12-22 22:08:22 - client_scoring - WARNING - Variable SLD_DAV non trouvée - valeur par défaut : 0
2025-12-22 22:08:22 - client_scoring - WARNING - Variable détention CD_NOTE_UNVRS_ASSU non trouvée - valeur par défaut : 0
2025-12-22 22:08:22 - client_scoring - INFO - Variable détention CD_NOTE_UNVRS_CRED préparée
2025-12-22 22:08:22 - client_scoring - WARNING - Variable détention CD_NOTE_UNVRS_EPRGN non trouvée - valeur par défaut : 0
2025-12-22 22:08:22 - client_scoring - WARNING - Variable détention CD_NOTE_UNVRS_SERV non trouvée - valeur par défaut : 0
2025-12-22 22:08:22 - client_scoring - WARNING - Variable détention CD_NOTE_POIDS_UNVRS non trouvée - valeur par défaut : 0
2025-12-22 22:08:22 - client_scoring - INFO - Calcul pondération et normalisation PNB par cluster
2025-12-22 22:08:22 - client_scoring - INFO - Score client calculé avec 4 composantes
2025-12-22 22:08:22 - client_scoring - INFO - Calcul potentiels clients (top 25% par cluster)
2025-12-22 22:08:22 - client_scoring - INFO - Potentiels calculés basés sur 495 clients top 25%
2025-12-22 22:08:22 - client_scoring - INFO - Calcul segmentation finale
2025-12-22 22:08:22 - client_scoring - INFO - === MÉTRIQUES DE QUALITÉ SCORING ===
2025-12-22 22:08:22 - client_scoring - INFO - Clients scorés : 2,000
2025-12-22 22:08:22 - client_scoring - INFO - Clusters analysés : 10
2025-12-22 22:08:22 - client_scoring - INFO - Score client moyen : 0.564
2025-12-22 22:08:22 - client_scoring - INFO - Potentiel total : 4,029,085€
2025-12-22 22:08:22 - client_scoring - INFO - Potentiel moyen/client : 2,015€
2025-12-22 22:08:22 - client_scoring - INFO - Couverture scoring : 100.0%
2025-12-22 22:08:22 - client_scoring - INFO - Couverture potentiel : 94.8%
2025-12-22 22:08:22 - client_scoring - INFO - Distribution segments :
2025-12-22 22:08:22 - client_scoring - INFO -   - A developper: 758 clients (37.9%)
2025-12-22 22:08:22 - client_scoring - INFO -   - A stimuler: 611 clients (30.6%)
2025-12-22 22:08:22 - client_scoring - INFO -   - A construire: 502 clients (25.1%)
2025-12-22 22:08:22 - client_scoring - INFO -   - A entretenir: 129 clients (6.5%)
2025-12-22 22:08:22 - client_scoring - INFO - Top 3 clusters par potentiel moyen :
2025-12-22 22:08:22 - client_scoring - INFO -   - 53-57_C0: 2,666€ (211 clients)
2025-12-22 22:08:22 - client_scoring - INFO -   - 48-52_C0: 2,198€ (257 clients)
2025-12-22 22:08:22 - client_scoring - INFO -   - 58-62_C0: 2,172€ (163 clients)
2025-12-22 22:08:22 - client_scoring - INFO - Scoring terminé en 0.11s - 2000 clients scorés
2025-12-22 22:08:23 - client_scoring - INFO - ClientScoringEngine initialisé - Top clients: 25.0%
2025-12-22 22:08:23 - client_scoring - INFO - Début calcul scores clients intra-cluster
2025-12-22 22:08:23 - client_scoring - INFO - Données clusterisées : (2000, 12)
2025-12-22 22:08:23 - client_scoring - INFO - Données financières : (2000, 8)
2025-12-22 22:08:23 - client_scoring - INFO - Données fusionnées : (2000, 19)
2025-12-22 22:08:23 - client_scoring - INFO - Nettoyage colonne CLUSTER_GLOBAL
2025-12-22 22:08:23 - client_scoring - INFO - Validation groupby réussie : 10 groupes
2025-12-22 22:08:23 - client_scoring - INFO - Clients clusterisés retenus : 2000
2025-12-22 22:08:23 - client_scoring - INFO - Clusters uniques : 10
2025-12-22 22:08:23 - client_scoring - INFO - Préparation données financières
2025-12-22 22:08:23 - client_scoring - INFO - Colonnes PNB disponibles : ['PNB_COLL', 'PNB_CRED', 'PNB_SERV', 'PNB_ASSU']
2025-12-22 22:08:23 - client_scoring - WARNING - Variable EP_LIQUIDE non trouvée - valeur par défaut : 0
2025-12-22 22:08:23 - client_scoring - WARNING - Variable EP_STABLE non trouvée - valeur par défaut : 0
2025-12-22 22:08:23 - client_scoring - WARNING - Variable SLD_DAV non trouvée - valeur par défaut : 0
2025-12-22 22:08:23 - client_scoring - WARNING - Variable détention CD_NOTE_UNVRS_ASSU non trouvée - valeur par défaut : 0
2025-12-22 22:08:23 - client_scoring - INFO - Variable détention CD_NOTE_UNVRS_CRED préparée
2025-12-22 22:08:23 - client_scoring - WARNING - Variable détention CD_NOTE_UNVRS_EPRGN non trouvée - valeur par défaut : 0
2025-12-22 22:08:23 - client_scoring - WARNING - Variable détention CD_NOTE_UNVRS_SERV non trouvée - valeur par défaut : 0
2025-12-22 22:08:23 - client_scoring - WARNING - Variable détention CD_NOTE_POIDS_UNVRS non trouvée - valeur par défaut : 0
2025-12-22 22:08:23 - client_scoring - INFO - Calcul pondération et normalisation PNB par cluster
2025-12-22 22:08:23 - client_scoring - INFO - Score client calculé avec 4 composantes
2025-12-22 22:08:23 - client_scoring - INFO - Calcul potentiels clients (top 25% par cluster)
2025-12-22 22:08:23 - client_scoring - INFO - Potentiels calculés basés sur 495 clients top 25%
2025-12-22 22:08:23 - client_scoring - INFO - Calcul segmentation finale
2025-12-22 22:08:23 - client_scoring - INFO - === MÉTRIQUES DE QUALITÉ SCORING ===
2025-12-22 22:08:23 - client_scoring - INFO - Clients scorés : 2,000
2025-12-22 22:08:23 - client_scoring - INFO - Clusters analysés : 10
2025-12-22 22:08:23 - client_scoring - INFO - Score client moyen : 0.564
2025-12-22 22:08:23 - client_scoring - INFO - Potentiel total : 4,029,085€
2025-12-22 22:08:23 - client_scoring - INFO - Potentiel moyen/client : 2,015€
2025-12-22 22:08:23 - client_scoring - INFO - Couverture scoring : 100.0%
2025-12-22 22:08:23 - client_scoring - INFO - Couverture potentiel : 94.8%
2025-12-22 22:08:23 - client_scoring - INFO - Distribution segments :
2025-12-22 22:08:23 - client_scoring - INFO -   - A developper: 758 clients (37.9%)
2025-12-22 22:08:23 - client_scoring - INFO -   - A stimuler: 611 clients (30.6%)
2025-12-22 22:08:23 - client_scoring - INFO -   - A construire: 502 clients (25.1%)
2025-12-22 22:08:23 - client_scoring - INFO -   - A entretenir: 129 clients (6.5%)
2025-12-22 22:08:23 - client_scoring - INFO - Top 3 clusters par potentiel moyen :
2025-12-22 22:08:23 - client_scoring - INFO -   - 53-57_C0: 2,666€ (211 clients)
2025-12-22 22:08:23 - client_scoring - INFO -   - 48-52_C0: 2,198€ (257 clients)
2025-12-22 22:08:23 - client_scoring - INFO -   - 58-62_C0: 2,172€ (163 clients)
2025-12-22 22:08:23 - client_scoring - INFO - Scoring terminé en 0.13s - 2000 clients scorés
2025-12-22 22:08:24 - client_scoring - INFO - ClientScoringEngine initialisé - Top clients: 25.0%
2025-12-22 22:08:24 - client_scoring - INFO - Début calcul scores clients intra-cluster
2025-12-22 22:08:24 - client_scoring - INFO - Données clusterisées : (2000, 12)
2025-12-22 22:08:24 - client_scoring - INFO - Données financières : (2000, 8)
2025-12-22 22:08:24 - client_scoring - INFO - Données fusionnées : (2000, 19)
2025-12-22 22:08:24 - client_scoring - INFO - Nettoyage colonne CLUSTER_GLOBAL
2025-12-22 22:08:24 - client_scoring - INFO - Validation groupby réussie : 10 groupes
2025-12-22 22:08:24 - client_scoring - INFO - Clients clusterisés retenus : 2000
2025-12-22 22:08:24 - client_scoring - INFO - Clusters uniques : 10
2025-12-22 22:08:24 - client_scoring - INFO - Préparation données financières
2025-12-22 22:08:24 - client_scoring - INFO - Colonnes PNB disponibles : ['PNB_COLL', 'PNB_CRED', 'PNB_SERV', 'PNB_ASSU']
2025-12-22 22:08:24 - client_scoring - WARNING - Variable EP_LIQUIDE non trouvée - valeur par défaut : 0
2025-12-22 22:08:24 - client_scoring - WARNING - Variable EP_STABLE non trouvée - valeur par défaut : 0
2025-12-22 22:08:24 - client_scoring - WARNING - Variable SLD_DAV non trouvée - valeur par défaut : 0
2025-12-22 22:08:24 - client_scoring - WARNING - Variable détention CD_NOTE_UNVRS_ASSU non trouvée - valeur par défaut : 0
2025-12-22 22:08:24 - client_scoring - INFO - Variable détention CD_NOTE_UNVRS_CRED préparée
2025-12-22 22:08:24 - client_scoring - WARNING - Variable détention CD_NOTE_UNVRS_EPRGN non trouvée - valeur par défaut : 0
2025-12-22 22:08:24 - client_scoring - WARNING - Variable détention CD_NOTE_UNVRS_SERV non trouvée - valeur par défaut : 0
2025-12-22 22:08:24 - client_scoring - WARNING - Variable détention CD_NOTE_POIDS_UNVRS non trouvée - valeur par défaut : 0
2025-12-22 22:08:24 - client_scoring - INFO - Calcul pondération et normalisation PNB par cluster
2025-12-22 22:08:24 - client_scoring - INFO - Score client calculé avec 4 composantes
2025-12-22 22:08:24 - client_scoring - INFO - Calcul potentiels clients (top 25% par cluster)
2025-12-22 22:08:24 - client_scoring - INFO - Potentiels calculés basés sur 495 clients top 25%
2025-12-22 22:08:24 - client_scoring - INFO - Calcul segmentation finale
2025-12-22 22:08:24 - client_scoring - INFO - === MÉTRIQUES DE QUALITÉ SCORING ===
2025-12-22 22:08:24 - client_scoring - INFO - Clients scorés : 2,000
2025-12-22 22:08:24 - client_scoring - INFO - Clusters analysés : 10
2025-12-22 22:08:24 - client_scoring - INFO - Score client moyen : 0.564
2025-12-22 22:08:24 - client_scoring - INFO - Potentiel total : 4,029,085€
2025-12-22 22:08:24 - client_scoring - INFO - Potentiel moyen/client : 2,015€
2025-12-22 22:08:24 - client_scoring - INFO - Couverture scoring : 100.0%
2025-12-22 22:08:24 - client_scoring - INFO - Couverture potentiel : 94.8%
2025-12-22 22:08:24 - client_scoring - INFO - Distribution segments :
2025-12-22 22:08:24 - client_scoring - INFO -   - A developper: 758 clients (37.9%)
2025-12-22 22:08:24 - client_scoring - INFO -   - A stimuler: 611 clients (30.6%)
2025-12-22 22:08:24 - client_scoring - INFO -   - A construire: 502 clients (25.1%)
2025-12-22 22:08:24 - client_scoring - INFO -   - A entretenir: 129 clients (6.5%)
2025-12-22 22:08:24 - client_scoring - INFO - Top 3 clusters par potentiel moyen :
2025-12-22 22:08:24 - client_scoring - INFO -   - 53-57_C0: 2,666€ (211 clients)
2025-12-22 22:08:24 - client_scoring - INFO -   - 48-52_C0: 2,198€ (257 clients)
2025-12-22 22:08:24 - client_scoring - INFO -   - 58-62_C0: 2,172€ (163 clients)
2025-12-22 22:08:24 - client_scoring - INFO - Scoring terminé en 0.13s - 2000 clients scorés
2025-12-22 22:08:24 - client_scoring - INFO - ClientScoringEngine initialisé - Top clients: 25.0%
2025-12-22 22:08:24 - client_scoring - INFO - Début calcul scores clients intra-cluster
2025-12-22 22:08:24 - client_scoring - INFO - Données clusterisées : (2000, 12)
2025-12-22 22:08:24 - client_scoring - INFO - Données financières : (2000, 8)
2025-12-22 22:08:24 - client_scoring - INFO - Données fusionnées : (2000, 19)
2025-12-22 22:08:24 - client_scoring - INFO - Nettoyage colonne CLUSTER_GLOBAL
2025-12-22 22:08:24 - client_scoring - INFO - Validation groupby réussie : 10 groupes
2025-12-22 22:08:24 - client_scoring - INFO - Clients clusterisés retenus : 2000
2025-12-22 22:08:24 - client_scoring - INFO - Clusters uniques : 10
2025-12-22 22:08:24 - client_scoring - INFO - Préparation données financières
2025-12-22 22:08:24 - client_scoring - INFO - Colonnes PNB disponibles : ['PNB_COLL', 'PNB_CRED', 'PNB_SERV', 'PNB_ASSU']
2025-12-22 22:08:24 - client_scoring - WARNING - Variable EP_LIQUIDE non trouvée - valeur par défaut : 0
2025-12-22 22:08:24 - client_scoring - WARNING - Variable EP_STABLE non trouvée - valeur par défaut : 0
2025-12-22 22:08:24 - client_scoring - WARNING - Variable SLD_DAV non trouvée - valeur par défaut : 0
2025-12-22 22:08:24 - client_scoring - WARNING - Variable détention CD_NOTE_UNVRS_ASSU non trouvée - valeur par défaut : 0
2025-12-22 22:08:24 - client_scoring - INFO - Variable détention CD_NOTE_UNVRS_CRED préparée
2025-12-22 22:08:24 - client_scoring - WARNING - Variable détention CD_NOTE_UNVRS_EPRGN non trouvée - valeur par défaut : 0
2025-12-22 22:08:24 - client_scoring - WARNING - Variable détention CD_NOTE_UNVRS_SERV non trouvée - valeur par défaut : 0
2025-12-22 22:08:24 - client_scoring - WARNING - Variable détention CD_NOTE_POIDS_UNVRS non trouvée - valeur par défaut : 0
2025-12-22 22:08:24 - client_scoring - INFO - Calcul pondération et normalisation PNB par cluster
2025-12-22 22:08:24 - client_scoring - INFO - Score client calculé avec 4 composantes
2025-12-22 22:08:24 - client_scoring - INFO - Calcul potentiels clients (top 25% par cluster)
2025-12-22 22:08:24 - client_scoring - INFO - Potentiels calculés basés sur 495 clients top 25%
2025-12-22 22:08:24 - client_scoring - INFO - Calcul segmentation finale
2025-12-22 22:08:25 - client_scoring - INFO - === MÉTRIQUES DE QUALITÉ SCORING ===
2025-12-22 22:08:25 - client_scoring - INFO - Clients scorés : 2,000
2025-12-22 22:08:25 - client_scoring - INFO - Clusters analysés : 10
2025-12-22 22:08:25 - client_scoring - INFO - Score client moyen : 0.564
2025-12-22 22:08:25 - client_scoring - INFO - Potentiel total : 4,029,085€
2025-12-22 22:08:25 - client_scoring - INFO - Potentiel moyen/client : 2,015€
2025-12-22 22:08:25 - client_scoring - INFO - Couverture scoring : 100.0%
2025-12-22 22:08:25 - client_scoring - INFO - Couverture potentiel : 94.8%
2025-12-22 22:08:25 - client_scoring - INFO - Distribution segments :
2025-12-22 22:08:25 - client_scoring - INFO -   - A developper: 758 clients (37.9%)
2025-12-22 22:08:25 - client_scoring - INFO -   - A stimuler: 611 clients (30.6%)
2025-12-22 22:08:25 - client_scoring - INFO -   - A construire: 502 clients (25.1%)
2025-12-22 22:08:25 - client_scoring - INFO -   - A entretenir: 129 clients (6.5%)
2025-12-22 22:08:25 - client_scoring - INFO - Top 3 clusters par potentiel moyen :
2025-12-22 22:08:25 - client_scoring - INFO -   - 53-57_C0: 2,666€ (211 clients)
2025-12-22 22:08:25 - client_scoring - INFO -   - 48-52_C0: 2,198€ (257 clients)
2025-12-22 22:08:25 - client_scoring - INFO -   - 58-62_C0: 2,172€ (163 clients)
2025-12-22 22:08:25 - client_scoring - INFO - Scoring terminé en 0.15s - 2000 clients scorés
2025-12-22 22:08:25 - client_scoring - INFO - ClientScoringEngine initialisé - Top clients: 25.0%
2025-12-22 22:08:25 - client_scoring - INFO - Début calcul scores clients intra-cluster
2025-12-22 22:08:25 - client_scoring - INFO - Données clusterisées : (1000, 12)
2025-12-22 22:08:25 - client_scoring - INFO - Données financières : (1000, 8)
2025-12-22 22:08:25 - client_scoring - INFO - Données fusionnées : (1000, 19)
2025-12-22 22:08:25 - client_scoring - INFO - Nettoyage colonne CLUSTER_GLOBAL
2025-12-22 22:08:25 - client_scoring - INFO - Validation groupby réussie : 10 groupes
2025-12-22 22:08:25 - client_scoring - INFO - Clients clusterisés retenus : 1000
2025-12-22 22:08:25 - client_scoring - INFO - Clusters uniques : 10
2025-12-22 22:08:25 - client_scoring - INFO - Préparation données financières
2025-12-22 22:08:25 - client_scoring - INFO - Colonnes PNB disponibles : ['PNB_COLL', 'PNB_CRED', 'PNB_SERV', 'PNB_ASSU']
2025-12-22 22:08:25 - client_scoring - WARNING - Variable EP_LIQUIDE non trouvée - valeur par défaut : 0
2025-12-22 22:08:25 - client_scoring - WARNING - Variable EP_STABLE non trouvée - valeur par défaut : 0
2025-12-22 22:08:25 - client_scoring - WARNING - Variable SLD_DAV non trouvée - valeur par défaut : 0
2025-12-22 22:08:25 - client_scoring - WARNING - Variable détention CD_NOTE_UNVRS_ASSU non trouvée - valeur par défaut : 0
2025-12-22 22:08:25 - client_scoring - INFO - Variable détention CD_NOTE_UNVRS_CRED préparée
2025-12-22 22:08:25 - client_scoring - WARNING - Variable détention CD_NOTE_UNVRS_EPRGN non trouvée - valeur par défaut : 0
2025-12-22 22:08:25 - client_scoring - WARNING - Variable détention CD_NOTE_UNVRS_SERV non trouvée - valeur par défaut : 0
2025-12-22 22:08:25 - client_scoring - WARNING - Variable détention CD_NOTE_POIDS_UNVRS non trouvée - valeur par défaut : 0
2025-12-22 22:08:25 - client_scoring - INFO - Calcul pondération et normalisation PNB par cluster
2025-12-22 22:08:25 - client_scoring - INFO - Score client calculé avec 4 composantes
2025-12-22 22:08:25 - client_scoring - INFO - Calcul potentiels clients (top 25% par cluster)
2025-12-22 22:08:25 - client_scoring - INFO - Potentiels calculés basés sur 246 clients top 25%
2025-12-22 22:08:25 - client_scoring - INFO - Calcul segmentation finale
2025-12-22 22:08:25 - client_scoring - INFO - === MÉTRIQUES DE QUALITÉ SCORING ===
2025-12-22 22:08:25 - client_scoring - INFO - Clients scorés : 1,000
2025-12-22 22:08:25 - client_scoring - INFO - Clusters analysés : 10
2025-12-22 22:08:25 - client_scoring - INFO - Score client moyen : 0.538
2025-12-22 22:08:25 - client_scoring - INFO - Potentiel total : 1,961,723€
2025-12-22 22:08:25 - client_scoring - INFO - Potentiel moyen/client : 1,962€
2025-12-22 22:08:25 - client_scoring - INFO - Couverture scoring : 100.0%
2025-12-22 22:08:25 - client_scoring - INFO - Couverture potentiel : 93.1%
2025-12-22 22:08:25 - client_scoring - INFO - Distribution segments :
2025-12-22 22:08:25 - client_scoring - INFO -   - A developper: 382 clients (38.2%)
2025-12-22 22:08:25 - client_scoring - INFO -   - A stimuler: 311 clients (31.1%)
2025-12-22 22:08:25 - client_scoring - INFO -   - A construire: 251 clients (25.1%)
2025-12-22 22:08:25 - client_scoring - INFO -   - A entretenir: 56 clients (5.6%)
2025-12-22 22:08:25 - client_scoring - INFO - Top 3 clusters par potentiel moyen :
2025-12-22 22:08:25 - client_scoring - INFO -   - 53-57_C0: 3,016€ (111 clients)
2025-12-22 22:08:25 - client_scoring - INFO -   - 28-32_C0: 2,444€ (84 clients)
2025-12-22 22:08:25 - client_scoring - INFO -   - 43-47_C0: 2,403€ (139 clients)
2025-12-22 22:08:25 - client_scoring - INFO - Scoring terminé en 0.10s - 1000 clients scorés
2025-12-22 22:08:26 - client_scoring - INFO - ClientScoringEngine initialisé - Top clients: 25.0%
2025-12-22 22:08:26 - client_scoring - INFO - Début calcul scores clients intra-cluster
2025-12-22 22:08:26 - client_scoring - INFO - Données clusterisées : (1000, 12)
2025-12-22 22:08:26 - client_scoring - INFO - Données financières : (1000, 8)
2025-12-22 22:08:26 - client_scoring - INFO - Données fusionnées : (1000, 19)
2025-12-22 22:08:26 - client_scoring - INFO - Nettoyage colonne CLUSTER_GLOBAL
2025-12-22 22:08:26 - client_scoring - INFO - Validation groupby réussie : 10 groupes
2025-12-22 22:08:26 - client_scoring - INFO - Clients clusterisés retenus : 1000
2025-12-22 22:08:26 - client_scoring - INFO - Clusters uniques : 10
2025-12-22 22:08:26 - client_scoring - INFO - Préparation données financières
2025-12-22 22:08:26 - client_scoring - INFO - Colonnes PNB disponibles : ['PNB_COLL', 'PNB_CRED', 'PNB_SERV', 'PNB_ASSU']
2025-12-22 22:08:26 - client_scoring - WARNING - Variable EP_LIQUIDE non trouvée - valeur par défaut : 0
2025-12-22 22:08:26 - client_scoring - WARNING - Variable EP_STABLE non trouvée - valeur par défaut : 0
2025-12-22 22:08:26 - client_scoring - WARNING - Variable SLD_DAV non trouvée - valeur par défaut : 0
2025-12-22 22:08:26 - client_scoring - WARNING - Variable détention CD_NOTE_UNVRS_ASSU non trouvée - valeur par défaut : 0
2025-12-22 22:08:26 - client_scoring - INFO - Variable détention CD_NOTE_UNVRS_CRED préparée
2025-12-22 22:08:26 - client_scoring - WARNING - Variable détention CD_NOTE_UNVRS_EPRGN non trouvée - valeur par défaut : 0
2025-12-22 22:08:26 - client_scoring - WARNING - Variable détention CD_NOTE_UNVRS_SERV non trouvée - valeur par défaut : 0
2025-12-22 22:08:26 - client_scoring - WARNING - Variable détention CD_NOTE_POIDS_UNVRS non trouvée - valeur par défaut : 0
2025-12-22 22:08:26 - client_scoring - INFO - Calcul pondération et normalisation PNB par cluster
2025-12-22 22:08:26 - client_scoring - INFO - Score client calculé avec 4 composantes
2025-12-22 22:08:26 - client_scoring - INFO - Calcul potentiels clients (top 25% par cluster)
2025-12-22 22:08:26 - client_scoring - INFO - Potentiels calculés basés sur 246 clients top 25%
2025-12-22 22:08:26 - client_scoring - INFO - Calcul segmentation finale
2025-12-22 22:08:26 - client_scoring - INFO - === MÉTRIQUES DE QUALITÉ SCORING ===
2025-12-22 22:08:26 - client_scoring - INFO - Clients scorés : 1,000
2025-12-22 22:08:26 - client_scoring - INFO - Clusters analysés : 10
2025-12-22 22:08:26 - client_scoring - INFO - Score client moyen : 0.538
2025-12-22 22:08:26 - client_scoring - INFO - Potentiel total : 1,961,723€
2025-12-22 22:08:26 - client_scoring - INFO - Potentiel moyen/client : 1,962€
2025-12-22 22:08:26 - client_scoring - INFO - Couverture scoring : 100.0%
2025-12-22 22:08:26 - client_scoring - INFO - Couverture potentiel : 93.1%
2025-12-22 22:08:26 - client_scoring - INFO - Distribution segments :
2025-12-22 22:08:26 - client_scoring - INFO -   - A developper: 382 clients (38.2%)
2025-12-22 22:08:26 - client_scoring - INFO -   - A stimuler: 311 clients (31.1%)
2025-12-22 22:08:26 - client_scoring - INFO -   - A construire: 251 clients (25.1%)
2025-12-22 22:08:26 - client_scoring - INFO -   - A entretenir: 56 clients (5.6%)
2025-12-22 22:08:26 - client_scoring - INFO - Top 3 clusters par potentiel moyen :
2025-12-22 22:08:26 - client_scoring - INFO -   - 53-57_C0: 3,016€ (111 clients)
2025-12-22 22:08:26 - client_scoring - INFO -   - 28-32_C0: 2,444€ (84 clients)
2025-12-22 22:08:26 - client_scoring - INFO -   - 43-47_C0: 2,403€ (139 clients)
2025-12-22 22:08:26 - client_scoring - INFO - Scoring terminé en 0.09s - 1000 clients scorés
2025-12-22 22:08:26 - client_scoring - INFO - ClientScoringEngine initialisé - Top clients: 25.0%
2025-12-22 22:08:26 - client_scoring - INFO - Début calcul scores clients intra-cluster
2025-12-22 22:08:26 - client_scoring - INFO - Données clusterisées : (500, 12)
2025-12-22 22:08:26 - client_scoring - INFO - Données financières : (500, 8)
2025-12-22 22:08:26 - client_scoring - INFO - Données fusionnées : (500, 19)
2025-12-22 22:08:26 - client_scoring - INFO - Nettoyage colonne CLUSTER_GLOBAL
2025-12-22 22:08:26 - client_scoring - INFO - Validation groupby réussie : 10 groupes
2025-12-22 22:08:26 - client_scoring - INFO - Clients clusterisés retenus : 500
2025-12-22 22:08:26 - client_scoring - INFO - Clusters uniques : 10
2025-12-22 22:08:26 - client_scoring - INFO - Préparation données financières
2025-12-22 22:08:26 - client_scoring - INFO - Colonnes PNB disponibles : ['PNB_COLL', 'PNB_CRED', 'PNB_SERV', 'PNB_ASSU']
2025-12-22 22:08:26 - client_scoring - WARNING - Variable EP_LIQUIDE non trouvée - valeur par défaut : 0
2025-12-22 22:08:26 - client_scoring - WARNING - Variable EP_STABLE non trouvée - valeur par défaut : 0
2025-12-22 22:08:26 - client_scoring - WARNING - Variable SLD_DAV non trouvée - valeur par défaut : 0
2025-12-22 22:08:26 - client_scoring - WARNING - Variable détention CD_NOTE_UNVRS_ASSU non trouvée - valeur par défaut : 0
2025-12-22 22:08:26 - client_scoring - INFO - Variable détention CD_NOTE_UNVRS_CRED préparée
2025-12-22 22:08:26 - client_scoring - WARNING - Variable détention CD_NOTE_UNVRS_EPRGN non trouvée - valeur par défaut : 0
2025-12-22 22:08:26 - client_scoring - WARNING - Variable détention CD_NOTE_UNVRS_SERV non trouvée - valeur par défaut : 0
2025-12-22 22:08:26 - client_scoring - WARNING - Variable détention CD_NOTE_POIDS_UNVRS non trouvée - valeur par défaut : 0
2025-12-22 22:08:26 - client_scoring - INFO - Calcul pondération et normalisation PNB par cluster
2025-12-22 22:08:26 - client_scoring - INFO - Score client calculé avec 4 composantes
2025-12-22 22:08:26 - client_scoring - INFO - Calcul potentiels clients (top 25% par cluster)
2025-12-22 22:08:26 - client_scoring - INFO - Potentiels calculés basés sur 122 clients top 25%
2025-12-22 22:08:26 - client_scoring - INFO - Calcul segmentation finale
2025-12-22 22:08:27 - client_scoring - INFO - === MÉTRIQUES DE QUALITÉ SCORING ===
2025-12-22 22:08:27 - client_scoring - INFO - Clients scorés : 500
2025-12-22 22:08:27 - client_scoring - INFO - Clusters analysés : 10
2025-12-22 22:08:27 - client_scoring - INFO - Score client moyen : 0.475
2025-12-22 22:08:27 - client_scoring - INFO - Potentiel total : 1,370,558€
2025-12-22 22:08:27 - client_scoring - INFO - Potentiel moyen/client : 2,741€
2025-12-22 22:08:27 - client_scoring - INFO - Couverture scoring : 100.0%
2025-12-22 22:08:27 - client_scoring - INFO - Couverture potentiel : 94.4%
2025-12-22 22:08:27 - client_scoring - INFO - Distribution segments :
2025-12-22 22:08:27 - client_scoring - INFO -   - A developper: 196 clients (39.2%)
2025-12-22 22:08:27 - client_scoring - INFO -   - A stimuler: 153 clients (30.6%)
2025-12-22 22:08:27 - client_scoring - INFO -   - A construire: 125 clients (25.0%)
2025-12-22 22:08:27 - client_scoring - INFO -   - A entretenir: 26 clients (5.2%)
2025-12-22 22:08:27 - client_scoring - INFO - Top 3 clusters par potentiel moyen :
2025-12-22 22:08:27 - client_scoring - INFO -   - 53-57_C0: 3,704€ (57 clients)
2025-12-22 22:08:27 - client_scoring - INFO -   - 28-32_C0: 3,293€ (47 clients)
2025-12-22 22:08:27 - client_scoring - INFO -   - 33-37_C0: 3,269€ (61 clients)
2025-12-22 22:08:27 - client_scoring - INFO - Scoring terminé en 0.07s - 500 clients scorés
2025-12-22 22:08:27 - client_scoring - INFO - ClientScoringEngine initialisé - Top clients: 25.0%
2025-12-22 22:08:27 - client_scoring - INFO - Début calcul scores clients intra-cluster
2025-12-22 22:08:27 - client_scoring - INFO - Données clusterisées : (50, 12)
2025-12-22 22:08:27 - client_scoring - INFO - Données financières : (500, 8)
2025-12-22 22:08:27 - client_scoring - INFO - Données fusionnées : (50, 19)
2025-12-22 22:08:27 - client_scoring - INFO - Nettoyage colonne CLUSTER_GLOBAL
2025-12-22 22:08:27 - client_scoring - INFO - Validation groupby réussie : 1 groupes
2025-12-22 22:08:27 - client_scoring - INFO - Clients clusterisés retenus : 0
2025-12-22 22:08:27 - client_scoring - INFO - Clusters uniques : 0
2025-12-22 22:08:27 - client_scoring - INFO - Préparation données financières
2025-12-22 22:08:27 - client_scoring - INFO - Colonnes PNB disponibles : ['PNB_COLL', 'PNB_CRED', 'PNB_SERV', 'PNB_ASSU']
2025-12-22 22:08:27 - client_scoring - WARNING - Variable EP_LIQUIDE non trouvée - valeur par défaut : 0
2025-12-22 22:08:27 - client_scoring - WARNING - Variable EP_STABLE non trouvée - valeur par défaut : 0
2025-12-22 22:08:27 - client_scoring - WARNING - Variable SLD_DAV non trouvée - valeur par défaut : 0
2025-12-22 22:08:27 - client_scoring - WARNING - Variable détention CD_NOTE_UNVRS_ASSU non trouvée - valeur par défaut : 0
2025-12-22 22:08:27 - client_scoring - INFO - Variable détention CD_NOTE_UNVRS_CRED préparée
2025-12-22 22:08:27 - client_scoring - WARNING - Variable détention CD_NOTE_UNVRS_EPRGN non trouvée - valeur par défaut : 0
2025-12-22 22:08:27 - client_scoring - WARNING - Variable détention CD_NOTE_UNVRS_SERV non trouvée - valeur par défaut : 0
2025-12-22 22:08:27 - client_scoring - WARNING - Variable détention CD_NOTE_POIDS_UNVRS non trouvée - valeur par défaut : 0
2025-12-22 22:08:27 - client_scoring - INFO - Calcul pondération et normalisation PNB par cluster
2025-12-22 22:08:27 - client_scoring - INFO - Score client calculé avec 4 composantes
2025-12-22 22:08:27 - client_scoring - INFO - Calcul potentiels clients (top 25% par cluster)
2025-12-22 22:08:27 - client_scoring - ERROR - Erreur calcul potentiels: "None of [Index(['I', 'D', '_', 'D', 'W', 'R', '_', 'C', 'L', 'I',\n       ...\n       'I', 'E', 'N', 'T', '_', 'S', 'C', 'O', 'R', 'E'],\n      dtype='object', length=561)] are in the [index]"
2025-12-22 22:08:27 - client_scoring - INFO - Calcul segmentation finale
2025-12-22 22:08:27 - client_scoring - ERROR - Métriques scoring : Aucune donnée pour les métriques
2025-12-22 22:08:27 - client_scoring - INFO - Scoring terminé en 0.03s - 0 clients scorés
2025-12-22 22:08:38 - client_scoring - INFO - Logger client_scoring configuré - Fichier: /Users/taieb/Documents/GITHUB REPO/ML_banking_segmentation/logs/client_scoring_20251222.log
2025-12-22 22:08:38 - client_scoring - INFO - ClientScoringEngine initialisé - Top clients: 25.0%
2025-12-22 22:08:38 - client_scoring - INFO - Début calcul scores clients intra-cluster
2025-12-22 22:08:38 - client_scoring - INFO - Données clusterisées : (50, 12)
2025-12-22 22:08:38 - client_scoring - INFO - Données financières : (500, 8)
2025-12-22 22:08:38 - client_scoring - INFO - Données fusionnées : (50, 19)
2025-12-22 22:08:38 - client_scoring - INFO - Nettoyage colonne CLUSTER_GLOBAL
2025-12-22 22:08:38 - client_scoring - INFO - Validation groupby réussie : 1 groupes
2025-12-22 22:08:38 - client_scoring - INFO - Clients clusterisés retenus : 0
2025-12-22 22:08:38 - client_scoring - INFO - Clusters uniques : 0
2025-12-22 22:08:38 - client_scoring - INFO - Préparation données financières
2025-12-22 22:08:38 - client_scoring - INFO - Colonnes PNB disponibles : ['PNB_COLL', 'PNB_CRED', 'PNB_SERV', 'PNB_ASSU']
2025-12-22 22:08:38 - client_scoring - WARNING - Variable EP_LIQUIDE non trouvée - valeur par défaut : 0
2025-12-22 22:08:38 - client_scoring - WARNING - Variable EP_STABLE non trouvée - valeur par défaut : 0
2025-12-22 22:08:38 - client_scoring - WARNING - Variable SLD_DAV non trouvée - valeur par défaut : 0
2025-12-22 22:08:38 - client_scoring - WARNING - Variable détention CD_NOTE_UNVRS_ASSU non trouvée - valeur par défaut : 0
2025-12-22 22:08:38 - client_scoring - INFO - Variable détention CD_NOTE_UNVRS_CRED préparée
2025-12-22 22:08:38 - client_scoring - WARNING - Variable détention CD_NOTE_UNVRS_EPRGN non trouvée - valeur par défaut : 0
2025-12-22 22:08:38 - client_scoring - WARNING - Variable détention CD_NOTE_UNVRS_SERV non trouvée - valeur par défaut : 0
2025-12-22 22:08:38 - client_scoring - WARNING - Variable détention CD_NOTE_POIDS_UNVRS non trouvée - valeur par défaut : 0
2025-12-22 22:08:38 - client_scoring - INFO - Calcul pondération et normalisation PNB par cluster
2025-12-22 22:08:38 - client_scoring - INFO - Score client calculé avec 4 composantes
2025-12-22 22:08:38 - client_scoring - INFO - Calcul potentiels clients (top 25% par cluster)
2025-12-22 22:08:38 - client_scoring - ERROR - Erreur calcul potentiels: "None of [Index(['I', 'D', '_', 'D', 'W', 'R', '_', 'C', 'L', 'I',\n       ...\n       'I', 'E', 'N', 'T', '_', 'S', 'C', 'O', 'R', 'E'],\n      dtype='object', length=561)] are in the [index]"
2025-12-22 22:08:38 - client_scoring - INFO - Calcul segmentation finale
2025-12-22 22:08:38 - client_scoring - ERROR - Métriques scoring : Aucune donnée pour les métriques
2025-12-22 22:08:38 - client_scoring - INFO - Scoring terminé en 0.03s - 0 clients scorés
2025-12-22 22:09:29 - client_scoring - INFO - Logger client_scoring configuré - Fichier: /Users/taieb/Documents/GITHUB REPO/ML_banking_segmentation/logs/client_scoring_20251222.log
2025-12-22 22:09:29 - client_scoring - INFO - ClientScoringEngine initialisé - Top clients: 25.0%
2025-12-22 22:09:29 - client_scoring - INFO - Début calcul scores clients intra-cluster
2025-12-22 22:09:29 - client_scoring - INFO - Données clusterisées : (1500, 12)
2025-12-22 22:09:29 - client_scoring - INFO - Données financières : (1500, 8)
2025-12-22 22:09:29 - client_scoring - INFO - Données fusionnées : (1500, 19)
2025-12-22 22:09:29 - client_scoring - INFO - Nettoyage colonne CLUSTER_GLOBAL
2025-12-22 22:09:29 - client_scoring - INFO - Validation groupby réussie : 10 groupes
2025-12-22 22:09:29 - client_scoring - INFO - Clients clusterisés retenus : 1500
2025-12-22 22:09:29 - client_scoring - INFO - Clusters uniques : 10
2025-12-22 22:09:29 - client_scoring - INFO - Préparation données financières
2025-12-22 22:09:29 - client_scoring - INFO - Colonnes PNB disponibles : ['PNB_COLL', 'PNB_CRED', 'PNB_SERV', 'PNB_ASSU']
2025-12-22 22:09:29 - client_scoring - WARNING - Variable EP_LIQUIDE non trouvée - valeur par défaut : 0
2025-12-22 22:09:29 - client_scoring - WARNING - Variable EP_STABLE non trouvée - valeur par défaut : 0
2025-12-22 22:09:29 - client_scoring - WARNING - Variable SLD_DAV non trouvée - valeur par défaut : 0
2025-12-22 22:09:29 - client_scoring - WARNING - Variable détention CD_NOTE_UNVRS_ASSU non trouvée - valeur par défaut : 0
2025-12-22 22:09:29 - client_scoring - INFO - Variable détention CD_NOTE_UNVRS_CRED préparée
2025-12-22 22:09:29 - client_scoring - WARNING - Variable détention CD_NOTE_UNVRS_EPRGN non trouvée - valeur par défaut : 0
2025-12-22 22:09:29 - client_scoring - WARNING - Variable détention CD_NOTE_UNVRS_SERV non trouvée - valeur par défaut : 0
2025-12-22 22:09:29 - client_scoring - WARNING - Variable détention CD_NOTE_POIDS_UNVRS non trouvée - valeur par défaut : 0
2025-12-22 22:09:29 - client_scoring - INFO - Calcul pondération et normalisation PNB par cluster
2025-12-22 22:09:29 - client_scoring - INFO - Score client calculé avec 4 composantes
2025-12-22 22:09:29 - client_scoring - INFO - Calcul potentiels clients (top 25% par cluster)
2025-12-22 22:09:29 - client_scoring - INFO - Potentiels calculés basés sur 372 clients top 25%
2025-12-22 22:09:29 - client_scoring - INFO - Calcul segmentation finale
2025-12-22 22:09:29 - client_scoring - INFO - === MÉTRIQUES DE QUALITÉ SCORING ===
2025-12-22 22:09:29 - client_scoring - INFO - Clients scorés : 1,500
2025-12-22 22:09:29 - client_scoring - INFO - Clusters analysés : 10
2025-12-22 22:09:29 - client_scoring - INFO - Score client moyen : 0.549
2025-12-22 22:09:29 - client_scoring - INFO - Potentiel total : 3,630,108€
2025-12-22 22:09:29 - client_scoring - INFO - Potentiel moyen/client : 2,420€
2025-12-22 22:09:29 - client_scoring - INFO - Couverture scoring : 100.0%
2025-12-22 22:09:29 - client_scoring - INFO - Couverture potentiel : 95.2%
2025-12-22 22:09:29 - client_scoring - INFO - Distribution segments :
2025-12-22 22:09:29 - client_scoring - INFO -   - A developper: 561 clients (37.4%)
2025-12-22 22:09:29 - client_scoring - INFO -   - A stimuler: 460 clients (30.7%)
2025-12-22 22:09:29 - client_scoring - INFO -   - A construire: 376 clients (25.1%)
2025-12-22 22:09:29 - client_scoring - INFO -   - A entretenir: 103 clients (6.9%)
2025-12-22 22:09:29 - client_scoring - INFO - Top 3 clusters par potentiel moyen :
2025-12-22 22:09:29 - client_scoring - INFO -   - 33-37_C0: 2,830€ (162 clients)
2025-12-22 22:09:29 - client_scoring - INFO -   - 43-47_C0: 2,825€ (193 clients)
2025-12-22 22:09:29 - client_scoring - INFO -   - 63+_C0: 2,781€ (160 clients)
2025-12-22 22:09:29 - client_scoring - INFO - Scoring terminé en 0.18s - 1500 clients scorés
2025-12-22 22:09:29 - client_scoring - INFO - ClientScoringEngine initialisé - Top clients: 25.0%
2025-12-22 22:09:29 - client_scoring - INFO - Début calcul scores clients intra-cluster
2025-12-22 22:09:29 - client_scoring - INFO - Données clusterisées : (1500, 12)
2025-12-22 22:09:29 - client_scoring - INFO - Données financières : (1500, 8)
2025-12-22 22:09:29 - client_scoring - INFO - Données fusionnées : (1500, 19)
2025-12-22 22:09:29 - client_scoring - INFO - Nettoyage colonne CLUSTER_GLOBAL
2025-12-22 22:09:29 - client_scoring - INFO - Validation groupby réussie : 10 groupes
2025-12-22 22:09:29 - client_scoring - INFO - Clients clusterisés retenus : 1500
2025-12-22 22:09:29 - client_scoring - INFO - Clusters uniques : 10
2025-12-22 22:09:29 - client_scoring - INFO - Préparation données financières
2025-12-22 22:09:29 - client_scoring - INFO - Colonnes PNB disponibles : ['PNB_COLL', 'PNB_CRED', 'PNB_SERV', 'PNB_ASSU']
2025-12-22 22:09:29 - client_scoring - WARNING - Variable EP_LIQUIDE non trouvée - valeur par défaut : 0
2025-12-22 22:09:29 - client_scoring - WARNING - Variable EP_STABLE non trouvée - valeur par défaut : 0
2025-12-22 22:09:29 - client_scoring - WARNING - Variable SLD_DAV non trouvée - valeur par défaut : 0
2025-12-22 22:09:29 - client_scoring - WARNING - Variable détention CD_NOTE_UNVRS_ASSU non trouvée - valeur par défaut : 0
2025-12-22 22:09:29 - client_scoring - INFO - Variable détention CD_NOTE_UNVRS_CRED préparée
2025-12-22 22:09:29 - client_scoring - WARNING - Variable détention CD_NOTE_UNVRS_EPRGN non trouvée - valeur par défaut : 0
2025-12-22 22:09:29 - client_scoring - WARNING - Variable détention CD_NOTE_UNVRS_SERV non trouvée - valeur par défaut : 0
2025-12-22 22:09:29 - client_scoring - WARNING - Variable détention CD_NOTE_POIDS_UNVRS non trouvée - valeur par défaut : 0
2025-12-22 22:09:29 - client_scoring - INFO - Calcul pondération et normalisation PNB par cluster
2025-12-22 22:09:29 - client_scoring - INFO - Score client calculé avec 4 composantes
2025-12-22 22:09:29 - client_scoring - INFO - Calcul potentiels clients (top 25% par cluster)
2025-12-22 22:09:29 - client_scoring - INFO - Potentiels calculés basés sur 372 clients top 25%
2025-12-22 22:09:29 - client_scoring - INFO - Calcul segmentation finale
2025-12-22 22:09:29 - client_scoring - INFO - === MÉTRIQUES DE QUALITÉ SCORING ===
2025-12-22 22:09:29 - client_scoring - INFO - Clients scorés : 1,500
2025-12-22 22:09:29 - client_scoring - INFO - Clusters analysés : 10
2025-12-22 22:09:29 - client_scoring - INFO - Score client moyen : 0.549
2025-12-22 22:09:29 - client_scoring - INFO - Potentiel total : 3,630,108€
2025-12-22 22:09:29 - client_scoring - INFO - Potentiel moyen/client : 2,420€
2025-12-22 22:09:29 - client_scoring - INFO - Couverture scoring : 100.0%
2025-12-22 22:09:29 - client_scoring - INFO - Couverture potentiel : 95.2%
2025-12-22 22:09:29 - client_scoring - INFO - Distribution segments :
2025-12-22 22:09:29 - client_scoring - INFO -   - A developper: 561 clients (37.4%)
2025-12-22 22:09:29 - client_scoring - INFO -   - A stimuler: 460 clients (30.7%)
2025-12-22 22:09:29 - client_scoring - INFO -   - A construire: 376 clients (25.1%)
2025-12-22 22:09:29 - client_scoring - INFO -   - A entretenir: 103 clients (6.9%)
2025-12-22 22:09:29 - client_scoring - INFO - Top 3 clusters par potentiel moyen :
2025-12-22 22:09:29 - client_scoring - INFO -   - 33-37_C0: 2,830€ (162 clients)
2025-12-22 22:09:29 - client_scoring - INFO -   - 43-47_C0: 2,825€ (193 clients)
2025-12-22 22:09:29 - client_scoring - INFO -   - 63+_C0: 2,781€ (160 clients)
2025-12-22 22:09:29 - client_scoring - INFO - Scoring terminé en 0.10s - 1500 clients scorés
2025-12-22 22:09:29 - client_scoring - INFO - ClientScoringEngine initialisé - Top clients: 25.0%
2025-12-22 22:09:29 - client_scoring - INFO - Début calcul scores clients intra-cluster
2025-12-22 22:09:29 - client_scoring - INFO - Données clusterisées : (1500, 12)
2025-12-22 22:09:29 - client_scoring - INFO - Données financières : (1500, 8)
2025-12-22 22:09:29 - client_scoring - INFO - Données fusionnées : (1500, 19)
2025-12-22 22:09:29 - client_scoring - INFO - Nettoyage colonne CLUSTER_GLOBAL
2025-12-22 22:09:29 - client_scoring - INFO - Validation groupby réussie : 10 groupes
2025-12-22 22:09:29 - client_scoring - INFO - Clients clusterisés retenus : 1500
2025-12-22 22:09:29 - client_scoring - INFO - Clusters uniques : 10
2025-12-22 22:09:29 - client_scoring - INFO - Préparation données financières
2025-12-22 22:09:29 - client_scoring - INFO - Colonnes PNB disponibles : ['PNB_COLL', 'PNB_CRED', 'PNB_SERV', 'PNB_ASSU']
2025-12-22 22:09:29 - client_scoring - WARNING - Variable EP_LIQUIDE non trouvée - valeur par défaut : 0
2025-12-22 22:09:29 - client_scoring - WARNING - Variable EP_STABLE non trouvée - valeur par défaut : 0
2025-12-22 22:09:29 - client_scoring - WARNING - Variable SLD_DAV non trouvée - valeur par défaut : 0
2025-12-22 22:09:29 - client_scoring - WARNING - Variable détention CD_NOTE_UNVRS_ASSU non trouvée - valeur par défaut : 0
2025-12-22 22:09:29 - client_scoring - INFO - Variable détention CD_NOTE_UNVRS_CRED préparée
2025-12-22 22:09:29 - client_scoring - WARNING - Variable détention CD_NOTE_UNVRS_EPRGN non trouvée - valeur par défaut : 0
2025-12-22 22:09:29 - client_scoring - WARNING - Variable détention CD_NOTE_UNVRS_SERV non trouvée - valeur par défaut : 0
2025-12-22 22:09:29 - client_scoring - WARNING - Variable détention CD_NOTE_POIDS_UNVRS non trouvée - valeur par défaut : 0
2025-12-22 22:09:29 - client_scoring - INFO - Calcul pondération et normalisation PNB par cluster
2025-12-22 22:09:29 - client_scoring - INFO - Score client calculé avec 4 composantes
2025-12-22 22:09:29 - client_scoring - INFO - Calcul potentiels clients (top 25% par cluster)
2025-12-22 22:09:29 - client_scoring - INFO - Potentiels calculés basés sur 372 clients top 25%
2025-12-22 22:09:29 - client_scoring - INFO - Calcul segmentation finale
2025-12-22 22:09:29 - client_scoring - INFO - === MÉTRIQUES DE QUALITÉ SCORING ===
2025-12-22 22:09:29 - client_scoring - INFO - Clients scorés : 1,500
2025-12-22 22:09:29 - client_scoring - INFO - Clusters analysés : 10
2025-12-22 22:09:29 - client_scoring - INFO - Score client moyen : 0.549
2025-12-22 22:09:29 - client_scoring - INFO - Potentiel total : 3,630,108€
2025-12-22 22:09:29 - client_scoring - INFO - Potentiel moyen/client : 2,420€
2025-12-22 22:09:29 - client_scoring - INFO - Couverture scoring : 100.0%
2025-12-22 22:09:29 - client_scoring - INFO - Couverture potentiel : 95.2%
2025-12-22 22:09:29 - client_scoring - INFO - Distribution segments :
2025-12-22 22:09:29 - client_scoring - INFO -   - A developper: 561 clients (37.4%)
2025-12-22 22:09:29 - client_scoring - INFO -   - A stimuler: 460 clients (30.7%)
2025-12-22 22:09:29 - client_scoring - INFO -   - A construire: 376 clients (25.1%)
2025-12-22 22:09:29 - client_scoring - INFO -   - A entretenir: 103 clients (6.9%)
2025-12-22 22:09:29 - client_scoring - INFO - Top 3 clusters par potentiel moyen :
2025-12-22 22:09:29 - client_scoring - INFO -   - 33-37_C0: 2,830€ (162 clients)
2025-12-22 22:09:29 - client_scoring - INFO -   - 43-47_C0: 2,825€ (193 clients)
2025-12-22 22:09:29 - client_scoring - INFO -   - 63+_C0: 2,781€ (160 clients)
2025-12-22 22:09:29 - client_scoring - INFO - Scoring terminé en 0.09s - 1500 clients scorés
2025-12-22 22:09:29 - client_scoring - INFO - ClientScoringEngine initialisé - Top clients: 25.0%
2025-12-22 22:09:29 - client_scoring - INFO - ClientScoringEngine initialisé - Top clients: 25.0%
2025-12-22 22:09:29 - client_scoring - INFO - Début calcul scores clients intra-cluster
2025-12-22 22:09:29 - client_scoring - INFO - Données clusterisées : (1500, 12)
2025-12-22 22:09:29 - client_scoring - INFO - Données financières : (1500, 8)
2025-12-22 22:09:29 - client_scoring - INFO - Données fusionnées : (1500, 19)
2025-12-22 22:09:29 - client_scoring - INFO - Nettoyage colonne CLUSTER_GLOBAL
2025-12-22 22:09:29 - client_scoring - INFO - Validation groupby réussie : 10 groupes
2025-12-22 22:09:29 - client_scoring - INFO - Clients clusterisés retenus : 1500
2025-12-22 22:09:29 - client_scoring - INFO - Clusters uniques : 10
2025-12-22 22:09:29 - client_scoring - INFO - Préparation données financières
2025-12-22 22:09:29 - client_scoring - INFO - Colonnes PNB disponibles : ['PNB_COLL', 'PNB_CRED', 'PNB_SERV', 'PNB_ASSU']
2025-12-22 22:09:29 - client_scoring - WARNING - Variable EP_LIQUIDE non trouvée - valeur par défaut : 0
2025-12-22 22:09:29 - client_scoring - WARNING - Variable EP_STABLE non trouvée - valeur par défaut : 0
2025-12-22 22:09:29 - client_scoring - WARNING - Variable SLD_DAV non trouvée - valeur par défaut : 0
2025-12-22 22:09:29 - client_scoring - WARNING - Variable détention CD_NOTE_UNVRS_ASSU non trouvée - valeur par défaut : 0
2025-12-22 22:09:29 - client_scoring - INFO - Variable détention CD_NOTE_UNVRS_CRED préparée
2025-12-22 22:09:29 - client_scoring - WARNING - Variable détention CD_NOTE_UNVRS_EPRGN non trouvée - valeur par défaut : 0
2025-12-22 22:09:29 - client_scoring - WARNING - Variable détention CD_NOTE_UNVRS_SERV non trouvée - valeur par défaut : 0
2025-12-22 22:09:29 - client_scoring - WARNING - Variable détention CD_NOTE_POIDS_UNVRS non trouvée - valeur par défaut : 0
2025-12-22 22:09:29 - client_scoring - INFO - Calcul pondération et normalisation PNB par cluster
2025-12-22 22:09:29 - client_scoring - INFO - Score client calculé avec 4 composantes
2025-12-22 22:09:29 - client_scoring - INFO - Calcul potentiels clients (top 25% par cluster)
2025-12-22 22:09:29 - client_scoring - INFO - Potentiels calculés basés sur 372 clients top 25%
2025-12-22 22:09:29 - client_scoring - INFO - Calcul segmentation finale
2025-12-22 22:09:29 - client_scoring - INFO - === MÉTRIQUES DE QUALITÉ SCORING ===
2025-12-22 22:09:29 - client_scoring - INFO - Clients scorés : 1,500
2025-12-22 22:09:29 - client_scoring - INFO - Clusters analysés : 10
2025-12-22 22:09:29 - client_scoring - INFO - Score client moyen : 0.549
2025-12-22 22:09:29 - client_scoring - INFO - Potentiel total : 3,630,108€
2025-12-22 22:09:29 - client_scoring - INFO - Potentiel moyen/client : 2,420€
2025-12-22 22:09:29 - client_scoring - INFO - Couverture scoring : 100.0%
2025-12-22 22:09:29 - client_scoring - INFO - Couverture potentiel : 95.2%
2025-12-22 22:09:29 - client_scoring - INFO - Distribution segments :
2025-12-22 22:09:29 - client_scoring - INFO -   - A developper: 561 clients (37.4%)
2025-12-22 22:09:29 - client_scoring - INFO -   - A stimuler: 460 clients (30.7%)
2025-12-22 22:09:29 - client_scoring - INFO -   - A construire: 376 clients (25.1%)
2025-12-22 22:09:29 - client_scoring - INFO -   - A entretenir: 103 clients (6.9%)
2025-12-22 22:09:29 - client_scoring - INFO - Top 3 clusters par potentiel moyen :
2025-12-22 22:09:29 - client_scoring - INFO -   - 33-37_C0: 2,830€ (162 clients)
2025-12-22 22:09:29 - client_scoring - INFO -   - 43-47_C0: 2,825€ (193 clients)
2025-12-22 22:09:29 - client_scoring - INFO -   - 63+_C0: 2,781€ (160 clients)
2025-12-22 22:09:29 - client_scoring - INFO - Scoring terminé en 0.09s - 1500 clients scorés
2025-12-22 22:09:29 - client_scoring - INFO - ClientScoringEngine initialisé - Top clients: 25.0%
2025-12-22 22:09:29 - client_scoring - INFO - Début calcul scores clients intra-cluster
2025-12-22 22:09:29 - client_scoring - INFO - Données clusterisées : (1500, 12)
2025-12-22 22:09:29 - client_scoring - INFO - Données financières : (1500, 8)
2025-12-22 22:09:29 - client_scoring - INFO - Données fusionnées : (1500, 19)
2025-12-22 22:09:29 - client_scoring - INFO - Nettoyage colonne CLUSTER_GLOBAL
2025-12-22 22:09:29 - client_scoring - INFO - Validation groupby réussie : 10 groupes
2025-12-22 22:09:29 - client_scoring - INFO - Clients clusterisés retenus : 1500
2025-12-22 22:09:29 - client_scoring - INFO - Clusters uniques : 10
2025-12-22 22:09:29 - client_scoring - INFO - Préparation données financières
2025-12-22 22:09:29 - client_scoring - INFO - Colonnes PNB disponibles : ['PNB_COLL', 'PNB_CRED', 'PNB_SERV', 'PNB_ASSU']
2025-12-22 22:09:29 - client_scoring - WARNING - Variable EP_LIQUIDE non trouvée - valeur par défaut : 0
2025-12-22 22:09:29 - client_scoring - WARNING - Variable EP_STABLE non trouvée - valeur par défaut : 0
2025-12-22 22:09:29 - client_scoring - WARNING - Variable SLD_DAV non trouvée - valeur par défaut : 0
2025-12-22 22:09:29 - client_scoring - WARNING - Variable détention CD_NOTE_UNVRS_ASSU non trouvée - valeur par défaut : 0
2025-12-22 22:09:29 - client_scoring - INFO - Variable détention CD_NOTE_UNVRS_CRED préparée
2025-12-22 22:09:29 - client_scoring - WARNING - Variable détention CD_NOTE_UNVRS_EPRGN non trouvée - valeur par défaut : 0
2025-12-22 22:09:29 - client_scoring - WARNING - Variable détention CD_NOTE_UNVRS_SERV non trouvée - valeur par défaut : 0
2025-12-22 22:09:29 - client_scoring - WARNING - Variable détention CD_NOTE_POIDS_UNVRS non trouvée - valeur par défaut : 0
2025-12-22 22:09:29 - client_scoring - INFO - Calcul pondération et normalisation PNB par cluster
2025-12-22 22:09:29 - client_scoring - INFO - Score client calculé avec 4 composantes
2025-12-22 22:09:29 - client_scoring - INFO - Calcul potentiels clients (top 25% par cluster)
2025-12-22 22:09:29 - client_scoring - INFO - Potentiels calculés basés sur 372 clients top 25%
2025-12-22 22:09:29 - client_scoring - INFO - Calcul segmentation finale
2025-12-22 22:09:30 - client_scoring - INFO - === MÉTRIQUES DE QUALITÉ SCORING ===
2025-12-22 22:09:30 - client_scoring - INFO - Clients scorés : 1,500
2025-12-22 22:09:30 - client_scoring - INFO - Clusters analysés : 10
2025-12-22 22:09:30 - client_scoring - INFO - Score client moyen : 0.549
2025-12-22 22:09:30 - client_scoring - INFO - Potentiel total : 3,630,108€
2025-12-22 22:09:30 - client_scoring - INFO - Potentiel moyen/client : 2,420€
2025-12-22 22:09:30 - client_scoring - INFO - Couverture scoring : 100.0%
2025-12-22 22:09:30 - client_scoring - INFO - Couverture potentiel : 95.2%
2025-12-22 22:09:30 - client_scoring - INFO - Distribution segments :
2025-12-22 22:09:30 - client_scoring - INFO -   - A developper: 561 clients (37.4%)
2025-12-22 22:09:30 - client_scoring - INFO -   - A stimuler: 460 clients (30.7%)
2025-12-22 22:09:30 - client_scoring - INFO -   - A construire: 376 clients (25.1%)
2025-12-22 22:09:30 - client_scoring - INFO -   - A entretenir: 103 clients (6.9%)
2025-12-22 22:09:30 - client_scoring - INFO - Top 3 clusters par potentiel moyen :
2025-12-22 22:09:30 - client_scoring - INFO -   - 33-37_C0: 2,830€ (162 clients)
2025-12-22 22:09:30 - client_scoring - INFO -   - 43-47_C0: 2,825€ (193 clients)
2025-12-22 22:09:30 - client_scoring - INFO -   - 63+_C0: 2,781€ (160 clients)
2025-12-22 22:09:30 - client_scoring - INFO - Scoring terminé en 0.09s - 1500 clients scorés
2025-12-22 22:09:30 - client_scoring - INFO - ClientScoringEngine initialisé - Top clients: 25.0%
2025-12-22 22:09:30 - client_scoring - INFO - Début calcul scores clients intra-cluster
2025-12-22 22:09:30 - client_scoring - INFO - Données clusterisées : (1500, 12)
2025-12-22 22:09:30 - client_scoring - INFO - Données financières : (1500, 8)
2025-12-22 22:09:30 - client_scoring - INFO - Données fusionnées : (1500, 19)
2025-12-22 22:09:30 - client_scoring - INFO - Nettoyage colonne CLUSTER_GLOBAL
2025-12-22 22:09:30 - client_scoring - INFO - Validation groupby réussie : 10 groupes
2025-12-22 22:09:30 - client_scoring - INFO - Clients clusterisés retenus : 1500
2025-12-22 22:09:30 - client_scoring - INFO - Clusters uniques : 10
2025-12-22 22:09:30 - client_scoring - INFO - Préparation données financières
2025-12-22 22:09:30 - client_scoring - INFO - Colonnes PNB disponibles : ['PNB_COLL', 'PNB_CRED', 'PNB_SERV', 'PNB_ASSU']
2025-12-22 22:09:30 - client_scoring - WARNING - Variable EP_LIQUIDE non trouvée - valeur par défaut : 0
2025-12-22 22:09:30 - client_scoring - WARNING - Variable EP_STABLE non trouvée - valeur par défaut : 0
2025-12-22 22:09:30 - client_scoring - WARNING - Variable SLD_DAV non trouvée - valeur par défaut : 0
2025-12-22 22:09:30 - client_scoring - WARNING - Variable détention CD_NOTE_UNVRS_ASSU non trouvée - valeur par défaut : 0
2025-12-22 22:09:30 - client_scoring - INFO - Variable détention CD_NOTE_UNVRS_CRED préparée
2025-12-22 22:09:30 - client_scoring - WARNING - Variable détention CD_NOTE_UNVRS_EPRGN non trouvée - valeur par défaut : 0
2025-12-22 22:09:30 - client_scoring - WARNING - Variable détention CD_NOTE_UNVRS_SERV non trouvée - valeur par défaut : 0
2025-12-22 22:09:30 - client_scoring - WARNING - Variable détention CD_NOTE_POIDS_UNVRS non trouvée - valeur par défaut : 0
2025-12-22 22:09:30 - client_scoring - INFO - Calcul pondération et normalisation PNB par cluster
2025-12-22 22:09:30 - client_scoring - INFO - Score client calculé avec 4 composantes
2025-12-22 22:09:30 - client_scoring - INFO - Calcul potentiels clients (top 25% par cluster)
2025-12-22 22:09:30 - client_scoring - INFO - Potentiels calculés basés sur 372 clients top 25%
2025-12-22 22:09:30 - client_scoring - INFO - Calcul segmentation finale
2025-12-22 22:09:30 - client_scoring - INFO - === MÉTRIQUES DE QUALITÉ SCORING ===
2025-12-22 22:09:30 - client_scoring - INFO - Clients scorés : 1,500
2025-12-22 22:09:30 - client_scoring - INFO - Clusters analysés : 10
2025-12-22 22:09:30 - client_scoring - INFO - Score client moyen : 0.549
2025-12-22 22:09:30 - client_scoring - INFO - Potentiel total : 3,630,108€
2025-12-22 22:09:30 - client_scoring - INFO - Potentiel moyen/client : 2,420€
2025-12-22 22:09:30 - client_scoring - INFO - Couverture scoring : 100.0%
2025-12-22 22:09:30 - client_scoring - INFO - Couverture potentiel : 95.2%
2025-12-22 22:09:30 - client_scoring - INFO - Distribution segments :
2025-12-22 22:09:30 - client_scoring - INFO -   - A developper: 561 clients (37.4%)
2025-12-22 22:09:30 - client_scoring - INFO -   - A stimuler: 460 clients (30.7%)
2025-12-22 22:09:30 - client_scoring - INFO -   - A construire: 376 clients (25.1%)
2025-12-22 22:09:30 - client_scoring - INFO -   - A entretenir: 103 clients (6.9%)
2025-12-22 22:09:30 - client_scoring - INFO - Top 3 clusters par potentiel moyen :
2025-12-22 22:09:30 - client_scoring - INFO -   - 33-37_C0: 2,830€ (162 clients)
2025-12-22 22:09:30 - client_scoring - INFO -   - 43-47_C0: 2,825€ (193 clients)
2025-12-22 22:09:30 - client_scoring - INFO -   - 63+_C0: 2,781€ (160 clients)
2025-12-22 22:09:30 - client_scoring - INFO - Scoring terminé en 0.09s - 1500 clients scorés
2025-12-22 22:09:30 - client_scoring - INFO - ClientScoringEngine initialisé - Top clients: 25.0%
2025-12-22 22:09:30 - client_scoring - INFO - Début calcul scores clients intra-cluster
2025-12-22 22:09:30 - client_scoring - INFO - Données clusterisées : (2000, 12)
2025-12-22 22:09:30 - client_scoring - INFO - Données financières : (2000, 8)
2025-12-22 22:09:30 - client_scoring - INFO - Données fusionnées : (2000, 19)
2025-12-22 22:09:30 - client_scoring - INFO - Nettoyage colonne CLUSTER_GLOBAL
2025-12-22 22:09:30 - client_scoring - INFO - Validation groupby réussie : 10 groupes
2025-12-22 22:09:30 - client_scoring - INFO - Clients clusterisés retenus : 2000
2025-12-22 22:09:30 - client_scoring - INFO - Clusters uniques : 10
2025-12-22 22:09:30 - client_scoring - INFO - Préparation données financières
2025-12-22 22:09:30 - client_scoring - INFO - Colonnes PNB disponibles : ['PNB_COLL', 'PNB_CRED', 'PNB_SERV', 'PNB_ASSU']
2025-12-22 22:09:30 - client_scoring - WARNING - Variable EP_LIQUIDE non trouvée - valeur par défaut : 0
2025-12-22 22:09:30 - client_scoring - WARNING - Variable EP_STABLE non trouvée - valeur par défaut : 0
2025-12-22 22:09:30 - client_scoring - WARNING - Variable SLD_DAV non trouvée - valeur par défaut : 0
2025-12-22 22:09:30 - client_scoring - WARNING - Variable détention CD_NOTE_UNVRS_ASSU non trouvée - valeur par défaut : 0
2025-12-22 22:09:30 - client_scoring - INFO - Variable détention CD_NOTE_UNVRS_CRED préparée
2025-12-22 22:09:30 - client_scoring - WARNING - Variable détention CD_NOTE_UNVRS_EPRGN non trouvée - valeur par défaut : 0
2025-12-22 22:09:30 - client_scoring - WARNING - Variable détention CD_NOTE_UNVRS_SERV non trouvée - valeur par défaut : 0
2025-12-22 22:09:30 - client_scoring - WARNING - Variable détention CD_NOTE_POIDS_UNVRS non trouvée - valeur par défaut : 0
2025-12-22 22:09:30 - client_scoring - INFO - Calcul pondération et normalisation PNB par cluster
2025-12-22 22:09:30 - client_scoring - INFO - Score client calculé avec 4 composantes
2025-12-22 22:09:30 - client_scoring - INFO - Calcul potentiels clients (top 25% par cluster)
2025-12-22 22:09:30 - client_scoring - INFO - Potentiels calculés basés sur 495 clients top 25%
2025-12-22 22:09:30 - client_scoring - INFO - Calcul segmentation finale
2025-12-22 22:09:30 - client_scoring - INFO - === MÉTRIQUES DE QUALITÉ SCORING ===
2025-12-22 22:09:30 - client_scoring - INFO - Clients scorés : 2,000
2025-12-22 22:09:30 - client_scoring - INFO - Clusters analysés : 10
2025-12-22 22:09:30 - client_scoring - INFO - Score client moyen : 0.564
2025-12-22 22:09:30 - client_scoring - INFO - Potentiel total : 4,029,085€
2025-12-22 22:09:30 - client_scoring - INFO - Potentiel moyen/client : 2,015€
2025-12-22 22:09:30 - client_scoring - INFO - Couverture scoring : 100.0%
2025-12-22 22:09:30 - client_scoring - INFO - Couverture potentiel : 94.8%
2025-12-22 22:09:30 - client_scoring - INFO - Distribution segments :
2025-12-22 22:09:30 - client_scoring - INFO -   - A developper: 758 clients (37.9%)
2025-12-22 22:09:30 - client_scoring - INFO -   - A stimuler: 611 clients (30.6%)
2025-12-22 22:09:30 - client_scoring - INFO -   - A construire: 502 clients (25.1%)
2025-12-22 22:09:30 - client_scoring - INFO -   - A entretenir: 129 clients (6.5%)
2025-12-22 22:09:30 - client_scoring - INFO - Top 3 clusters par potentiel moyen :
2025-12-22 22:09:30 - client_scoring - INFO -   - 53-57_C0: 2,666€ (211 clients)
2025-12-22 22:09:30 - client_scoring - INFO -   - 48-52_C0: 2,198€ (257 clients)
2025-12-22 22:09:30 - client_scoring - INFO -   - 58-62_C0: 2,172€ (163 clients)
2025-12-22 22:09:30 - client_scoring - INFO - Scoring terminé en 0.12s - 2000 clients scorés
2025-12-22 22:09:32 - client_scoring - INFO - ClientScoringEngine initialisé - Top clients: 25.0%
2025-12-22 22:09:32 - client_scoring - INFO - Début calcul scores clients intra-cluster
2025-12-22 22:09:32 - client_scoring - INFO - Données clusterisées : (2000, 12)
2025-12-22 22:09:32 - client_scoring - INFO - Données financières : (2000, 8)
2025-12-22 22:09:32 - client_scoring - INFO - Données fusionnées : (2000, 19)
2025-12-22 22:09:32 - client_scoring - INFO - Nettoyage colonne CLUSTER_GLOBAL
2025-12-22 22:09:32 - client_scoring - INFO - Validation groupby réussie : 10 groupes
2025-12-22 22:09:32 - client_scoring - INFO - Clients clusterisés retenus : 2000
2025-12-22 22:09:32 - client_scoring - INFO - Clusters uniques : 10
2025-12-22 22:09:32 - client_scoring - INFO - Préparation données financières
2025-12-22 22:09:32 - client_scoring - INFO - Colonnes PNB disponibles : ['PNB_COLL', 'PNB_CRED', 'PNB_SERV', 'PNB_ASSU']
2025-12-22 22:09:32 - client_scoring - WARNING - Variable EP_LIQUIDE non trouvée - valeur par défaut : 0
2025-12-22 22:09:32 - client_scoring - WARNING - Variable EP_STABLE non trouvée - valeur par défaut : 0
2025-12-22 22:09:32 - client_scoring - WARNING - Variable SLD_DAV non trouvée - valeur par défaut : 0
2025-12-22 22:09:32 - client_scoring - WARNING - Variable détention CD_NOTE_UNVRS_ASSU non trouvée - valeur par défaut : 0
2025-12-22 22:09:32 - client_scoring - INFO - Variable détention CD_NOTE_UNVRS_CRED préparée
2025-12-22 22:09:32 - client_scoring - WARNING - Variable détention CD_NOTE_UNVRS_EPRGN non trouvée - valeur par défaut : 0
2025-12-22 22:09:32 - client_scoring - WARNING - Variable détention CD_NOTE_UNVRS_SERV non trouvée - valeur par défaut : 0
2025-12-22 22:09:32 - client_scoring - WARNING - Variable détention CD_NOTE_POIDS_UNVRS non trouvée - valeur par défaut : 0
2025-12-22 22:09:32 - client_scoring - INFO - Calcul pondération et normalisation PNB par cluster
2025-12-22 22:09:32 - client_scoring - INFO - Score client calculé avec 4 composantes
2025-12-22 22:09:32 - client_scoring - INFO - Calcul potentiels clients (top 25% par cluster)
2025-12-22 22:09:32 - client_scoring - INFO - Potentiels calculés basés sur 495 clients top 25%
2025-12-22 22:09:32 - client_scoring - INFO - Calcul segmentation finale
2025-12-22 22:09:32 - client_scoring - INFO - === MÉTRIQUES DE QUALITÉ SCORING ===
2025-12-22 22:09:32 - client_scoring - INFO - Clients scorés : 2,000
2025-12-22 22:09:32 - client_scoring - INFO - Clusters analysés : 10
2025-12-22 22:09:32 - client_scoring - INFO - Score client moyen : 0.564
2025-12-22 22:09:32 - client_scoring - INFO - Potentiel total : 4,029,085€
2025-12-22 22:09:32 - client_scoring - INFO - Potentiel moyen/client : 2,015€
2025-12-22 22:09:32 - client_scoring - INFO - Couverture scoring : 100.0%
2025-12-22 22:09:32 - client_scoring - INFO - Couverture potentiel : 94.8%
2025-12-22 22:09:32 - client_scoring - INFO - Distribution segments :
2025-12-22 22:09:32 - client_scoring - INFO -   - A developper: 758 clients (37.9%)
2025-12-22 22:09:32 - client_scoring - INFO -   - A stimuler: 611 clients (30.6%)
2025-12-22 22:09:32 - client_scoring - INFO -   - A construire: 502 clients (25.1%)
2025-12-22 22:09:32 - client_scoring - INFO -   - A entretenir: 129 clients (6.5%)
2025-12-22 22:09:32 - client_scoring - INFO - Top 3 clusters par potentiel moyen :
2025-12-22 22:09:32 - client_scoring - INFO -   - 53-57_C0: 2,666€ (211 clients)
2025-12-22 22:09:32 - client_scoring - INFO -   - 48-52_C0: 2,198€ (257 clients)
2025-12-22 22:09:32 - client_scoring - INFO -   - 58-62_C0: 2,172€ (163 clients)
2025-12-22 22:09:32 - client_scoring - INFO - Scoring terminé en 0.10s - 2000 clients scorés
2025-12-22 22:09:32 - client_scoring - INFO - ClientScoringEngine initialisé - Top clients: 25.0%
2025-12-22 22:09:32 - client_scoring - INFO - Début calcul scores clients intra-cluster
2025-12-22 22:09:32 - client_scoring - INFO - Données clusterisées : (2000, 12)
2025-12-22 22:09:32 - client_scoring - INFO - Données financières : (2000, 8)
2025-12-22 22:09:32 - client_scoring - INFO - Données fusionnées : (2000, 19)
2025-12-22 22:09:32 - client_scoring - INFO - Nettoyage colonne CLUSTER_GLOBAL
2025-12-22 22:09:32 - client_scoring - INFO - Validation groupby réussie : 10 groupes
2025-12-22 22:09:32 - client_scoring - INFO - Clients clusterisés retenus : 2000
2025-12-22 22:09:32 - client_scoring - INFO - Clusters uniques : 10
2025-12-22 22:09:32 - client_scoring - INFO - Préparation données financières
2025-12-22 22:09:32 - client_scoring - INFO - Colonnes PNB disponibles : ['PNB_COLL', 'PNB_CRED', 'PNB_SERV', 'PNB_ASSU']
2025-12-22 22:09:32 - client_scoring - WARNING - Variable EP_LIQUIDE non trouvée - valeur par défaut : 0
2025-12-22 22:09:32 - client_scoring - WARNING - Variable EP_STABLE non trouvée - valeur par défaut : 0
2025-12-22 22:09:32 - client_scoring - WARNING - Variable SLD_DAV non trouvée - valeur par défaut : 0
2025-12-22 22:09:32 - client_scoring - WARNING - Variable détention CD_NOTE_UNVRS_ASSU non trouvée - valeur par défaut : 0
2025-12-22 22:09:32 - client_scoring - INFO - Variable détention CD_NOTE_UNVRS_CRED préparée
2025-12-22 22:09:32 - client_scoring - WARNING - Variable détention CD_NOTE_UNVRS_EPRGN non trouvée - valeur par défaut : 0
2025-12-22 22:09:32 - client_scoring - WARNING - Variable détention CD_NOTE_UNVRS_SERV non trouvée - valeur par défaut : 0
2025-12-22 22:09:32 - client_scoring - WARNING - Variable détention CD_NOTE_POIDS_UNVRS non trouvée - valeur par défaut : 0
2025-12-22 22:09:32 - client_scoring - INFO - Calcul pondération et normalisation PNB par cluster
2025-12-22 22:09:32 - client_scoring - INFO - Score client calculé avec 4 composantes
2025-12-22 22:09:32 - client_scoring - INFO - Calcul potentiels clients (top 25% par cluster)
2025-12-22 22:09:32 - client_scoring - INFO - Potentiels calculés basés sur 495 clients top 25%
2025-12-22 22:09:32 - client_scoring - INFO - Calcul segmentation finale
2025-12-22 22:09:32 - client_scoring - INFO - === MÉTRIQUES DE QUALITÉ SCORING ===
2025-12-22 22:09:32 - client_scoring - INFO - Clients scorés : 2,000
2025-12-22 22:09:32 - client_scoring - INFO - Clusters analysés : 10
2025-12-22 22:09:32 - client_scoring - INFO - Score client moyen : 0.564
2025-12-22 22:09:32 - client_scoring - INFO - Potentiel total : 4,029,085€
2025-12-22 22:09:32 - client_scoring - INFO - Potentiel moyen/client : 2,015€
2025-12-22 22:09:32 - client_scoring - INFO - Couverture scoring : 100.0%
2025-12-22 22:09:32 - client_scoring - INFO - Couverture potentiel : 94.8%
2025-12-22 22:09:32 - client_scoring - INFO - Distribution segments :
2025-12-22 22:09:32 - client_scoring - INFO -   - A developper: 758 clients (37.9%)
2025-12-22 22:09:32 - client_scoring - INFO -   - A stimuler: 611 clients (30.6%)
2025-12-22 22:09:32 - client_scoring - INFO -   - A construire: 502 clients (25.1%)
2025-12-22 22:09:32 - client_scoring - INFO -   - A entretenir: 129 clients (6.5%)
2025-12-22 22:09:32 - client_scoring - INFO - Top 3 clusters par potentiel moyen :
2025-12-22 22:09:32 - client_scoring - INFO -   - 53-57_C0: 2,666€ (211 clients)
2025-12-22 22:09:32 - client_scoring - INFO -   - 48-52_C0: 2,198€ (257 clients)
2025-12-22 22:09:32 - client_scoring - INFO -   - 58-62_C0: 2,172€ (163 clients)
2025-12-22 22:09:32 - client_scoring - INFO - Scoring terminé en 0.09s - 2000 clients scorés
2025-12-22 22:09:32 - client_scoring - INFO - ClientScoringEngine initialisé - Top clients: 25.0%
2025-12-22 22:09:32 - client_scoring - INFO - Début calcul scores clients intra-cluster
2025-12-22 22:09:32 - client_scoring - INFO - Données clusterisées : (200, 12)
2025-12-22 22:09:32 - client_scoring - INFO - Données financières : (2000, 8)
2025-12-22 22:09:32 - client_scoring - INFO - Données fusionnées : (200, 19)
2025-12-22 22:09:32 - client_scoring - INFO - Nettoyage colonne CLUSTER_GLOBAL
2025-12-22 22:09:32 - client_scoring - INFO - Validation groupby réussie : 10 groupes
2025-12-22 22:09:32 - client_scoring - INFO - Clients clusterisés retenus : 200
2025-12-22 22:09:32 - client_scoring - INFO - Clusters uniques : 10
2025-12-22 22:09:32 - client_scoring - INFO - Préparation données financières
2025-12-22 22:09:32 - client_scoring - INFO - Colonnes PNB disponibles : ['PNB_COLL', 'PNB_CRED', 'PNB_SERV', 'PNB_ASSU']
2025-12-22 22:09:32 - client_scoring - WARNING - Variable EP_LIQUIDE non trouvée - valeur par défaut : 0
2025-12-22 22:09:32 - client_scoring - WARNING - Variable EP_STABLE non trouvée - valeur par défaut : 0
2025-12-22 22:09:32 - client_scoring - WARNING - Variable SLD_DAV non trouvée - valeur par défaut : 0
2025-12-22 22:09:32 - client_scoring - WARNING - Variable détention CD_NOTE_UNVRS_ASSU non trouvée - valeur par défaut : 0
2025-12-22 22:09:32 - client_scoring - INFO - Variable détention CD_NOTE_UNVRS_CRED préparée
2025-12-22 22:09:32 - client_scoring - WARNING - Variable détention CD_NOTE_UNVRS_EPRGN non trouvée - valeur par défaut : 0
2025-12-22 22:09:32 - client_scoring - WARNING - Variable détention CD_NOTE_UNVRS_SERV non trouvée - valeur par défaut : 0
2025-12-22 22:09:32 - client_scoring - WARNING - Variable détention CD_NOTE_POIDS_UNVRS non trouvée - valeur par défaut : 0
2025-12-22 22:09:32 - client_scoring - INFO - Calcul pondération et normalisation PNB par cluster
2025-12-22 22:09:32 - client_scoring - INFO - Score client calculé avec 4 composantes
2025-12-22 22:09:32 - client_scoring - INFO - Calcul potentiels clients (top 25% par cluster)
2025-12-22 22:09:32 - client_scoring - INFO - Potentiels calculés basés sur 47 clients top 25%
2025-12-22 22:09:32 - client_scoring - INFO - Calcul segmentation finale
2025-12-22 22:09:32 - client_scoring - INFO - === MÉTRIQUES DE QUALITÉ SCORING ===
2025-12-22 22:09:32 - client_scoring - INFO - Clients scorés : 200
2025-12-22 22:09:32 - client_scoring - INFO - Clusters analysés : 10
2025-12-22 22:09:32 - client_scoring - INFO - Score client moyen : 0.433
2025-12-22 22:09:32 - client_scoring - INFO - Potentiel total : 439,705€
2025-12-22 22:09:32 - client_scoring - INFO - Potentiel moyen/client : 2,199€
2025-12-22 22:09:32 - client_scoring - INFO - Couverture scoring : 100.0%
2025-12-22 22:09:32 - client_scoring - INFO - Couverture potentiel : 93.5%
2025-12-22 22:09:32 - client_scoring - INFO - Distribution segments :
2025-12-22 22:09:32 - client_scoring - INFO -   - A stimuler: 72 clients (36.0%)
2025-12-22 22:09:32 - client_scoring - INFO -   - A developper: 66 clients (33.0%)
2025-12-22 22:09:32 - client_scoring - INFO -   - A construire: 52 clients (26.0%)
2025-12-22 22:09:32 - client_scoring - INFO -   - A entretenir: 10 clients (5.0%)
2025-12-22 22:09:32 - client_scoring - INFO - Top 3 clusters par potentiel moyen :
2025-12-22 22:09:32 - client_scoring - INFO -   - 18-22_C0: 3,976€ (10 clients)
2025-12-22 22:09:32 - client_scoring - INFO -   - 58-62_C0: 3,324€ (17 clients)
2025-12-22 22:09:32 - client_scoring - INFO -   - 53-57_C0: 3,122€ (17 clients)
2025-12-22 22:09:32 - client_scoring - INFO - Scoring terminé en 0.07s - 200 clients scorés
2025-12-22 22:09:33 - client_scoring - INFO - ClientScoringEngine initialisé - Top clients: 25.0%
2025-12-22 22:09:33 - client_scoring - INFO - Début calcul scores clients intra-cluster
2025-12-22 22:09:33 - client_scoring - INFO - Données clusterisées : (2000, 12)
2025-12-22 22:09:33 - client_scoring - INFO - Données financières : (2000, 8)
2025-12-22 22:09:33 - client_scoring - INFO - Données fusionnées : (2000, 19)
2025-12-22 22:09:33 - client_scoring - INFO - Nettoyage colonne CLUSTER_GLOBAL
2025-12-22 22:09:33 - client_scoring - INFO - Validation groupby réussie : 10 groupes
2025-12-22 22:09:33 - client_scoring - INFO - Clients clusterisés retenus : 2000
2025-12-22 22:09:33 - client_scoring - INFO - Clusters uniques : 10
2025-12-22 22:09:33 - client_scoring - INFO - Préparation données financières
2025-12-22 22:09:33 - client_scoring - INFO - Colonnes PNB disponibles : ['PNB_COLL', 'PNB_CRED', 'PNB_SERV', 'PNB_ASSU']
2025-12-22 22:09:33 - client_scoring - WARNING - Variable EP_LIQUIDE non trouvée - valeur par défaut : 0
2025-12-22 22:09:33 - client_scoring - WARNING - Variable EP_STABLE non trouvée - valeur par défaut : 0
2025-12-22 22:09:33 - client_scoring - WARNING - Variable SLD_DAV non trouvée - valeur par défaut : 0
2025-12-22 22:09:33 - client_scoring - WARNING - Variable détention CD_NOTE_UNVRS_ASSU non trouvée - valeur par défaut : 0
2025-12-22 22:09:33 - client_scoring - INFO - Variable détention CD_NOTE_UNVRS_CRED préparée
2025-12-22 22:09:33 - client_scoring - WARNING - Variable détention CD_NOTE_UNVRS_EPRGN non trouvée - valeur par défaut : 0
2025-12-22 22:09:33 - client_scoring - WARNING - Variable détention CD_NOTE_UNVRS_SERV non trouvée - valeur par défaut : 0
2025-12-22 22:09:33 - client_scoring - WARNING - Variable détention CD_NOTE_POIDS_UNVRS non trouvée - valeur par défaut : 0
2025-12-22 22:09:33 - client_scoring - INFO - Calcul pondération et normalisation PNB par cluster
2025-12-22 22:09:33 - client_scoring - INFO - Score client calculé avec 4 composantes
2025-12-22 22:09:33 - client_scoring - INFO - Calcul potentiels clients (top 25% par cluster)
2025-12-22 22:09:33 - client_scoring - INFO - Potentiels calculés basés sur 495 clients top 25%
2025-12-22 22:09:33 - client_scoring - INFO - Calcul segmentation finale
2025-12-22 22:09:33 - client_scoring - INFO - === MÉTRIQUES DE QUALITÉ SCORING ===
2025-12-22 22:09:33 - client_scoring - INFO - Clients scorés : 2,000
2025-12-22 22:09:33 - client_scoring - INFO - Clusters analysés : 10
2025-12-22 22:09:33 - client_scoring - INFO - Score client moyen : 0.564
2025-12-22 22:09:33 - client_scoring - INFO - Potentiel total : 4,029,085€
2025-12-22 22:09:33 - client_scoring - INFO - Potentiel moyen/client : 2,015€
2025-12-22 22:09:33 - client_scoring - INFO - Couverture scoring : 100.0%
2025-12-22 22:09:33 - client_scoring - INFO - Couverture potentiel : 94.8%
2025-12-22 22:09:33 - client_scoring - INFO - Distribution segments :
2025-12-22 22:09:33 - client_scoring - INFO -   - A developper: 758 clients (37.9%)
2025-12-22 22:09:33 - client_scoring - INFO -   - A stimuler: 611 clients (30.6%)
2025-12-22 22:09:33 - client_scoring - INFO -   - A construire: 502 clients (25.1%)
2025-12-22 22:09:33 - client_scoring - INFO -   - A entretenir: 129 clients (6.5%)
2025-12-22 22:09:33 - client_scoring - INFO - Top 3 clusters par potentiel moyen :
2025-12-22 22:09:33 - client_scoring - INFO -   - 53-57_C0: 2,666€ (211 clients)
2025-12-22 22:09:33 - client_scoring - INFO -   - 48-52_C0: 2,198€ (257 clients)
2025-12-22 22:09:33 - client_scoring - INFO -   - 58-62_C0: 2,172€ (163 clients)
2025-12-22 22:09:33 - client_scoring - INFO - Scoring terminé en 0.11s - 2000 clients scorés
2025-12-22 22:09:34 - client_scoring - INFO - ClientScoringEngine initialisé - Top clients: 25.0%
2025-12-22 22:09:34 - client_scoring - INFO - Début calcul scores clients intra-cluster
2025-12-22 22:09:34 - client_scoring - INFO - Données clusterisées : (2000, 12)
2025-12-22 22:09:34 - client_scoring - INFO - Données financières : (2000, 8)
2025-12-22 22:09:34 - client_scoring - INFO - Données fusionnées : (2000, 19)
2025-12-22 22:09:34 - client_scoring - INFO - Nettoyage colonne CLUSTER_GLOBAL
2025-12-22 22:09:34 - client_scoring - INFO - Validation groupby réussie : 10 groupes
2025-12-22 22:09:34 - client_scoring - INFO - Clients clusterisés retenus : 2000
2025-12-22 22:09:34 - client_scoring - INFO - Clusters uniques : 10
2025-12-22 22:09:34 - client_scoring - INFO - Préparation données financières
2025-12-22 22:09:34 - client_scoring - INFO - Colonnes PNB disponibles : ['PNB_COLL', 'PNB_CRED', 'PNB_SERV', 'PNB_ASSU']
2025-12-22 22:09:34 - client_scoring - WARNING - Variable EP_LIQUIDE non trouvée - valeur par défaut : 0
2025-12-22 22:09:34 - client_scoring - WARNING - Variable EP_STABLE non trouvée - valeur par défaut : 0
2025-12-22 22:09:34 - client_scoring - WARNING - Variable SLD_DAV non trouvée - valeur par défaut : 0
2025-12-22 22:09:34 - client_scoring - WARNING - Variable détention CD_NOTE_UNVRS_ASSU non trouvée - valeur par défaut : 0
2025-12-22 22:09:34 - client_scoring - INFO - Variable détention CD_NOTE_UNVRS_CRED préparée
2025-12-22 22:09:34 - client_scoring - WARNING - Variable détention CD_NOTE_UNVRS_EPRGN non trouvée - valeur par défaut : 0
2025-12-22 22:09:34 - client_scoring - WARNING - Variable détention CD_NOTE_UNVRS_SERV non trouvée - valeur par défaut : 0
2025-12-22 22:09:34 - client_scoring - WARNING - Variable détention CD_NOTE_POIDS_UNVRS non trouvée - valeur par défaut : 0
2025-12-22 22:09:34 - client_scoring - INFO - Calcul pondération et normalisation PNB par cluster
2025-12-22 22:09:34 - client_scoring - INFO - Score client calculé avec 4 composantes
2025-12-22 22:09:34 - client_scoring - INFO - Calcul potentiels clients (top 25% par cluster)
2025-12-22 22:09:34 - client_scoring - INFO - Potentiels calculés basés sur 495 clients top 25%
2025-12-22 22:09:34 - client_scoring - INFO - Calcul segmentation finale
2025-12-22 22:09:34 - client_scoring - INFO - === MÉTRIQUES DE QUALITÉ SCORING ===
2025-12-22 22:09:34 - client_scoring - INFO - Clients scorés : 2,000
2025-12-22 22:09:34 - client_scoring - INFO - Clusters analysés : 10
2025-12-22 22:09:34 - client_scoring - INFO - Score client moyen : 0.564
2025-12-22 22:09:34 - client_scoring - INFO - Potentiel total : 4,029,085€
2025-12-22 22:09:34 - client_scoring - INFO - Potentiel moyen/client : 2,015€
2025-12-22 22:09:34 - client_scoring - INFO - Couverture scoring : 100.0%
2025-12-22 22:09:34 - client_scoring - INFO - Couverture potentiel : 94.8%
2025-12-22 22:09:34 - client_scoring - INFO - Distribution segments :
2025-12-22 22:09:34 - client_scoring - INFO -   - A developper: 758 clients (37.9%)
2025-12-22 22:09:34 - client_scoring - INFO -   - A stimuler: 611 clients (30.6%)
2025-12-22 22:09:34 - client_scoring - INFO -   - A construire: 502 clients (25.1%)
2025-12-22 22:09:34 - client_scoring - INFO -   - A entretenir: 129 clients (6.5%)
2025-12-22 22:09:34 - client_scoring - INFO - Top 3 clusters par potentiel moyen :
2025-12-22 22:09:34 - client_scoring - INFO -   - 53-57_C0: 2,666€ (211 clients)
2025-12-22 22:09:34 - client_scoring - INFO -   - 48-52_C0: 2,198€ (257 clients)
2025-12-22 22:09:34 - client_scoring - INFO -   - 58-62_C0: 2,172€ (163 clients)
2025-12-22 22:09:34 - client_scoring - INFO - Scoring terminé en 0.10s - 2000 clients scorés
2025-12-22 22:09:35 - client_scoring - INFO - ClientScoringEngine initialisé - Top clients: 25.0%
2025-12-22 22:09:35 - client_scoring - INFO - Début calcul scores clients intra-cluster
2025-12-22 22:09:35 - client_scoring - INFO - Données clusterisées : (2000, 12)
2025-12-22 22:09:35 - client_scoring - INFO - Données financières : (2000, 8)
2025-12-22 22:09:35 - client_scoring - INFO - Données fusionnées : (2000, 19)
2025-12-22 22:09:35 - client_scoring - INFO - Nettoyage colonne CLUSTER_GLOBAL
2025-12-22 22:09:35 - client_scoring - INFO - Validation groupby réussie : 10 groupes
2025-12-22 22:09:35 - client_scoring - INFO - Clients clusterisés retenus : 2000
2025-12-22 22:09:35 - client_scoring - INFO - Clusters uniques : 10
2025-12-22 22:09:35 - client_scoring - INFO - Préparation données financières
2025-12-22 22:09:35 - client_scoring - INFO - Colonnes PNB disponibles : ['PNB_COLL', 'PNB_CRED', 'PNB_SERV', 'PNB_ASSU']
2025-12-22 22:09:35 - client_scoring - WARNING - Variable EP_LIQUIDE non trouvée - valeur par défaut : 0
2025-12-22 22:09:35 - client_scoring - WARNING - Variable EP_STABLE non trouvée - valeur par défaut : 0
2025-12-22 22:09:35 - client_scoring - WARNING - Variable SLD_DAV non trouvée - valeur par défaut : 0
2025-12-22 22:09:35 - client_scoring - WARNING - Variable détention CD_NOTE_UNVRS_ASSU non trouvée - valeur par défaut : 0
2025-12-22 22:09:35 - client_scoring - INFO - Variable détention CD_NOTE_UNVRS_CRED préparée
2025-12-22 22:09:35 - client_scoring - WARNING - Variable détention CD_NOTE_UNVRS_EPRGN non trouvée - valeur par défaut : 0
2025-12-22 22:09:35 - client_scoring - WARNING - Variable détention CD_NOTE_UNVRS_SERV non trouvée - valeur par défaut : 0
2025-12-22 22:09:35 - client_scoring - WARNING - Variable détention CD_NOTE_POIDS_UNVRS non trouvée - valeur par défaut : 0
2025-12-22 22:09:35 - client_scoring - INFO - Calcul pondération et normalisation PNB par cluster
2025-12-22 22:09:35 - client_scoring - INFO - Score client calculé avec 4 composantes
2025-12-22 22:09:35 - client_scoring - INFO - Calcul potentiels clients (top 25% par cluster)
2025-12-22 22:09:35 - client_scoring - INFO - Potentiels calculés basés sur 495 clients top 25%
2025-12-22 22:09:35 - client_scoring - INFO - Calcul segmentation finale
2025-12-22 22:09:35 - client_scoring - INFO - === MÉTRIQUES DE QUALITÉ SCORING ===
2025-12-22 22:09:35 - client_scoring - INFO - Clients scorés : 2,000
2025-12-22 22:09:35 - client_scoring - INFO - Clusters analysés : 10
2025-12-22 22:09:35 - client_scoring - INFO - Score client moyen : 0.564
2025-12-22 22:09:35 - client_scoring - INFO - Potentiel total : 4,029,085€
2025-12-22 22:09:35 - client_scoring - INFO - Potentiel moyen/client : 2,015€
2025-12-22 22:09:35 - client_scoring - INFO - Couverture scoring : 100.0%
2025-12-22 22:09:35 - client_scoring - INFO - Couverture potentiel : 94.8%
2025-12-22 22:09:35 - client_scoring - INFO - Distribution segments :
2025-12-22 22:09:35 - client_scoring - INFO -   - A developper: 758 clients (37.9%)
2025-12-22 22:09:35 - client_scoring - INFO -   - A stimuler: 611 clients (30.6%)
2025-12-22 22:09:35 - client_scoring - INFO -   - A construire: 502 clients (25.1%)
2025-12-22 22:09:35 - client_scoring - INFO -   - A entretenir: 129 clients (6.5%)
2025-12-22 22:09:35 - client_scoring - INFO - Top 3 clusters par potentiel moyen :
2025-12-22 22:09:35 - client_scoring - INFO -   - 53-57_C0: 2,666€ (211 clients)
2025-12-22 22:09:35 - client_scoring - INFO -   - 48-52_C0: 2,198€ (257 clients)
2025-12-22 22:09:35 - client_scoring - INFO -   - 58-62_C0: 2,172€ (163 clients)
2025-12-22 22:09:35 - client_scoring - INFO - Scoring terminé en 0.11s - 2000 clients scorés
2025-12-22 22:09:35 - client_scoring - INFO - ClientScoringEngine initialisé - Top clients: 25.0%
2025-12-22 22:09:35 - client_scoring - INFO - Début calcul scores clients intra-cluster
2025-12-22 22:09:35 - client_scoring - INFO - Données clusterisées : (2000, 12)
2025-12-22 22:09:35 - client_scoring - INFO - Données financières : (2000, 8)
2025-12-22 22:09:35 - client_scoring - INFO - Données fusionnées : (2000, 19)
2025-12-22 22:09:35 - client_scoring - INFO - Nettoyage colonne CLUSTER_GLOBAL
2025-12-22 22:09:35 - client_scoring - INFO - Validation groupby réussie : 10 groupes
2025-12-22 22:09:35 - client_scoring - INFO - Clients clusterisés retenus : 2000
2025-12-22 22:09:35 - client_scoring - INFO - Clusters uniques : 10
2025-12-22 22:09:35 - client_scoring - INFO - Préparation données financières
2025-12-22 22:09:35 - client_scoring - INFO - Colonnes PNB disponibles : ['PNB_COLL', 'PNB_CRED', 'PNB_SERV', 'PNB_ASSU']
2025-12-22 22:09:35 - client_scoring - WARNING - Variable EP_LIQUIDE non trouvée - valeur par défaut : 0
2025-12-22 22:09:35 - client_scoring - WARNING - Variable EP_STABLE non trouvée - valeur par défaut : 0
2025-12-22 22:09:35 - client_scoring - WARNING - Variable SLD_DAV non trouvée - valeur par défaut : 0
2025-12-22 22:09:35 - client_scoring - WARNING - Variable détention CD_NOTE_UNVRS_ASSU non trouvée - valeur par défaut : 0
2025-12-22 22:09:35 - client_scoring - INFO - Variable détention CD_NOTE_UNVRS_CRED préparée
2025-12-22 22:09:35 - client_scoring - WARNING - Variable détention CD_NOTE_UNVRS_EPRGN non trouvée - valeur par défaut : 0
2025-12-22 22:09:35 - client_scoring - WARNING - Variable détention CD_NOTE_UNVRS_SERV non trouvée - valeur par défaut : 0
2025-12-22 22:09:35 - client_scoring - WARNING - Variable détention CD_NOTE_POIDS_UNVRS non trouvée - valeur par défaut : 0
2025-12-22 22:09:35 - client_scoring - INFO - Calcul pondération et normalisation PNB par cluster
2025-12-22 22:09:35 - client_scoring - INFO - Score client calculé avec 4 composantes
2025-12-22 22:09:35 - client_scoring - INFO - Calcul potentiels clients (top 25% par cluster)
2025-12-22 22:09:35 - client_scoring - INFO - Potentiels calculés basés sur 495 clients top 25%
2025-12-22 22:09:35 - client_scoring - INFO - Calcul segmentation finale
2025-12-22 22:09:35 - client_scoring - INFO - === MÉTRIQUES DE QUALITÉ SCORING ===
2025-12-22 22:09:35 - client_scoring - INFO - Clients scorés : 2,000
2025-12-22 22:09:35 - client_scoring - INFO - Clusters analysés : 10
2025-12-22 22:09:35 - client_scoring - INFO - Score client moyen : 0.564
2025-12-22 22:09:35 - client_scoring - INFO - Potentiel total : 4,029,085€
2025-12-22 22:09:35 - client_scoring - INFO - Potentiel moyen/client : 2,015€
2025-12-22 22:09:35 - client_scoring - INFO - Couverture scoring : 100.0%
2025-12-22 22:09:35 - client_scoring - INFO - Couverture potentiel : 94.8%
2025-12-22 22:09:35 - client_scoring - INFO - Distribution segments :
2025-12-22 22:09:35 - client_scoring - INFO -   - A developper: 758 clients (37.9%)
2025-12-22 22:09:35 - client_scoring - INFO -   - A stimuler: 611 clients (30.6%)
2025-12-22 22:09:35 - client_scoring - INFO -   - A construire: 502 clients (25.1%)
2025-12-22 22:09:35 - client_scoring - INFO -   - A entretenir: 129 clients (6.5%)
2025-12-22 22:09:35 - client_scoring - INFO - Top 3 clusters par potentiel moyen :
2025-12-22 22:09:35 - client_scoring - INFO -   - 53-57_C0: 2,666€ (211 clients)
2025-12-22 22:09:35 - client_scoring - INFO -   - 48-52_C0: 2,198€ (257 clients)
2025-12-22 22:09:35 - client_scoring - INFO -   - 58-62_C0: 2,172€ (163 clients)
2025-12-22 22:09:35 - client_scoring - INFO - Scoring terminé en 0.10s - 2000 clients scorés
2025-12-22 22:09:36 - client_scoring - INFO - ClientScoringEngine initialisé - Top clients: 25.0%
2025-12-22 22:09:36 - client_scoring - INFO - Début calcul scores clients intra-cluster
2025-12-22 22:09:36 - client_scoring - INFO - Données clusterisées : (2000, 12)
2025-12-22 22:09:36 - client_scoring - INFO - Données financières : (2000, 8)
2025-12-22 22:09:36 - client_scoring - INFO - Données fusionnées : (2000, 19)
2025-12-22 22:09:36 - client_scoring - INFO - Nettoyage colonne CLUSTER_GLOBAL
2025-12-22 22:09:36 - client_scoring - INFO - Validation groupby réussie : 10 groupes
2025-12-22 22:09:36 - client_scoring - INFO - Clients clusterisés retenus : 2000
2025-12-22 22:09:36 - client_scoring - INFO - Clusters uniques : 10
2025-12-22 22:09:36 - client_scoring - INFO - Préparation données financières
2025-12-22 22:09:36 - client_scoring - INFO - Colonnes PNB disponibles : ['PNB_COLL', 'PNB_CRED', 'PNB_SERV', 'PNB_ASSU']
2025-12-22 22:09:36 - client_scoring - WARNING - Variable EP_LIQUIDE non trouvée - valeur par défaut : 0
2025-12-22 22:09:36 - client_scoring - WARNING - Variable EP_STABLE non trouvée - valeur par défaut : 0
2025-12-22 22:09:36 - client_scoring - WARNING - Variable SLD_DAV non trouvée - valeur par défaut : 0
2025-12-22 22:09:36 - client_scoring - WARNING - Variable détention CD_NOTE_UNVRS_ASSU non trouvée - valeur par défaut : 0
2025-12-22 22:09:36 - client_scoring - INFO - Variable détention CD_NOTE_UNVRS_CRED préparée
2025-12-22 22:09:36 - client_scoring - WARNING - Variable détention CD_NOTE_UNVRS_EPRGN non trouvée - valeur par défaut : 0
2025-12-22 22:09:36 - client_scoring - WARNING - Variable détention CD_NOTE_UNVRS_SERV non trouvée - valeur par défaut : 0
2025-12-22 22:09:36 - client_scoring - WARNING - Variable détention CD_NOTE_POIDS_UNVRS non trouvée - valeur par défaut : 0
2025-12-22 22:09:36 - client_scoring - INFO - Calcul pondération et normalisation PNB par cluster
2025-12-22 22:09:36 - client_scoring - INFO - Score client calculé avec 4 composantes
2025-12-22 22:09:36 - client_scoring - INFO - Calcul potentiels clients (top 25% par cluster)
2025-12-22 22:09:36 - client_scoring - INFO - Potentiels calculés basés sur 495 clients top 25%
2025-12-22 22:09:36 - client_scoring - INFO - Calcul segmentation finale
2025-12-22 22:09:36 - client_scoring - INFO - === MÉTRIQUES DE QUALITÉ SCORING ===
2025-12-22 22:09:36 - client_scoring - INFO - Clients scorés : 2,000
2025-12-22 22:09:36 - client_scoring - INFO - Clusters analysés : 10
2025-12-22 22:09:36 - client_scoring - INFO - Score client moyen : 0.564
2025-12-22 22:09:36 - client_scoring - INFO - Potentiel total : 4,029,085€
2025-12-22 22:09:36 - client_scoring - INFO - Potentiel moyen/client : 2,015€
2025-12-22 22:09:36 - client_scoring - INFO - Couverture scoring : 100.0%
2025-12-22 22:09:36 - client_scoring - INFO - Couverture potentiel : 94.8%
2025-12-22 22:09:36 - client_scoring - INFO - Distribution segments :
2025-12-22 22:09:36 - client_scoring - INFO -   - A developper: 758 clients (37.9%)
2025-12-22 22:09:36 - client_scoring - INFO -   - A stimuler: 611 clients (30.6%)
2025-12-22 22:09:36 - client_scoring - INFO -   - A construire: 502 clients (25.1%)
2025-12-22 22:09:36 - client_scoring - INFO -   - A entretenir: 129 clients (6.5%)
2025-12-22 22:09:36 - client_scoring - INFO - Top 3 clusters par potentiel moyen :
2025-12-22 22:09:36 - client_scoring - INFO -   - 53-57_C0: 2,666€ (211 clients)
2025-12-22 22:09:36 - client_scoring - INFO -   - 48-52_C0: 2,198€ (257 clients)
2025-12-22 22:09:36 - client_scoring - INFO -   - 58-62_C0: 2,172€ (163 clients)
2025-12-22 22:09:36 - client_scoring - INFO - Scoring terminé en 0.10s - 2000 clients scorés
2025-12-22 22:09:36 - client_scoring - INFO - ClientScoringEngine initialisé - Top clients: 25.0%
2025-12-22 22:09:36 - client_scoring - INFO - Début calcul scores clients intra-cluster
2025-12-22 22:09:36 - client_scoring - INFO - Données clusterisées : (1000, 12)
2025-12-22 22:09:36 - client_scoring - INFO - Données financières : (1000, 8)
2025-12-22 22:09:36 - client_scoring - INFO - Données fusionnées : (1000, 19)
2025-12-22 22:09:36 - client_scoring - INFO - Nettoyage colonne CLUSTER_GLOBAL
2025-12-22 22:09:36 - client_scoring - INFO - Validation groupby réussie : 10 groupes
2025-12-22 22:09:36 - client_scoring - INFO - Clients clusterisés retenus : 1000
2025-12-22 22:09:36 - client_scoring - INFO - Clusters uniques : 10
2025-12-22 22:09:36 - client_scoring - INFO - Préparation données financières
2025-12-22 22:09:36 - client_scoring - INFO - Colonnes PNB disponibles : ['PNB_COLL', 'PNB_CRED', 'PNB_SERV', 'PNB_ASSU']
2025-12-22 22:09:36 - client_scoring - WARNING - Variable EP_LIQUIDE non trouvée - valeur par défaut : 0
2025-12-22 22:09:36 - client_scoring - WARNING - Variable EP_STABLE non trouvée - valeur par défaut : 0
2025-12-22 22:09:36 - client_scoring - WARNING - Variable SLD_DAV non trouvée - valeur par défaut : 0
2025-12-22 22:09:36 - client_scoring - WARNING - Variable détention CD_NOTE_UNVRS_ASSU non trouvée - valeur par défaut : 0
2025-12-22 22:09:36 - client_scoring - INFO - Variable détention CD_NOTE_UNVRS_CRED préparée
2025-12-22 22:09:36 - client_scoring - WARNING - Variable détention CD_NOTE_UNVRS_EPRGN non trouvée - valeur par défaut : 0
2025-12-22 22:09:36 - client_scoring - WARNING - Variable détention CD_NOTE_UNVRS_SERV non trouvée - valeur par défaut : 0
2025-12-22 22:09:36 - client_scoring - WARNING - Variable détention CD_NOTE_POIDS_UNVRS non trouvée - valeur par défaut : 0
2025-12-22 22:09:36 - client_scoring - INFO - Calcul pondération et normalisation PNB par cluster
2025-12-22 22:09:36 - client_scoring - INFO - Score client calculé avec 4 composantes
2025-12-22 22:09:36 - client_scoring - INFO - Calcul potentiels clients (top 25% par cluster)
2025-12-22 22:09:36 - client_scoring - INFO - Potentiels calculés basés sur 246 clients top 25%
2025-12-22 22:09:36 - client_scoring - INFO - Calcul segmentation finale
2025-12-22 22:09:36 - client_scoring - INFO - === MÉTRIQUES DE QUALITÉ SCORING ===
2025-12-22 22:09:36 - client_scoring - INFO - Clients scorés : 1,000
2025-12-22 22:09:36 - client_scoring - INFO - Clusters analysés : 10
2025-12-22 22:09:36 - client_scoring - INFO - Score client moyen : 0.538
2025-12-22 22:09:36 - client_scoring - INFO - Potentiel total : 1,961,723€
2025-12-22 22:09:36 - client_scoring - INFO - Potentiel moyen/client : 1,962€
2025-12-22 22:09:36 - client_scoring - INFO - Couverture scoring : 100.0%
2025-12-22 22:09:36 - client_scoring - INFO - Couverture potentiel : 93.1%
2025-12-22 22:09:36 - client_scoring - INFO - Distribution segments :
2025-12-22 22:09:36 - client_scoring - INFO -   - A developper: 382 clients (38.2%)
2025-12-22 22:09:36 - client_scoring - INFO -   - A stimuler: 311 clients (31.1%)
2025-12-22 22:09:36 - client_scoring - INFO -   - A construire: 251 clients (25.1%)
2025-12-22 22:09:36 - client_scoring - INFO -   - A entretenir: 56 clients (5.6%)
2025-12-22 22:09:36 - client_scoring - INFO - Top 3 clusters par potentiel moyen :
2025-12-22 22:09:36 - client_scoring - INFO -   - 53-57_C0: 3,016€ (111 clients)
2025-12-22 22:09:36 - client_scoring - INFO -   - 28-32_C0: 2,444€ (84 clients)
2025-12-22 22:09:36 - client_scoring - INFO -   - 43-47_C0: 2,403€ (139 clients)
2025-12-22 22:09:36 - client_scoring - INFO - Scoring terminé en 0.09s - 1000 clients scorés
2025-12-22 22:09:37 - client_scoring - INFO - ClientScoringEngine initialisé - Top clients: 25.0%
2025-12-22 22:09:37 - client_scoring - INFO - Début calcul scores clients intra-cluster
2025-12-22 22:09:37 - client_scoring - INFO - Données clusterisées : (1000, 12)
2025-12-22 22:09:37 - client_scoring - INFO - Données financières : (1000, 8)
2025-12-22 22:09:37 - client_scoring - INFO - Données fusionnées : (1000, 19)
2025-12-22 22:09:37 - client_scoring - INFO - Nettoyage colonne CLUSTER_GLOBAL
2025-12-22 22:09:37 - client_scoring - INFO - Validation groupby réussie : 10 groupes
2025-12-22 22:09:37 - client_scoring - INFO - Clients clusterisés retenus : 1000
2025-12-22 22:09:37 - client_scoring - INFO - Clusters uniques : 10
2025-12-22 22:09:37 - client_scoring - INFO - Préparation données financières
2025-12-22 22:09:37 - client_scoring - INFO - Colonnes PNB disponibles : ['PNB_COLL', 'PNB_CRED', 'PNB_SERV', 'PNB_ASSU']
2025-12-22 22:09:37 - client_scoring - WARNING - Variable EP_LIQUIDE non trouvée - valeur par défaut : 0
2025-12-22 22:09:37 - client_scoring - WARNING - Variable EP_STABLE non trouvée - valeur par défaut : 0
2025-12-22 22:09:37 - client_scoring - WARNING - Variable SLD_DAV non trouvée - valeur par défaut : 0
2025-12-22 22:09:37 - client_scoring - WARNING - Variable détention CD_NOTE_UNVRS_ASSU non trouvée - valeur par défaut : 0
2025-12-22 22:09:37 - client_scoring - INFO - Variable détention CD_NOTE_UNVRS_CRED préparée
2025-12-22 22:09:37 - client_scoring - WARNING - Variable détention CD_NOTE_UNVRS_EPRGN non trouvée - valeur par défaut : 0
2025-12-22 22:09:37 - client_scoring - WARNING - Variable détention CD_NOTE_UNVRS_SERV non trouvée - valeur par défaut : 0
2025-12-22 22:09:37 - client_scoring - WARNING - Variable détention CD_NOTE_POIDS_UNVRS non trouvée - valeur par défaut : 0
2025-12-22 22:09:37 - client_scoring - INFO - Calcul pondération et normalisation PNB par cluster
2025-12-22 22:09:37 - client_scoring - INFO - Score client calculé avec 4 composantes
2025-12-22 22:09:37 - client_scoring - INFO - Calcul potentiels clients (top 25% par cluster)
2025-12-22 22:09:37 - client_scoring - INFO - Potentiels calculés basés sur 246 clients top 25%
2025-12-22 22:09:37 - client_scoring - INFO - Calcul segmentation finale
2025-12-22 22:09:37 - client_scoring - INFO - === MÉTRIQUES DE QUALITÉ SCORING ===
2025-12-22 22:09:37 - client_scoring - INFO - Clients scorés : 1,000
2025-12-22 22:09:37 - client_scoring - INFO - Clusters analysés : 10
2025-12-22 22:09:37 - client_scoring - INFO - Score client moyen : 0.538
2025-12-22 22:09:37 - client_scoring - INFO - Potentiel total : 1,961,723€
2025-12-22 22:09:37 - client_scoring - INFO - Potentiel moyen/client : 1,962€
2025-12-22 22:09:37 - client_scoring - INFO - Couverture scoring : 100.0%
2025-12-22 22:09:37 - client_scoring - INFO - Couverture potentiel : 93.1%
2025-12-22 22:09:37 - client_scoring - INFO - Distribution segments :
2025-12-22 22:09:37 - client_scoring - INFO -   - A developper: 382 clients (38.2%)
2025-12-22 22:09:37 - client_scoring - INFO -   - A stimuler: 311 clients (31.1%)
2025-12-22 22:09:37 - client_scoring - INFO -   - A construire: 251 clients (25.1%)
2025-12-22 22:09:37 - client_scoring - INFO -   - A entretenir: 56 clients (5.6%)
2025-12-22 22:09:37 - client_scoring - INFO - Top 3 clusters par potentiel moyen :
2025-12-22 22:09:37 - client_scoring - INFO -   - 53-57_C0: 3,016€ (111 clients)
2025-12-22 22:09:37 - client_scoring - INFO -   - 28-32_C0: 2,444€ (84 clients)
2025-12-22 22:09:37 - client_scoring - INFO -   - 43-47_C0: 2,403€ (139 clients)
2025-12-22 22:09:37 - client_scoring - INFO - Scoring terminé en 0.10s - 1000 clients scorés
2025-12-22 22:09:38 - client_scoring - INFO - ClientScoringEngine initialisé - Top clients: 25.0%
2025-12-22 22:09:38 - client_scoring - INFO - Début calcul scores clients intra-cluster
2025-12-22 22:09:38 - client_scoring - INFO - Données clusterisées : (1000, 12)
2025-12-22 22:09:38 - client_scoring - INFO - Données financières : (1000, 8)
2025-12-22 22:09:38 - client_scoring - INFO - Données fusionnées : (1000, 19)
2025-12-22 22:09:38 - client_scoring - INFO - Nettoyage colonne CLUSTER_GLOBAL
2025-12-22 22:09:38 - client_scoring - INFO - Validation groupby réussie : 10 groupes
2025-12-22 22:09:38 - client_scoring - INFO - Clients clusterisés retenus : 1000
2025-12-22 22:09:38 - client_scoring - INFO - Clusters uniques : 10
2025-12-22 22:09:38 - client_scoring - INFO - Préparation données financières
2025-12-22 22:09:38 - client_scoring - INFO - Colonnes PNB disponibles : ['PNB_COLL', 'PNB_CRED', 'PNB_SERV', 'PNB_ASSU']
2025-12-22 22:09:38 - client_scoring - WARNING - Variable EP_LIQUIDE non trouvée - valeur par défaut : 0
2025-12-22 22:09:38 - client_scoring - WARNING - Variable EP_STABLE non trouvée - valeur par défaut : 0
2025-12-22 22:09:38 - client_scoring - WARNING - Variable SLD_DAV non trouvée - valeur par défaut : 0
2025-12-22 22:09:38 - client_scoring - WARNING - Variable détention CD_NOTE_UNVRS_ASSU non trouvée - valeur par défaut : 0
2025-12-22 22:09:38 - client_scoring - INFO - Variable détention CD_NOTE_UNVRS_CRED préparée
2025-12-22 22:09:38 - client_scoring - WARNING - Variable détention CD_NOTE_UNVRS_EPRGN non trouvée - valeur par défaut : 0
2025-12-22 22:09:38 - client_scoring - WARNING - Variable détention CD_NOTE_UNVRS_SERV non trouvée - valeur par défaut : 0
2025-12-22 22:09:38 - client_scoring - WARNING - Variable détention CD_NOTE_POIDS_UNVRS non trouvée - valeur par défaut : 0
2025-12-22 22:09:38 - client_scoring - INFO - Calcul pondération et normalisation PNB par cluster
2025-12-22 22:09:38 - client_scoring - INFO - Score client calculé avec 4 composantes
2025-12-22 22:09:38 - client_scoring - INFO - Calcul potentiels clients (top 25% par cluster)
2025-12-22 22:09:38 - client_scoring - INFO - Potentiels calculés basés sur 246 clients top 25%
2025-12-22 22:09:38 - client_scoring - INFO - Calcul segmentation finale
2025-12-22 22:09:38 - client_scoring - INFO - === MÉTRIQUES DE QUALITÉ SCORING ===
2025-12-22 22:09:38 - client_scoring - INFO - Clients scorés : 1,000
2025-12-22 22:09:38 - client_scoring - INFO - Clusters analysés : 10
2025-12-22 22:09:38 - client_scoring - INFO - Score client moyen : 0.538
2025-12-22 22:09:38 - client_scoring - INFO - Potentiel total : 1,961,723€
2025-12-22 22:09:38 - client_scoring - INFO - Potentiel moyen/client : 1,962€
2025-12-22 22:09:38 - client_scoring - INFO - Couverture scoring : 100.0%
2025-12-22 22:09:38 - client_scoring - INFO - Couverture potentiel : 93.1%
2025-12-22 22:09:38 - client_scoring - INFO - Distribution segments :
2025-12-22 22:09:38 - client_scoring - INFO -   - A developper: 382 clients (38.2%)
2025-12-22 22:09:38 - client_scoring - INFO -   - A stimuler: 311 clients (31.1%)
2025-12-22 22:09:38 - client_scoring - INFO -   - A construire: 251 clients (25.1%)
2025-12-22 22:09:38 - client_scoring - INFO -   - A entretenir: 56 clients (5.6%)
2025-12-22 22:09:38 - client_scoring - INFO - Top 3 clusters par potentiel moyen :
2025-12-22 22:09:38 - client_scoring - INFO -   - 53-57_C0: 3,016€ (111 clients)
2025-12-22 22:09:38 - client_scoring - INFO -   - 28-32_C0: 2,444€ (84 clients)
2025-12-22 22:09:38 - client_scoring - INFO -   - 43-47_C0: 2,403€ (139 clients)
2025-12-22 22:09:38 - client_scoring - INFO - Scoring terminé en 0.10s - 1000 clients scorés
2025-12-22 22:09:38 - client_scoring - INFO - ClientScoringEngine initialisé - Top clients: 25.0%
2025-12-22 22:09:38 - client_scoring - INFO - Début calcul scores clients intra-cluster
2025-12-22 22:09:38 - client_scoring - INFO - Données clusterisées : (400, 12)
2025-12-22 22:09:38 - client_scoring - INFO - Données financières : (1000, 8)
2025-12-22 22:09:38 - client_scoring - INFO - Données fusionnées : (400, 19)
2025-12-22 22:09:38 - client_scoring - INFO - Nettoyage colonne CLUSTER_GLOBAL
2025-12-22 22:09:38 - client_scoring - INFO - Validation groupby réussie : 10 groupes
2025-12-22 22:09:38 - client_scoring - INFO - Clients clusterisés retenus : 400
2025-12-22 22:09:38 - client_scoring - INFO - Clusters uniques : 10
2025-12-22 22:09:38 - client_scoring - INFO - Préparation données financières
2025-12-22 22:09:38 - client_scoring - INFO - Colonnes PNB disponibles : ['PNB_COLL', 'PNB_CRED', 'PNB_SERV', 'PNB_ASSU']
2025-12-22 22:09:38 - client_scoring - WARNING - Variable EP_LIQUIDE non trouvée - valeur par défaut : 0
2025-12-22 22:09:38 - client_scoring - WARNING - Variable EP_STABLE non trouvée - valeur par défaut : 0
2025-12-22 22:09:38 - client_scoring - WARNING - Variable SLD_DAV non trouvée - valeur par défaut : 0
2025-12-22 22:09:38 - client_scoring - WARNING - Variable détention CD_NOTE_UNVRS_ASSU non trouvée - valeur par défaut : 0
2025-12-22 22:09:38 - client_scoring - INFO - Variable détention CD_NOTE_UNVRS_CRED préparée
2025-12-22 22:09:38 - client_scoring - WARNING - Variable détention CD_NOTE_UNVRS_EPRGN non trouvée - valeur par défaut : 0
2025-12-22 22:09:38 - client_scoring - WARNING - Variable détention CD_NOTE_UNVRS_SERV non trouvée - valeur par défaut : 0
2025-12-22 22:09:38 - client_scoring - WARNING - Variable détention CD_NOTE_POIDS_UNVRS non trouvée - valeur par défaut : 0
2025-12-22 22:09:38 - client_scoring - INFO - Calcul pondération et normalisation PNB par cluster
2025-12-22 22:09:38 - client_scoring - INFO - Score client calculé avec 4 composantes
2025-12-22 22:09:38 - client_scoring - INFO - Calcul potentiels clients (top 25% par cluster)
2025-12-22 22:09:38 - client_scoring - INFO - Potentiels calculés basés sur 96 clients top 25%
2025-12-22 22:09:38 - client_scoring - INFO - Calcul segmentation finale
2025-12-22 22:09:38 - client_scoring - INFO - === MÉTRIQUES DE QUALITÉ SCORING ===
2025-12-22 22:09:38 - client_scoring - INFO - Clients scorés : 400
2025-12-22 22:09:38 - client_scoring - INFO - Clusters analysés : 10
2025-12-22 22:09:38 - client_scoring - INFO - Score client moyen : 0.415
2025-12-22 22:09:38 - client_scoring - INFO - Potentiel total : 909,671€
2025-12-22 22:09:38 - client_scoring - INFO - Potentiel moyen/client : 2,274€
2025-12-22 22:09:38 - client_scoring - INFO - Couverture scoring : 100.0%
2025-12-22 22:09:38 - client_scoring - INFO - Couverture potentiel : 93.2%
2025-12-22 22:09:38 - client_scoring - INFO - Distribution segments :
2025-12-22 22:09:38 - client_scoring - INFO -   - A developper: 153 clients (38.2%)
2025-12-22 22:09:38 - client_scoring - INFO -   - A stimuler: 124 clients (31.0%)
2025-12-22 22:09:38 - client_scoring - INFO -   - A construire: 101 clients (25.2%)
2025-12-22 22:09:38 - client_scoring - INFO -   - A entretenir: 22 clients (5.5%)
2025-12-22 22:09:38 - client_scoring - INFO - Top 3 clusters par potentiel moyen :
2025-12-22 22:09:38 - client_scoring - INFO -   - 18-22_C0: 3,403€ (27 clients)
2025-12-22 22:09:38 - client_scoring - INFO -   - 53-57_C0: 3,271€ (47 clients)
2025-12-22 22:09:38 - client_scoring - INFO -   - 43-47_C0: 2,591€ (57 clients)
2025-12-22 22:09:38 - client_scoring - INFO - Scoring terminé en 0.08s - 400 clients scorés
2025-12-22 22:09:51 - client_scoring - INFO - Logger client_scoring configuré - Fichier: /Users/taieb/Documents/GITHUB REPO/ML_banking_segmentation/logs/client_scoring_20251222.log
2025-12-22 22:09:51 - client_scoring - INFO - ClientScoringEngine initialisé - Top clients: 25.0%
2025-12-22 22:09:51 - client_scoring - INFO - Début calcul scores clients intra-cluster
2025-12-22 22:09:51 - client_scoring - INFO - Données clusterisées : (1000, 12)
2025-12-22 22:09:51 - client_scoring - INFO - Données financières : (1000, 8)
2025-12-22 22:09:51 - client_scoring - INFO - Données fusionnées : (1000, 19)
2025-12-22 22:09:51 - client_scoring - INFO - Nettoyage colonne CLUSTER_GLOBAL
2025-12-22 22:09:51 - client_scoring - INFO - Validation groupby réussie : 10 groupes
2025-12-22 22:09:51 - client_scoring - INFO - Clients clusterisés retenus : 1000
2025-12-22 22:09:51 - client_scoring - INFO - Clusters uniques : 10
2025-12-22 22:09:51 - client_scoring - INFO - Préparation données financières
2025-12-22 22:09:51 - client_scoring - INFO - Colonnes PNB disponibles : ['PNB_COLL', 'PNB_CRED', 'PNB_SERV', 'PNB_ASSU']
2025-12-22 22:09:51 - client_scoring - WARNING - Variable EP_LIQUIDE non trouvée - valeur par défaut : 0
2025-12-22 22:09:51 - client_scoring - WARNING - Variable EP_STABLE non trouvée - valeur par défaut : 0
2025-12-22 22:09:51 - client_scoring - WARNING - Variable SLD_DAV non trouvée - valeur par défaut : 0
2025-12-22 22:09:51 - client_scoring - WARNING - Variable détention CD_NOTE_UNVRS_ASSU non trouvée - valeur par défaut : 0
2025-12-22 22:09:51 - client_scoring - INFO - Variable détention CD_NOTE_UNVRS_CRED préparée
2025-12-22 22:09:51 - client_scoring - WARNING - Variable détention CD_NOTE_UNVRS_EPRGN non trouvée - valeur par défaut : 0
2025-12-22 22:09:51 - client_scoring - WARNING - Variable détention CD_NOTE_UNVRS_SERV non trouvée - valeur par défaut : 0
2025-12-22 22:09:51 - client_scoring - WARNING - Variable détention CD_NOTE_POIDS_UNVRS non trouvée - valeur par défaut : 0
2025-12-22 22:09:51 - client_scoring - INFO - Calcul pondération et normalisation PNB par cluster
2025-12-22 22:09:51 - client_scoring - INFO - Score client calculé avec 4 composantes
2025-12-22 22:09:51 - client_scoring - INFO - Calcul potentiels clients (top 25% par cluster)
2025-12-22 22:09:51 - client_scoring - INFO - Potentiels calculés basés sur 246 clients top 25%
2025-12-22 22:09:51 - client_scoring - INFO - Calcul segmentation finale
2025-12-22 22:09:51 - client_scoring - INFO - === MÉTRIQUES DE QUALITÉ SCORING ===
2025-12-22 22:09:51 - client_scoring - INFO - Clients scorés : 1,000
2025-12-22 22:09:51 - client_scoring - INFO - Clusters analysés : 10
2025-12-22 22:09:51 - client_scoring - INFO - Score client moyen : 0.538
2025-12-22 22:09:51 - client_scoring - INFO - Potentiel total : 1,961,723€
2025-12-22 22:09:51 - client_scoring - INFO - Potentiel moyen/client : 1,962€
2025-12-22 22:09:51 - client_scoring - INFO - Couverture scoring : 100.0%
2025-12-22 22:09:51 - client_scoring - INFO - Couverture potentiel : 93.1%
2025-12-22 22:09:51 - client_scoring - INFO - Distribution segments :
2025-12-22 22:09:51 - client_scoring - INFO -   - A developper: 382 clients (38.2%)
2025-12-22 22:09:51 - client_scoring - INFO -   - A stimuler: 311 clients (31.1%)
2025-12-22 22:09:51 - client_scoring - INFO -   - A construire: 251 clients (25.1%)
2025-12-22 22:09:51 - client_scoring - INFO -   - A entretenir: 56 clients (5.6%)
2025-12-22 22:09:51 - client_scoring - INFO - Top 3 clusters par potentiel moyen :
2025-12-22 22:09:51 - client_scoring - INFO -   - 53-57_C0: 3,016€ (111 clients)
2025-12-22 22:09:51 - client_scoring - INFO -   - 28-32_C0: 2,444€ (84 clients)
2025-12-22 22:09:51 - client_scoring - INFO -   - 43-47_C0: 2,403€ (139 clients)
2025-12-22 22:09:51 - client_scoring - INFO - Scoring terminé en 0.09s - 1000 clients scorés
2025-12-22 22:10:02 - client_scoring - INFO - Logger client_scoring configuré - Fichier: /Users/taieb/Documents/GITHUB REPO/ML_banking_segmentation/logs/client_scoring_20251222.log
2025-12-22 22:10:02 - client_scoring - INFO - ClientScoringEngine initialisé - Top clients: 25.0%
2025-12-22 22:10:02 - client_scoring - INFO - Début calcul scores clients intra-cluster
2025-12-22 22:10:02 - client_scoring - INFO - Données clusterisées : (1000, 12)
2025-12-22 22:10:02 - client_scoring - INFO - Données financières : (1000, 8)
2025-12-22 22:10:02 - client_scoring - INFO - Données fusionnées : (1000, 19)
2025-12-22 22:10:02 - client_scoring - INFO - Nettoyage colonne CLUSTER_GLOBAL
2025-12-22 22:10:02 - client_scoring - INFO - Validation groupby réussie : 10 groupes
2025-12-22 22:10:02 - client_scoring - INFO - Clients clusterisés retenus : 1000
2025-12-22 22:10:02 - client_scoring - INFO - Clusters uniques : 10
2025-12-22 22:10:02 - client_scoring - INFO - Préparation données financières
2025-12-22 22:10:02 - client_scoring - INFO - Colonnes PNB disponibles : ['PNB_COLL', 'PNB_CRED', 'PNB_SERV', 'PNB_ASSU']
2025-12-22 22:10:02 - client_scoring - WARNING - Variable EP_LIQUIDE non trouvée - valeur par défaut : 0
2025-12-22 22:10:02 - client_scoring - WARNING - Variable EP_STABLE non trouvée - valeur par défaut : 0
2025-12-22 22:10:02 - client_scoring - WARNING - Variable SLD_DAV non trouvée - valeur par défaut : 0
2025-12-22 22:10:02 - client_scoring - WARNING - Variable détention CD_NOTE_UNVRS_ASSU non trouvée - valeur par défaut : 0
2025-12-22 22:10:02 - client_scoring - INFO - Variable détention CD_NOTE_UNVRS_CRED préparée
2025-12-22 22:10:02 - client_scoring - WARNING - Variable détention CD_NOTE_UNVRS_EPRGN non trouvée - valeur par défaut : 0
2025-12-22 22:10:02 - client_scoring - WARNING - Variable détention CD_NOTE_UNVRS_SERV non trouvée - valeur par défaut : 0
2025-12-22 22:10:02 - client_scoring - WARNING - Variable détention CD_NOTE_POIDS_UNVRS non trouvée - valeur par défaut : 0
2025-12-22 22:10:02 - client_scoring - INFO - Calcul pondération et normalisation PNB par cluster
2025-12-22 22:10:02 - client_scoring - INFO - Score client calculé avec 4 composantes
2025-12-22 22:10:02 - client_scoring - INFO - Calcul potentiels clients (top 25% par cluster)
2025-12-22 22:10:02 - client_scoring - INFO - Potentiels calculés basés sur 246 clients top 25%
2025-12-22 22:10:02 - client_scoring - INFO - Calcul segmentation finale
2025-12-22 22:10:02 - client_scoring - INFO - === MÉTRIQUES DE QUALITÉ SCORING ===
2025-12-22 22:10:02 - client_scoring - INFO - Clients scorés : 1,000
2025-12-22 22:10:02 - client_scoring - INFO - Clusters analysés : 10
2025-12-22 22:10:02 - client_scoring - INFO - Score client moyen : 0.538
2025-12-22 22:10:02 - client_scoring - INFO - Potentiel total : 1,961,723€
2025-12-22 22:10:02 - client_scoring - INFO - Potentiel moyen/client : 1,962€
2025-12-22 22:10:02 - client_scoring - INFO - Couverture scoring : 100.0%
2025-12-22 22:10:02 - client_scoring - INFO - Couverture potentiel : 93.1%
2025-12-22 22:10:02 - client_scoring - INFO - Distribution segments :
2025-12-22 22:10:02 - client_scoring - INFO -   - A developper: 382 clients (38.2%)
2025-12-22 22:10:02 - client_scoring - INFO -   - A stimuler: 311 clients (31.1%)
2025-12-22 22:10:02 - client_scoring - INFO -   - A construire: 251 clients (25.1%)
2025-12-22 22:10:02 - client_scoring - INFO -   - A entretenir: 56 clients (5.6%)
2025-12-22 22:10:02 - client_scoring - INFO - Top 3 clusters par potentiel moyen :
2025-12-22 22:10:02 - client_scoring - INFO -   - 53-57_C0: 3,016€ (111 clients)
2025-12-22 22:10:02 - client_scoring - INFO -   - 28-32_C0: 2,444€ (84 clients)
2025-12-22 22:10:02 - client_scoring - INFO -   - 43-47_C0: 2,403€ (139 clients)
2025-12-22 22:10:02 - client_scoring - INFO - Scoring terminé en 0.09s - 1000 clients scorés
2025-12-22 22:10:23 - client_scoring - INFO - Logger client_scoring configuré - Fichier: /Users/taieb/Documents/GITHUB REPO/ML_banking_segmentation/logs/client_scoring_20251222.log
2025-12-22 22:10:23 - client_scoring - INFO - ClientScoringEngine initialisé - Top clients: 25.0%
2025-12-22 22:10:23 - client_scoring - INFO - Début calcul scores clients intra-cluster
2025-12-22 22:10:23 - client_scoring - INFO - Données clusterisées : (1500, 12)
2025-12-22 22:10:23 - client_scoring - INFO - Données financières : (1500, 8)
2025-12-22 22:10:23 - client_scoring - INFO - Données fusionnées : (1500, 19)
2025-12-22 22:10:23 - client_scoring - INFO - Nettoyage colonne CLUSTER_GLOBAL
2025-12-22 22:10:23 - client_scoring - INFO - Validation groupby réussie : 10 groupes
2025-12-22 22:10:23 - client_scoring - INFO - Clients clusterisés retenus : 1500
2025-12-22 22:10:23 - client_scoring - INFO - Clusters uniques : 10
2025-12-22 22:10:23 - client_scoring - INFO - Préparation données financières
2025-12-22 22:10:23 - client_scoring - INFO - Colonnes PNB disponibles : ['PNB_COLL', 'PNB_CRED', 'PNB_SERV', 'PNB_ASSU']
2025-12-22 22:10:23 - client_scoring - WARNING - Variable EP_LIQUIDE non trouvée - valeur par défaut : 0
2025-12-22 22:10:23 - client_scoring - WARNING - Variable EP_STABLE non trouvée - valeur par défaut : 0
2025-12-22 22:10:23 - client_scoring - WARNING - Variable SLD_DAV non trouvée - valeur par défaut : 0
2025-12-22 22:10:23 - client_scoring - WARNING - Variable détention CD_NOTE_UNVRS_ASSU non trouvée - valeur par défaut : 0
2025-12-22 22:10:23 - client_scoring - INFO - Variable détention CD_NOTE_UNVRS_CRED préparée
2025-12-22 22:10:23 - client_scoring - WARNING - Variable détention CD_NOTE_UNVRS_EPRGN non trouvée - valeur par défaut : 0
2025-12-22 22:10:23 - client_scoring - WARNING - Variable détention CD_NOTE_UNVRS_SERV non trouvée - valeur par défaut : 0
2025-12-22 22:10:23 - client_scoring - WARNING - Variable détention CD_NOTE_POIDS_UNVRS non trouvée - valeur par défaut : 0
2025-12-22 22:10:23 - client_scoring - INFO - Calcul pondération et normalisation PNB par cluster
2025-12-22 22:10:24 - client_scoring - INFO - Score client calculé avec 4 composantes
2025-12-22 22:10:24 - client_scoring - INFO - Calcul potentiels clients (top 25% par cluster)
2025-12-22 22:10:24 - client_scoring - INFO - Potentiels calculés basés sur 372 clients top 25%
2025-12-22 22:10:24 - client_scoring - INFO - Calcul segmentation finale
2025-12-22 22:10:24 - client_scoring - INFO - === MÉTRIQUES DE QUALITÉ SCORING ===
2025-12-22 22:10:24 - client_scoring - INFO - Clients scorés : 1,500
2025-12-22 22:10:24 - client_scoring - INFO - Clusters analysés : 10
2025-12-22 22:10:24 - client_scoring - INFO - Score client moyen : 0.549
2025-12-22 22:10:24 - client_scoring - INFO - Potentiel total : 3,630,108€
2025-12-22 22:10:24 - client_scoring - INFO - Potentiel moyen/client : 2,420€
2025-12-22 22:10:24 - client_scoring - INFO - Couverture scoring : 100.0%
2025-12-22 22:10:24 - client_scoring - INFO - Couverture potentiel : 95.2%
2025-12-22 22:10:24 - client_scoring - INFO - Distribution segments :
2025-12-22 22:10:24 - client_scoring - INFO -   - A developper: 561 clients (37.4%)
2025-12-22 22:10:24 - client_scoring - INFO -   - A stimuler: 460 clients (30.7%)
2025-12-22 22:10:24 - client_scoring - INFO -   - A construire: 376 clients (25.1%)
2025-12-22 22:10:24 - client_scoring - INFO -   - A entretenir: 103 clients (6.9%)
2025-12-22 22:10:24 - client_scoring - INFO - Top 3 clusters par potentiel moyen :
2025-12-22 22:10:24 - client_scoring - INFO -   - 33-37_C0: 2,830€ (162 clients)
2025-12-22 22:10:24 - client_scoring - INFO -   - 43-47_C0: 2,825€ (193 clients)
2025-12-22 22:10:24 - client_scoring - INFO -   - 63+_C0: 2,781€ (160 clients)
2025-12-22 22:10:24 - client_scoring - INFO - Scoring terminé en 0.18s - 1500 clients scorés
2025-12-22 22:10:24 - client_scoring - INFO - ClientScoringEngine initialisé - Top clients: 25.0%
2025-12-22 22:10:24 - client_scoring - INFO - Début calcul scores clients intra-cluster
2025-12-22 22:10:24 - client_scoring - INFO - Données clusterisées : (1500, 12)
2025-12-22 22:10:24 - client_scoring - INFO - Données financières : (1500, 8)
2025-12-22 22:10:24 - client_scoring - INFO - Données fusionnées : (1500, 19)
2025-12-22 22:10:24 - client_scoring - INFO - Nettoyage colonne CLUSTER_GLOBAL
2025-12-22 22:10:24 - client_scoring - INFO - Validation groupby réussie : 10 groupes
2025-12-22 22:10:24 - client_scoring - INFO - Clients clusterisés retenus : 1500
2025-12-22 22:10:24 - client_scoring - INFO - Clusters uniques : 10
2025-12-22 22:10:24 - client_scoring - INFO - Préparation données financières
2025-12-22 22:10:24 - client_scoring - INFO - Colonnes PNB disponibles : ['PNB_COLL', 'PNB_CRED', 'PNB_SERV', 'PNB_ASSU']
2025-12-22 22:10:24 - client_scoring - WARNING - Variable EP_LIQUIDE non trouvée - valeur par défaut : 0
2025-12-22 22:10:24 - client_scoring - WARNING - Variable EP_STABLE non trouvée - valeur par défaut : 0
2025-12-22 22:10:24 - client_scoring - WARNING - Variable SLD_DAV non trouvée - valeur par défaut : 0
2025-12-22 22:10:24 - client_scoring - WARNING - Variable détention CD_NOTE_UNVRS_ASSU non trouvée - valeur par défaut : 0
2025-12-22 22:10:24 - client_scoring - INFO - Variable détention CD_NOTE_UNVRS_CRED préparée
2025-12-22 22:10:24 - client_scoring - WARNING - Variable détention CD_NOTE_UNVRS_EPRGN non trouvée - valeur par défaut : 0
2025-12-22 22:10:24 - client_scoring - WARNING - Variable détention CD_NOTE_UNVRS_SERV non trouvée - valeur par défaut : 0
2025-12-22 22:10:24 - client_scoring - WARNING - Variable détention CD_NOTE_POIDS_UNVRS non trouvée - valeur par défaut : 0
2025-12-22 22:10:24 - client_scoring - INFO - Calcul pondération et normalisation PNB par cluster
2025-12-22 22:10:24 - client_scoring - INFO - Score client calculé avec 4 composantes
2025-12-22 22:10:24 - client_scoring - INFO - Calcul potentiels clients (top 25% par cluster)
2025-12-22 22:10:24 - client_scoring - INFO - Potentiels calculés basés sur 372 clients top 25%
2025-12-22 22:10:24 - client_scoring - INFO - Calcul segmentation finale
2025-12-22 22:10:24 - client_scoring - INFO - === MÉTRIQUES DE QUALITÉ SCORING ===
2025-12-22 22:10:24 - client_scoring - INFO - Clients scorés : 1,500
2025-12-22 22:10:24 - client_scoring - INFO - Clusters analysés : 10
2025-12-22 22:10:24 - client_scoring - INFO - Score client moyen : 0.549
2025-12-22 22:10:24 - client_scoring - INFO - Potentiel total : 3,630,108€
2025-12-22 22:10:24 - client_scoring - INFO - Potentiel moyen/client : 2,420€
2025-12-22 22:10:24 - client_scoring - INFO - Couverture scoring : 100.0%
2025-12-22 22:10:24 - client_scoring - INFO - Couverture potentiel : 95.2%
2025-12-22 22:10:24 - client_scoring - INFO - Distribution segments :
2025-12-22 22:10:24 - client_scoring - INFO -   - A developper: 561 clients (37.4%)
2025-12-22 22:10:24 - client_scoring - INFO -   - A stimuler: 460 clients (30.7%)
2025-12-22 22:10:24 - client_scoring - INFO -   - A construire: 376 clients (25.1%)
2025-12-22 22:10:24 - client_scoring - INFO -   - A entretenir: 103 clients (6.9%)
2025-12-22 22:10:24 - client_scoring - INFO - Top 3 clusters par potentiel moyen :
2025-12-22 22:10:24 - client_scoring - INFO -   - 33-37_C0: 2,830€ (162 clients)
2025-12-22 22:10:24 - client_scoring - INFO -   - 43-47_C0: 2,825€ (193 clients)
2025-12-22 22:10:24 - client_scoring - INFO -   - 63+_C0: 2,781€ (160 clients)
2025-12-22 22:10:24 - client_scoring - INFO - Scoring terminé en 0.09s - 1500 clients scorés
2025-12-22 22:10:24 - client_scoring - INFO - ClientScoringEngine initialisé - Top clients: 25.0%
2025-12-22 22:10:24 - client_scoring - INFO - Début calcul scores clients intra-cluster
2025-12-22 22:10:24 - client_scoring - INFO - Données clusterisées : (1500, 12)
2025-12-22 22:10:24 - client_scoring - INFO - Données financières : (1500, 8)
2025-12-22 22:10:24 - client_scoring - INFO - Données fusionnées : (1500, 19)
2025-12-22 22:10:24 - client_scoring - INFO - Nettoyage colonne CLUSTER_GLOBAL
2025-12-22 22:10:24 - client_scoring - INFO - Validation groupby réussie : 10 groupes
2025-12-22 22:10:24 - client_scoring - INFO - Clients clusterisés retenus : 1500
2025-12-22 22:10:24 - client_scoring - INFO - Clusters uniques : 10
2025-12-22 22:10:24 - client_scoring - INFO - Préparation données financières
2025-12-22 22:10:24 - client_scoring - INFO - Colonnes PNB disponibles : ['PNB_COLL', 'PNB_CRED', 'PNB_SERV', 'PNB_ASSU']
2025-12-22 22:10:24 - client_scoring - WARNING - Variable EP_LIQUIDE non trouvée - valeur par défaut : 0
2025-12-22 22:10:24 - client_scoring - WARNING - Variable EP_STABLE non trouvée - valeur par défaut : 0
2025-12-22 22:10:24 - client_scoring - WARNING - Variable SLD_DAV non trouvée - valeur par défaut : 0
2025-12-22 22:10:24 - client_scoring - WARNING - Variable détention CD_NOTE_UNVRS_ASSU non trouvée - valeur par défaut : 0
2025-12-22 22:10:24 - client_scoring - INFO - Variable détention CD_NOTE_UNVRS_CRED préparée
2025-12-22 22:10:24 - client_scoring - WARNING - Variable détention CD_NOTE_UNVRS_EPRGN non trouvée - valeur par défaut : 0
2025-12-22 22:10:24 - client_scoring - WARNING - Variable détention CD_NOTE_UNVRS_SERV non trouvée - valeur par défaut : 0
2025-12-22 22:10:24 - client_scoring - WARNING - Variable détention CD_NOTE_POIDS_UNVRS non trouvée - valeur par défaut : 0
2025-12-22 22:10:24 - client_scoring - INFO - Calcul pondération et normalisation PNB par cluster
2025-12-22 22:10:24 - client_scoring - INFO - Score client calculé avec 4 composantes
2025-12-22 22:10:24 - client_scoring - INFO - Calcul potentiels clients (top 25% par cluster)
2025-12-22 22:10:24 - client_scoring - INFO - Potentiels calculés basés sur 372 clients top 25%
2025-12-22 22:10:24 - client_scoring - INFO - Calcul segmentation finale
2025-12-22 22:10:24 - client_scoring - INFO - === MÉTRIQUES DE QUALITÉ SCORING ===
2025-12-22 22:10:24 - client_scoring - INFO - Clients scorés : 1,500
2025-12-22 22:10:24 - client_scoring - INFO - Clusters analysés : 10
2025-12-22 22:10:24 - client_scoring - INFO - Score client moyen : 0.549
2025-12-22 22:10:24 - client_scoring - INFO - Potentiel total : 3,630,108€
2025-12-22 22:10:24 - client_scoring - INFO - Potentiel moyen/client : 2,420€
2025-12-22 22:10:24 - client_scoring - INFO - Couverture scoring : 100.0%
2025-12-22 22:10:24 - client_scoring - INFO - Couverture potentiel : 95.2%
2025-12-22 22:10:24 - client_scoring - INFO - Distribution segments :
2025-12-22 22:10:24 - client_scoring - INFO -   - A developper: 561 clients (37.4%)
2025-12-22 22:10:24 - client_scoring - INFO -   - A stimuler: 460 clients (30.7%)
2025-12-22 22:10:24 - client_scoring - INFO -   - A construire: 376 clients (25.1%)
2025-12-22 22:10:24 - client_scoring - INFO -   - A entretenir: 103 clients (6.9%)
2025-12-22 22:10:24 - client_scoring - INFO - Top 3 clusters par potentiel moyen :
2025-12-22 22:10:24 - client_scoring - INFO -   - 33-37_C0: 2,830€ (162 clients)
2025-12-22 22:10:24 - client_scoring - INFO -   - 43-47_C0: 2,825€ (193 clients)
2025-12-22 22:10:24 - client_scoring - INFO -   - 63+_C0: 2,781€ (160 clients)
2025-12-22 22:10:24 - client_scoring - INFO - Scoring terminé en 0.09s - 1500 clients scorés
2025-12-22 22:10:24 - client_scoring - INFO - ClientScoringEngine initialisé - Top clients: 25.0%
2025-12-22 22:10:24 - client_scoring - INFO - ClientScoringEngine initialisé - Top clients: 25.0%
2025-12-22 22:10:24 - client_scoring - INFO - Début calcul scores clients intra-cluster
2025-12-22 22:10:24 - client_scoring - INFO - Données clusterisées : (1500, 12)
2025-12-22 22:10:24 - client_scoring - INFO - Données financières : (1500, 8)
2025-12-22 22:10:24 - client_scoring - INFO - Données fusionnées : (1500, 19)
2025-12-22 22:10:24 - client_scoring - INFO - Nettoyage colonne CLUSTER_GLOBAL
2025-12-22 22:10:24 - client_scoring - INFO - Validation groupby réussie : 10 groupes
2025-12-22 22:10:24 - client_scoring - INFO - Clients clusterisés retenus : 1500
2025-12-22 22:10:24 - client_scoring - INFO - Clusters uniques : 10
2025-12-22 22:10:24 - client_scoring - INFO - Préparation données financières
2025-12-22 22:10:24 - client_scoring - INFO - Colonnes PNB disponibles : ['PNB_COLL', 'PNB_CRED', 'PNB_SERV', 'PNB_ASSU']
2025-12-22 22:10:24 - client_scoring - WARNING - Variable EP_LIQUIDE non trouvée - valeur par défaut : 0
2025-12-22 22:10:24 - client_scoring - WARNING - Variable EP_STABLE non trouvée - valeur par défaut : 0
2025-12-22 22:10:24 - client_scoring - WARNING - Variable SLD_DAV non trouvée - valeur par défaut : 0
2025-12-22 22:10:24 - client_scoring - WARNING - Variable détention CD_NOTE_UNVRS_ASSU non trouvée - valeur par défaut : 0
2025-12-22 22:10:24 - client_scoring - INFO - Variable détention CD_NOTE_UNVRS_CRED préparée
2025-12-22 22:10:24 - client_scoring - WARNING - Variable détention CD_NOTE_UNVRS_EPRGN non trouvée - valeur par défaut : 0
2025-12-22 22:10:24 - client_scoring - WARNING - Variable détention CD_NOTE_UNVRS_SERV non trouvée - valeur par défaut : 0
2025-12-22 22:10:24 - client_scoring - WARNING - Variable détention CD_NOTE_POIDS_UNVRS non trouvée - valeur par défaut : 0
2025-12-22 22:10:24 - client_scoring - INFO - Calcul pondération et normalisation PNB par cluster
2025-12-22 22:10:24 - client_scoring - INFO - Score client calculé avec 4 composantes
2025-12-22 22:10:24 - client_scoring - INFO - Calcul potentiels clients (top 25% par cluster)
2025-12-22 22:10:24 - client_scoring - INFO - Potentiels calculés basés sur 372 clients top 25%
2025-12-22 22:10:24 - client_scoring - INFO - Calcul segmentation finale
2025-12-22 22:10:24 - client_scoring - INFO - === MÉTRIQUES DE QUALITÉ SCORING ===
2025-12-22 22:10:24 - client_scoring - INFO - Clients scorés : 1,500
2025-12-22 22:10:24 - client_scoring - INFO - Clusters analysés : 10
2025-12-22 22:10:24 - client_scoring - INFO - Score client moyen : 0.549
2025-12-22 22:10:24 - client_scoring - INFO - Potentiel total : 3,630,108€
2025-12-22 22:10:24 - client_scoring - INFO - Potentiel moyen/client : 2,420€
2025-12-22 22:10:24 - client_scoring - INFO - Couverture scoring : 100.0%
2025-12-22 22:10:24 - client_scoring - INFO - Couverture potentiel : 95.2%
2025-12-22 22:10:24 - client_scoring - INFO - Distribution segments :
2025-12-22 22:10:24 - client_scoring - INFO -   - A developper: 561 clients (37.4%)
2025-12-22 22:10:24 - client_scoring - INFO -   - A stimuler: 460 clients (30.7%)
2025-12-22 22:10:24 - client_scoring - INFO -   - A construire: 376 clients (25.1%)
2025-12-22 22:10:24 - client_scoring - INFO -   - A entretenir: 103 clients (6.9%)
2025-12-22 22:10:24 - client_scoring - INFO - Top 3 clusters par potentiel moyen :
2025-12-22 22:10:24 - client_scoring - INFO -   - 33-37_C0: 2,830€ (162 clients)
2025-12-22 22:10:24 - client_scoring - INFO -   - 43-47_C0: 2,825€ (193 clients)
2025-12-22 22:10:24 - client_scoring - INFO -   - 63+_C0: 2,781€ (160 clients)
2025-12-22 22:10:24 - client_scoring - INFO - Scoring terminé en 0.09s - 1500 clients scorés
2025-12-22 22:10:24 - client_scoring - INFO - ClientScoringEngine initialisé - Top clients: 25.0%
2025-12-22 22:10:24 - client_scoring - INFO - Début calcul scores clients intra-cluster
2025-12-22 22:10:24 - client_scoring - INFO - Données clusterisées : (1500, 12)
2025-12-22 22:10:24 - client_scoring - INFO - Données financières : (1500, 8)
2025-12-22 22:10:24 - client_scoring - INFO - Données fusionnées : (1500, 19)
2025-12-22 22:10:24 - client_scoring - INFO - Nettoyage colonne CLUSTER_GLOBAL
2025-12-22 22:10:24 - client_scoring - INFO - Validation groupby réussie : 10 groupes
2025-12-22 22:10:24 - client_scoring - INFO - Clients clusterisés retenus : 1500
2025-12-22 22:10:24 - client_scoring - INFO - Clusters uniques : 10
2025-12-22 22:10:24 - client_scoring - INFO - Préparation données financières
2025-12-22 22:10:24 - client_scoring - INFO - Colonnes PNB disponibles : ['PNB_COLL', 'PNB_CRED', 'PNB_SERV', 'PNB_ASSU']
2025-12-22 22:10:24 - client_scoring - WARNING - Variable EP_LIQUIDE non trouvée - valeur par défaut : 0
2025-12-22 22:10:24 - client_scoring - WARNING - Variable EP_STABLE non trouvée - valeur par défaut : 0
2025-12-22 22:10:24 - client_scoring - WARNING - Variable SLD_DAV non trouvée - valeur par défaut : 0
2025-12-22 22:10:24 - client_scoring - WARNING - Variable détention CD_NOTE_UNVRS_ASSU non trouvée - valeur par défaut : 0
2025-12-22 22:10:24 - client_scoring - INFO - Variable détention CD_NOTE_UNVRS_CRED préparée
2025-12-22 22:10:24 - client_scoring - WARNING - Variable détention CD_NOTE_UNVRS_EPRGN non trouvée - valeur par défaut : 0
2025-12-22 22:10:24 - client_scoring - WARNING - Variable détention CD_NOTE_UNVRS_SERV non trouvée - valeur par défaut : 0
2025-12-22 22:10:24 - client_scoring - WARNING - Variable détention CD_NOTE_POIDS_UNVRS non trouvée - valeur par défaut : 0
2025-12-22 22:10:24 - client_scoring - INFO - Calcul pondération et normalisation PNB par cluster
2025-12-22 22:10:24 - client_scoring - INFO - Score client calculé avec 4 composantes
2025-12-22 22:10:24 - client_scoring - INFO - Calcul potentiels clients (top 25% par cluster)
2025-12-22 22:10:24 - client_scoring - INFO - Potentiels calculés basés sur 372 clients top 25%
2025-12-22 22:10:24 - client_scoring - INFO - Calcul segmentation finale
2025-12-22 22:10:24 - client_scoring - INFO - === MÉTRIQUES DE QUALITÉ SCORING ===
2025-12-22 22:10:24 - client_scoring - INFO - Clients scorés : 1,500
2025-12-22 22:10:24 - client_scoring - INFO - Clusters analysés : 10
2025-12-22 22:10:24 - client_scoring - INFO - Score client moyen : 0.549
2025-12-22 22:10:24 - client_scoring - INFO - Potentiel total : 3,630,108€
2025-12-22 22:10:24 - client_scoring - INFO - Potentiel moyen/client : 2,420€
2025-12-22 22:10:24 - client_scoring - INFO - Couverture scoring : 100.0%
2025-12-22 22:10:24 - client_scoring - INFO - Couverture potentiel : 95.2%
2025-12-22 22:10:24 - client_scoring - INFO - Distribution segments :
2025-12-22 22:10:24 - client_scoring - INFO -   - A developper: 561 clients (37.4%)
2025-12-22 22:10:24 - client_scoring - INFO -   - A stimuler: 460 clients (30.7%)
2025-12-22 22:10:24 - client_scoring - INFO -   - A construire: 376 clients (25.1%)
2025-12-22 22:10:24 - client_scoring - INFO -   - A entretenir: 103 clients (6.9%)
2025-12-22 22:10:24 - client_scoring - INFO - Top 3 clusters par potentiel moyen :
2025-12-22 22:10:24 - client_scoring - INFO -   - 33-37_C0: 2,830€ (162 clients)
2025-12-22 22:10:24 - client_scoring - INFO -   - 43-47_C0: 2,825€ (193 clients)
2025-12-22 22:10:24 - client_scoring - INFO -   - 63+_C0: 2,781€ (160 clients)
2025-12-22 22:10:24 - client_scoring - INFO - Scoring terminé en 0.09s - 1500 clients scorés
2025-12-22 22:10:24 - client_scoring - INFO - ClientScoringEngine initialisé - Top clients: 25.0%
2025-12-22 22:10:24 - client_scoring - INFO - Début calcul scores clients intra-cluster
2025-12-22 22:10:24 - client_scoring - INFO - Données clusterisées : (1500, 12)
2025-12-22 22:10:24 - client_scoring - INFO - Données financières : (1500, 8)
2025-12-22 22:10:24 - client_scoring - INFO - Données fusionnées : (1500, 19)
2025-12-22 22:10:24 - client_scoring - INFO - Nettoyage colonne CLUSTER_GLOBAL
2025-12-22 22:10:24 - client_scoring - INFO - Validation groupby réussie : 10 groupes
2025-12-22 22:10:24 - client_scoring - INFO - Clients clusterisés retenus : 1500
2025-12-22 22:10:24 - client_scoring - INFO - Clusters uniques : 10
2025-12-22 22:10:24 - client_scoring - INFO - Préparation données financières
2025-12-22 22:10:24 - client_scoring - INFO - Colonnes PNB disponibles : ['PNB_COLL', 'PNB_CRED', 'PNB_SERV', 'PNB_ASSU']
2025-12-22 22:10:24 - client_scoring - WARNING - Variable EP_LIQUIDE non trouvée - valeur par défaut : 0
2025-12-22 22:10:24 - client_scoring - WARNING - Variable EP_STABLE non trouvée - valeur par défaut : 0
2025-12-22 22:10:24 - client_scoring - WARNING - Variable SLD_DAV non trouvée - valeur par défaut : 0
2025-12-22 22:10:24 - client_scoring - WARNING - Variable détention CD_NOTE_UNVRS_ASSU non trouvée - valeur par défaut : 0
2025-12-22 22:10:24 - client_scoring - INFO - Variable détention CD_NOTE_UNVRS_CRED préparée
2025-12-22 22:10:24 - client_scoring - WARNING - Variable détention CD_NOTE_UNVRS_EPRGN non trouvée - valeur par défaut : 0
2025-12-22 22:10:24 - client_scoring - WARNING - Variable détention CD_NOTE_UNVRS_SERV non trouvée - valeur par défaut : 0
2025-12-22 22:10:24 - client_scoring - WARNING - Variable détention CD_NOTE_POIDS_UNVRS non trouvée - valeur par défaut : 0
2025-12-22 22:10:24 - client_scoring - INFO - Calcul pondération et normalisation PNB par cluster
2025-12-22 22:10:24 - client_scoring - INFO - Score client calculé avec 4 composantes
2025-12-22 22:10:24 - client_scoring - INFO - Calcul potentiels clients (top 25% par cluster)
2025-12-22 22:10:24 - client_scoring - INFO - Potentiels calculés basés sur 372 clients top 25%
2025-12-22 22:10:24 - client_scoring - INFO - Calcul segmentation finale
2025-12-22 22:10:24 - client_scoring - INFO - === MÉTRIQUES DE QUALITÉ SCORING ===
2025-12-22 22:10:24 - client_scoring - INFO - Clients scorés : 1,500
2025-12-22 22:10:24 - client_scoring - INFO - Clusters analysés : 10
2025-12-22 22:10:24 - client_scoring - INFO - Score client moyen : 0.549
2025-12-22 22:10:24 - client_scoring - INFO - Potentiel total : 3,630,108€
2025-12-22 22:10:24 - client_scoring - INFO - Potentiel moyen/client : 2,420€
2025-12-22 22:10:24 - client_scoring - INFO - Couverture scoring : 100.0%
2025-12-22 22:10:24 - client_scoring - INFO - Couverture potentiel : 95.2%
2025-12-22 22:10:24 - client_scoring - INFO - Distribution segments :
2025-12-22 22:10:24 - client_scoring - INFO -   - A developper: 561 clients (37.4%)
2025-12-22 22:10:24 - client_scoring - INFO -   - A stimuler: 460 clients (30.7%)
2025-12-22 22:10:24 - client_scoring - INFO -   - A construire: 376 clients (25.1%)
2025-12-22 22:10:24 - client_scoring - INFO -   - A entretenir: 103 clients (6.9%)
2025-12-22 22:10:24 - client_scoring - INFO - Top 3 clusters par potentiel moyen :
2025-12-22 22:10:24 - client_scoring - INFO -   - 33-37_C0: 2,830€ (162 clients)
2025-12-22 22:10:24 - client_scoring - INFO -   - 43-47_C0: 2,825€ (193 clients)
2025-12-22 22:10:24 - client_scoring - INFO -   - 63+_C0: 2,781€ (160 clients)
2025-12-22 22:10:24 - client_scoring - INFO - Scoring terminé en 0.09s - 1500 clients scorés
2025-12-22 22:10:25 - client_scoring - INFO - ClientScoringEngine initialisé - Top clients: 25.0%
2025-12-22 22:10:25 - client_scoring - INFO - Début calcul scores clients intra-cluster
2025-12-22 22:10:25 - client_scoring - INFO - Données clusterisées : (2000, 12)
2025-12-22 22:10:25 - client_scoring - INFO - Données financières : (2000, 8)
2025-12-22 22:10:25 - client_scoring - INFO - Données fusionnées : (2000, 19)
2025-12-22 22:10:25 - client_scoring - INFO - Nettoyage colonne CLUSTER_GLOBAL
2025-12-22 22:10:25 - client_scoring - INFO - Validation groupby réussie : 10 groupes
2025-12-22 22:10:25 - client_scoring - INFO - Clients clusterisés retenus : 2000
2025-12-22 22:10:25 - client_scoring - INFO - Clusters uniques : 10
2025-12-22 22:10:25 - client_scoring - INFO - Préparation données financières
2025-12-22 22:10:25 - client_scoring - INFO - Colonnes PNB disponibles : ['PNB_COLL', 'PNB_CRED', 'PNB_SERV', 'PNB_ASSU']
2025-12-22 22:10:25 - client_scoring - WARNING - Variable EP_LIQUIDE non trouvée - valeur par défaut : 0
2025-12-22 22:10:25 - client_scoring - WARNING - Variable EP_STABLE non trouvée - valeur par défaut : 0
2025-12-22 22:10:25 - client_scoring - WARNING - Variable SLD_DAV non trouvée - valeur par défaut : 0
2025-12-22 22:10:25 - client_scoring - WARNING - Variable détention CD_NOTE_UNVRS_ASSU non trouvée - valeur par défaut : 0
2025-12-22 22:10:25 - client_scoring - INFO - Variable détention CD_NOTE_UNVRS_CRED préparée
2025-12-22 22:10:25 - client_scoring - WARNING - Variable détention CD_NOTE_UNVRS_EPRGN non trouvée - valeur par défaut : 0
2025-12-22 22:10:25 - client_scoring - WARNING - Variable détention CD_NOTE_UNVRS_SERV non trouvée - valeur par défaut : 0
2025-12-22 22:10:25 - client_scoring - WARNING - Variable détention CD_NOTE_POIDS_UNVRS non trouvée - valeur par défaut : 0
2025-12-22 22:10:25 - client_scoring - INFO - Calcul pondération et normalisation PNB par cluster
2025-12-22 22:10:25 - client_scoring - INFO - Score client calculé avec 4 composantes
2025-12-22 22:10:25 - client_scoring - INFO - Calcul potentiels clients (top 25% par cluster)
2025-12-22 22:10:25 - client_scoring - INFO - Potentiels calculés basés sur 495 clients top 25%
2025-12-22 22:10:25 - client_scoring - INFO - Calcul segmentation finale
2025-12-22 22:10:25 - client_scoring - INFO - === MÉTRIQUES DE QUALITÉ SCORING ===
2025-12-22 22:10:25 - client_scoring - INFO - Clients scorés : 2,000
2025-12-22 22:10:25 - client_scoring - INFO - Clusters analysés : 10
2025-12-22 22:10:25 - client_scoring - INFO - Score client moyen : 0.564
2025-12-22 22:10:25 - client_scoring - INFO - Potentiel total : 4,029,085€
2025-12-22 22:10:25 - client_scoring - INFO - Potentiel moyen/client : 2,015€
2025-12-22 22:10:25 - client_scoring - INFO - Couverture scoring : 100.0%
2025-12-22 22:10:25 - client_scoring - INFO - Couverture potentiel : 94.8%
2025-12-22 22:10:25 - client_scoring - INFO - Distribution segments :
2025-12-22 22:10:25 - client_scoring - INFO -   - A developper: 758 clients (37.9%)
2025-12-22 22:10:25 - client_scoring - INFO -   - A stimuler: 611 clients (30.6%)
2025-12-22 22:10:25 - client_scoring - INFO -   - A construire: 502 clients (25.1%)
2025-12-22 22:10:25 - client_scoring - INFO -   - A entretenir: 129 clients (6.5%)
2025-12-22 22:10:25 - client_scoring - INFO - Top 3 clusters par potentiel moyen :
2025-12-22 22:10:25 - client_scoring - INFO -   - 53-57_C0: 2,666€ (211 clients)
2025-12-22 22:10:25 - client_scoring - INFO -   - 48-52_C0: 2,198€ (257 clients)
2025-12-22 22:10:25 - client_scoring - INFO -   - 58-62_C0: 2,172€ (163 clients)
2025-12-22 22:10:25 - client_scoring - INFO - Scoring terminé en 0.10s - 2000 clients scorés
2025-12-22 22:10:26 - client_scoring - INFO - ClientScoringEngine initialisé - Top clients: 25.0%
2025-12-22 22:10:26 - client_scoring - INFO - Début calcul scores clients intra-cluster
2025-12-22 22:10:26 - client_scoring - INFO - Données clusterisées : (2000, 12)
2025-12-22 22:10:26 - client_scoring - INFO - Données financières : (2000, 8)
2025-12-22 22:10:26 - client_scoring - INFO - Données fusionnées : (2000, 19)
2025-12-22 22:10:26 - client_scoring - INFO - Nettoyage colonne CLUSTER_GLOBAL
2025-12-22 22:10:26 - client_scoring - INFO - Validation groupby réussie : 10 groupes
2025-12-22 22:10:26 - client_scoring - INFO - Clients clusterisés retenus : 2000
2025-12-22 22:10:26 - client_scoring - INFO - Clusters uniques : 10
2025-12-22 22:10:26 - client_scoring - INFO - Préparation données financières
2025-12-22 22:10:26 - client_scoring - INFO - Colonnes PNB disponibles : ['PNB_COLL', 'PNB_CRED', 'PNB_SERV', 'PNB_ASSU']
2025-12-22 22:10:26 - client_scoring - WARNING - Variable EP_LIQUIDE non trouvée - valeur par défaut : 0
2025-12-22 22:10:26 - client_scoring - WARNING - Variable EP_STABLE non trouvée - valeur par défaut : 0
2025-12-22 22:10:26 - client_scoring - WARNING - Variable SLD_DAV non trouvée - valeur par défaut : 0
2025-12-22 22:10:26 - client_scoring - WARNING - Variable détention CD_NOTE_UNVRS_ASSU non trouvée - valeur par défaut : 0
2025-12-22 22:10:26 - client_scoring - INFO - Variable détention CD_NOTE_UNVRS_CRED préparée
2025-12-22 22:10:26 - client_scoring - WARNING - Variable détention CD_NOTE_UNVRS_EPRGN non trouvée - valeur par défaut : 0
2025-12-22 22:10:26 - client_scoring - WARNING - Variable détention CD_NOTE_UNVRS_SERV non trouvée - valeur par défaut : 0
2025-12-22 22:10:26 - client_scoring - WARNING - Variable détention CD_NOTE_POIDS_UNVRS non trouvée - valeur par défaut : 0
2025-12-22 22:10:26 - client_scoring - INFO - Calcul pondération et normalisation PNB par cluster
2025-12-22 22:10:26 - client_scoring - INFO - Score client calculé avec 4 composantes
2025-12-22 22:10:26 - client_scoring - INFO - Calcul potentiels clients (top 25% par cluster)
2025-12-22 22:10:26 - client_scoring - INFO - Potentiels calculés basés sur 495 clients top 25%
2025-12-22 22:10:26 - client_scoring - INFO - Calcul segmentation finale
2025-12-22 22:10:26 - client_scoring - INFO - === MÉTRIQUES DE QUALITÉ SCORING ===
2025-12-22 22:10:26 - client_scoring - INFO - Clients scorés : 2,000
2025-12-22 22:10:26 - client_scoring - INFO - Clusters analysés : 10
2025-12-22 22:10:26 - client_scoring - INFO - Score client moyen : 0.564
2025-12-22 22:10:26 - client_scoring - INFO - Potentiel total : 4,029,085€
2025-12-22 22:10:26 - client_scoring - INFO - Potentiel moyen/client : 2,015€
2025-12-22 22:10:26 - client_scoring - INFO - Couverture scoring : 100.0%
2025-12-22 22:10:26 - client_scoring - INFO - Couverture potentiel : 94.8%
2025-12-22 22:10:26 - client_scoring - INFO - Distribution segments :
2025-12-22 22:10:26 - client_scoring - INFO -   - A developper: 758 clients (37.9%)
2025-12-22 22:10:26 - client_scoring - INFO -   - A stimuler: 611 clients (30.6%)
2025-12-22 22:10:26 - client_scoring - INFO -   - A construire: 502 clients (25.1%)
2025-12-22 22:10:26 - client_scoring - INFO -   - A entretenir: 129 clients (6.5%)
2025-12-22 22:10:26 - client_scoring - INFO - Top 3 clusters par potentiel moyen :
2025-12-22 22:10:26 - client_scoring - INFO -   - 53-57_C0: 2,666€ (211 clients)
2025-12-22 22:10:26 - client_scoring - INFO -   - 48-52_C0: 2,198€ (257 clients)
2025-12-22 22:10:26 - client_scoring - INFO -   - 58-62_C0: 2,172€ (163 clients)
2025-12-22 22:10:26 - client_scoring - INFO - Scoring terminé en 0.11s - 2000 clients scorés
2025-12-22 22:10:26 - client_scoring - INFO - ClientScoringEngine initialisé - Top clients: 25.0%
2025-12-22 22:10:26 - client_scoring - INFO - Début calcul scores clients intra-cluster
2025-12-22 22:10:26 - client_scoring - INFO - Données clusterisées : (2000, 12)
2025-12-22 22:10:26 - client_scoring - INFO - Données financières : (2000, 8)
2025-12-22 22:10:26 - client_scoring - INFO - Données fusionnées : (2000, 19)
2025-12-22 22:10:26 - client_scoring - INFO - Nettoyage colonne CLUSTER_GLOBAL
2025-12-22 22:10:26 - client_scoring - INFO - Validation groupby réussie : 10 groupes
2025-12-22 22:10:26 - client_scoring - INFO - Clients clusterisés retenus : 2000
2025-12-22 22:10:26 - client_scoring - INFO - Clusters uniques : 10
2025-12-22 22:10:26 - client_scoring - INFO - Préparation données financières
2025-12-22 22:10:26 - client_scoring - INFO - Colonnes PNB disponibles : ['PNB_COLL', 'PNB_CRED', 'PNB_SERV', 'PNB_ASSU']
2025-12-22 22:10:26 - client_scoring - WARNING - Variable EP_LIQUIDE non trouvée - valeur par défaut : 0
2025-12-22 22:10:26 - client_scoring - WARNING - Variable EP_STABLE non trouvée - valeur par défaut : 0
2025-12-22 22:10:26 - client_scoring - WARNING - Variable SLD_DAV non trouvée - valeur par défaut : 0
2025-12-22 22:10:26 - client_scoring - WARNING - Variable détention CD_NOTE_UNVRS_ASSU non trouvée - valeur par défaut : 0
2025-12-22 22:10:26 - client_scoring - INFO - Variable détention CD_NOTE_UNVRS_CRED préparée
2025-12-22 22:10:26 - client_scoring - WARNING - Variable détention CD_NOTE_UNVRS_EPRGN non trouvée - valeur par défaut : 0
2025-12-22 22:10:26 - client_scoring - WARNING - Variable détention CD_NOTE_UNVRS_SERV non trouvée - valeur par défaut : 0
2025-12-22 22:10:26 - client_scoring - WARNING - Variable détention CD_NOTE_POIDS_UNVRS non trouvée - valeur par défaut : 0
2025-12-22 22:10:26 - client_scoring - INFO - Calcul pondération et normalisation PNB par cluster
2025-12-22 22:10:26 - client_scoring - INFO - Score client calculé avec 4 composantes
2025-12-22 22:10:26 - client_scoring - INFO - Calcul potentiels clients (top 25% par cluster)
2025-12-22 22:10:26 - client_scoring - INFO - Potentiels calculés basés sur 495 clients top 25%
2025-12-22 22:10:26 - client_scoring - INFO - Calcul segmentation finale
2025-12-22 22:10:27 - client_scoring - INFO - === MÉTRIQUES DE QUALITÉ SCORING ===
2025-12-22 22:10:27 - client_scoring - INFO - Clients scorés : 2,000
2025-12-22 22:10:27 - client_scoring - INFO - Clusters analysés : 10
2025-12-22 22:10:27 - client_scoring - INFO - Score client moyen : 0.564
2025-12-22 22:10:27 - client_scoring - INFO - Potentiel total : 4,029,085€
2025-12-22 22:10:27 - client_scoring - INFO - Potentiel moyen/client : 2,015€
2025-12-22 22:10:27 - client_scoring - INFO - Couverture scoring : 100.0%
2025-12-22 22:10:27 - client_scoring - INFO - Couverture potentiel : 94.8%
2025-12-22 22:10:27 - client_scoring - INFO - Distribution segments :
2025-12-22 22:10:27 - client_scoring - INFO -   - A developper: 758 clients (37.9%)
2025-12-22 22:10:27 - client_scoring - INFO -   - A stimuler: 611 clients (30.6%)
2025-12-22 22:10:27 - client_scoring - INFO -   - A construire: 502 clients (25.1%)
2025-12-22 22:10:27 - client_scoring - INFO -   - A entretenir: 129 clients (6.5%)
2025-12-22 22:10:27 - client_scoring - INFO - Top 3 clusters par potentiel moyen :
2025-12-22 22:10:27 - client_scoring - INFO -   - 53-57_C0: 2,666€ (211 clients)
2025-12-22 22:10:27 - client_scoring - INFO -   - 48-52_C0: 2,198€ (257 clients)
2025-12-22 22:10:27 - client_scoring - INFO -   - 58-62_C0: 2,172€ (163 clients)
2025-12-22 22:10:27 - client_scoring - INFO - Scoring terminé en 0.09s - 2000 clients scorés
2025-12-22 22:10:27 - client_scoring - INFO - ClientScoringEngine initialisé - Top clients: 25.0%
2025-12-22 22:10:27 - client_scoring - INFO - Début calcul scores clients intra-cluster
2025-12-22 22:10:27 - client_scoring - INFO - Données clusterisées : (200, 12)
2025-12-22 22:10:27 - client_scoring - INFO - Données financières : (2000, 8)
2025-12-22 22:10:27 - client_scoring - INFO - Données fusionnées : (200, 19)
2025-12-22 22:10:27 - client_scoring - INFO - Nettoyage colonne CLUSTER_GLOBAL
2025-12-22 22:10:27 - client_scoring - INFO - Validation groupby réussie : 10 groupes
2025-12-22 22:10:27 - client_scoring - INFO - Clients clusterisés retenus : 200
2025-12-22 22:10:27 - client_scoring - INFO - Clusters uniques : 10
2025-12-22 22:10:27 - client_scoring - INFO - Préparation données financières
2025-12-22 22:10:27 - client_scoring - INFO - Colonnes PNB disponibles : ['PNB_COLL', 'PNB_CRED', 'PNB_SERV', 'PNB_ASSU']
2025-12-22 22:10:27 - client_scoring - WARNING - Variable EP_LIQUIDE non trouvée - valeur par défaut : 0
2025-12-22 22:10:27 - client_scoring - WARNING - Variable EP_STABLE non trouvée - valeur par défaut : 0
2025-12-22 22:10:27 - client_scoring - WARNING - Variable SLD_DAV non trouvée - valeur par défaut : 0
2025-12-22 22:10:27 - client_scoring - WARNING - Variable détention CD_NOTE_UNVRS_ASSU non trouvée - valeur par défaut : 0
2025-12-22 22:10:27 - client_scoring - INFO - Variable détention CD_NOTE_UNVRS_CRED préparée
2025-12-22 22:10:27 - client_scoring - WARNING - Variable détention CD_NOTE_UNVRS_EPRGN non trouvée - valeur par défaut : 0
2025-12-22 22:10:27 - client_scoring - WARNING - Variable détention CD_NOTE_UNVRS_SERV non trouvée - valeur par défaut : 0
2025-12-22 22:10:27 - client_scoring - WARNING - Variable détention CD_NOTE_POIDS_UNVRS non trouvée - valeur par défaut : 0
2025-12-22 22:10:27 - client_scoring - INFO - Calcul pondération et normalisation PNB par cluster
2025-12-22 22:10:27 - client_scoring - INFO - Score client calculé avec 4 composantes
2025-12-22 22:10:27 - client_scoring - INFO - Calcul potentiels clients (top 25% par cluster)
2025-12-22 22:10:27 - client_scoring - INFO - Potentiels calculés basés sur 47 clients top 25%
2025-12-22 22:10:27 - client_scoring - INFO - Calcul segmentation finale
2025-12-22 22:10:27 - client_scoring - INFO - === MÉTRIQUES DE QUALITÉ SCORING ===
2025-12-22 22:10:27 - client_scoring - INFO - Clients scorés : 200
2025-12-22 22:10:27 - client_scoring - INFO - Clusters analysés : 10
2025-12-22 22:10:27 - client_scoring - INFO - Score client moyen : 0.433
2025-12-22 22:10:27 - client_scoring - INFO - Potentiel total : 439,705€
2025-12-22 22:10:27 - client_scoring - INFO - Potentiel moyen/client : 2,199€
2025-12-22 22:10:27 - client_scoring - INFO - Couverture scoring : 100.0%
2025-12-22 22:10:27 - client_scoring - INFO - Couverture potentiel : 93.5%
2025-12-22 22:10:27 - client_scoring - INFO - Distribution segments :
2025-12-22 22:10:27 - client_scoring - INFO -   - A stimuler: 72 clients (36.0%)
2025-12-22 22:10:27 - client_scoring - INFO -   - A developper: 66 clients (33.0%)
2025-12-22 22:10:27 - client_scoring - INFO -   - A construire: 52 clients (26.0%)
2025-12-22 22:10:27 - client_scoring - INFO -   - A entretenir: 10 clients (5.0%)
2025-12-22 22:10:27 - client_scoring - INFO - Top 3 clusters par potentiel moyen :
2025-12-22 22:10:27 - client_scoring - INFO -   - 18-22_C0: 3,976€ (10 clients)
2025-12-22 22:10:27 - client_scoring - INFO -   - 58-62_C0: 3,324€ (17 clients)
2025-12-22 22:10:27 - client_scoring - INFO -   - 53-57_C0: 3,122€ (17 clients)
2025-12-22 22:10:27 - client_scoring - INFO - Scoring terminé en 0.07s - 200 clients scorés
2025-12-22 22:10:27 - client_scoring - INFO - ClientScoringEngine initialisé - Top clients: 25.0%
2025-12-22 22:10:27 - client_scoring - INFO - Début calcul scores clients intra-cluster
2025-12-22 22:10:27 - client_scoring - INFO - Données clusterisées : (2000, 12)
2025-12-22 22:10:27 - client_scoring - INFO - Données financières : (2000, 8)
2025-12-22 22:10:27 - client_scoring - INFO - Données fusionnées : (2000, 19)
2025-12-22 22:10:27 - client_scoring - INFO - Nettoyage colonne CLUSTER_GLOBAL
2025-12-22 22:10:27 - client_scoring - INFO - Validation groupby réussie : 10 groupes
2025-12-22 22:10:27 - client_scoring - INFO - Clients clusterisés retenus : 2000
2025-12-22 22:10:27 - client_scoring - INFO - Clusters uniques : 10
2025-12-22 22:10:27 - client_scoring - INFO - Préparation données financières
2025-12-22 22:10:27 - client_scoring - INFO - Colonnes PNB disponibles : ['PNB_COLL', 'PNB_CRED', 'PNB_SERV', 'PNB_ASSU']
2025-12-22 22:10:27 - client_scoring - WARNING - Variable EP_LIQUIDE non trouvée - valeur par défaut : 0
2025-12-22 22:10:27 - client_scoring - WARNING - Variable EP_STABLE non trouvée - valeur par défaut : 0
2025-12-22 22:10:27 - client_scoring - WARNING - Variable SLD_DAV non trouvée - valeur par défaut : 0
2025-12-22 22:10:27 - client_scoring - WARNING - Variable détention CD_NOTE_UNVRS_ASSU non trouvée - valeur par défaut : 0
2025-12-22 22:10:27 - client_scoring - INFO - Variable détention CD_NOTE_UNVRS_CRED préparée
2025-12-22 22:10:27 - client_scoring - WARNING - Variable détention CD_NOTE_UNVRS_EPRGN non trouvée - valeur par défaut : 0
2025-12-22 22:10:27 - client_scoring - WARNING - Variable détention CD_NOTE_UNVRS_SERV non trouvée - valeur par défaut : 0
2025-12-22 22:10:27 - client_scoring - WARNING - Variable détention CD_NOTE_POIDS_UNVRS non trouvée - valeur par défaut : 0
2025-12-22 22:10:27 - client_scoring - INFO - Calcul pondération et normalisation PNB par cluster
2025-12-22 22:10:27 - client_scoring - INFO - Score client calculé avec 4 composantes
2025-12-22 22:10:27 - client_scoring - INFO - Calcul potentiels clients (top 25% par cluster)
2025-12-22 22:10:27 - client_scoring - INFO - Potentiels calculés basés sur 495 clients top 25%
2025-12-22 22:10:27 - client_scoring - INFO - Calcul segmentation finale
2025-12-22 22:10:27 - client_scoring - INFO - === MÉTRIQUES DE QUALITÉ SCORING ===
2025-12-22 22:10:27 - client_scoring - INFO - Clients scorés : 2,000
2025-12-22 22:10:27 - client_scoring - INFO - Clusters analysés : 10
2025-12-22 22:10:27 - client_scoring - INFO - Score client moyen : 0.564
2025-12-22 22:10:27 - client_scoring - INFO - Potentiel total : 4,029,085€
2025-12-22 22:10:27 - client_scoring - INFO - Potentiel moyen/client : 2,015€
2025-12-22 22:10:27 - client_scoring - INFO - Couverture scoring : 100.0%
2025-12-22 22:10:27 - client_scoring - INFO - Couverture potentiel : 94.8%
2025-12-22 22:10:27 - client_scoring - INFO - Distribution segments :
2025-12-22 22:10:27 - client_scoring - INFO -   - A developper: 758 clients (37.9%)
2025-12-22 22:10:27 - client_scoring - INFO -   - A stimuler: 611 clients (30.6%)
2025-12-22 22:10:27 - client_scoring - INFO -   - A construire: 502 clients (25.1%)
2025-12-22 22:10:27 - client_scoring - INFO -   - A entretenir: 129 clients (6.5%)
2025-12-22 22:10:27 - client_scoring - INFO - Top 3 clusters par potentiel moyen :
2025-12-22 22:10:27 - client_scoring - INFO -   - 53-57_C0: 2,666€ (211 clients)
2025-12-22 22:10:27 - client_scoring - INFO -   - 48-52_C0: 2,198€ (257 clients)
2025-12-22 22:10:27 - client_scoring - INFO -   - 58-62_C0: 2,172€ (163 clients)
2025-12-22 22:10:27 - client_scoring - INFO - Scoring terminé en 0.11s - 2000 clients scorés
2025-12-22 22:10:28 - client_scoring - INFO - ClientScoringEngine initialisé - Top clients: 25.0%
2025-12-22 22:10:28 - client_scoring - INFO - Début calcul scores clients intra-cluster
2025-12-22 22:10:28 - client_scoring - INFO - Données clusterisées : (2000, 12)
2025-12-22 22:10:28 - client_scoring - INFO - Données financières : (2000, 8)
2025-12-22 22:10:28 - client_scoring - INFO - Données fusionnées : (2000, 19)
2025-12-22 22:10:28 - client_scoring - INFO - Nettoyage colonne CLUSTER_GLOBAL
2025-12-22 22:10:28 - client_scoring - INFO - Validation groupby réussie : 10 groupes
2025-12-22 22:10:28 - client_scoring - INFO - Clients clusterisés retenus : 2000
2025-12-22 22:10:28 - client_scoring - INFO - Clusters uniques : 10
2025-12-22 22:10:28 - client_scoring - INFO - Préparation données financières
2025-12-22 22:10:28 - client_scoring - INFO - Colonnes PNB disponibles : ['PNB_COLL', 'PNB_CRED', 'PNB_SERV', 'PNB_ASSU']
2025-12-22 22:10:28 - client_scoring - WARNING - Variable EP_LIQUIDE non trouvée - valeur par défaut : 0
2025-12-22 22:10:28 - client_scoring - WARNING - Variable EP_STABLE non trouvée - valeur par défaut : 0
2025-12-22 22:10:28 - client_scoring - WARNING - Variable SLD_DAV non trouvée - valeur par défaut : 0
2025-12-22 22:10:28 - client_scoring - WARNING - Variable détention CD_NOTE_UNVRS_ASSU non trouvée - valeur par défaut : 0
2025-12-22 22:10:28 - client_scoring - INFO - Variable détention CD_NOTE_UNVRS_CRED préparée
2025-12-22 22:10:28 - client_scoring - WARNING - Variable détention CD_NOTE_UNVRS_EPRGN non trouvée - valeur par défaut : 0
2025-12-22 22:10:28 - client_scoring - WARNING - Variable détention CD_NOTE_UNVRS_SERV non trouvée - valeur par défaut : 0
2025-12-22 22:10:28 - client_scoring - WARNING - Variable détention CD_NOTE_POIDS_UNVRS non trouvée - valeur par défaut : 0
2025-12-22 22:10:28 - client_scoring - INFO - Calcul pondération et normalisation PNB par cluster
2025-12-22 22:10:28 - client_scoring - INFO - Score client calculé avec 4 composantes
2025-12-22 22:10:28 - client_scoring - INFO - Calcul potentiels clients (top 25% par cluster)
2025-12-22 22:10:28 - client_scoring - INFO - Potentiels calculés basés sur 495 clients top 25%
2025-12-22 22:10:28 - client_scoring - INFO - Calcul segmentation finale
2025-12-22 22:10:28 - client_scoring - INFO - === MÉTRIQUES DE QUALITÉ SCORING ===
2025-12-22 22:10:28 - client_scoring - INFO - Clients scorés : 2,000
2025-12-22 22:10:28 - client_scoring - INFO - Clusters analysés : 10
2025-12-22 22:10:28 - client_scoring - INFO - Score client moyen : 0.564
2025-12-22 22:10:28 - client_scoring - INFO - Potentiel total : 4,029,085€
2025-12-22 22:10:28 - client_scoring - INFO - Potentiel moyen/client : 2,015€
2025-12-22 22:10:28 - client_scoring - INFO - Couverture scoring : 100.0%
2025-12-22 22:10:28 - client_scoring - INFO - Couverture potentiel : 94.8%
2025-12-22 22:10:28 - client_scoring - INFO - Distribution segments :
2025-12-22 22:10:28 - client_scoring - INFO -   - A developper: 758 clients (37.9%)
2025-12-22 22:10:28 - client_scoring - INFO -   - A stimuler: 611 clients (30.6%)
2025-12-22 22:10:28 - client_scoring - INFO -   - A construire: 502 clients (25.1%)
2025-12-22 22:10:28 - client_scoring - INFO -   - A entretenir: 129 clients (6.5%)
2025-12-22 22:10:28 - client_scoring - INFO - Top 3 clusters par potentiel moyen :
2025-12-22 22:10:28 - client_scoring - INFO -   - 53-57_C0: 2,666€ (211 clients)
2025-12-22 22:10:28 - client_scoring - INFO -   - 48-52_C0: 2,198€ (257 clients)
2025-12-22 22:10:28 - client_scoring - INFO -   - 58-62_C0: 2,172€ (163 clients)
2025-12-22 22:10:28 - client_scoring - INFO - Scoring terminé en 0.10s - 2000 clients scorés
2025-12-22 22:10:29 - client_scoring - INFO - ClientScoringEngine initialisé - Top clients: 25.0%
2025-12-22 22:10:29 - client_scoring - INFO - Début calcul scores clients intra-cluster
2025-12-22 22:10:29 - client_scoring - INFO - Données clusterisées : (2000, 12)
2025-12-22 22:10:29 - client_scoring - INFO - Données financières : (2000, 8)
2025-12-22 22:10:29 - client_scoring - INFO - Données fusionnées : (2000, 19)
2025-12-22 22:10:29 - client_scoring - INFO - Nettoyage colonne CLUSTER_GLOBAL
2025-12-22 22:10:29 - client_scoring - INFO - Validation groupby réussie : 10 groupes
2025-12-22 22:10:29 - client_scoring - INFO - Clients clusterisés retenus : 2000
2025-12-22 22:10:29 - client_scoring - INFO - Clusters uniques : 10
2025-12-22 22:10:29 - client_scoring - INFO - Préparation données financières
2025-12-22 22:10:29 - client_scoring - INFO - Colonnes PNB disponibles : ['PNB_COLL', 'PNB_CRED', 'PNB_SERV', 'PNB_ASSU']
2025-12-22 22:10:29 - client_scoring - WARNING - Variable EP_LIQUIDE non trouvée - valeur par défaut : 0
2025-12-22 22:10:29 - client_scoring - WARNING - Variable EP_STABLE non trouvée - valeur par défaut : 0
2025-12-22 22:10:29 - client_scoring - WARNING - Variable SLD_DAV non trouvée - valeur par défaut : 0
2025-12-22 22:10:29 - client_scoring - WARNING - Variable détention CD_NOTE_UNVRS_ASSU non trouvée - valeur par défaut : 0
2025-12-22 22:10:29 - client_scoring - INFO - Variable détention CD_NOTE_UNVRS_CRED préparée
2025-12-22 22:10:29 - client_scoring - WARNING - Variable détention CD_NOTE_UNVRS_EPRGN non trouvée - valeur par défaut : 0
2025-12-22 22:10:29 - client_scoring - WARNING - Variable détention CD_NOTE_UNVRS_SERV non trouvée - valeur par défaut : 0
2025-12-22 22:10:29 - client_scoring - WARNING - Variable détention CD_NOTE_POIDS_UNVRS non trouvée - valeur par défaut : 0
2025-12-22 22:10:29 - client_scoring - INFO - Calcul pondération et normalisation PNB par cluster
2025-12-22 22:10:29 - client_scoring - INFO - Score client calculé avec 4 composantes
2025-12-22 22:10:29 - client_scoring - INFO - Calcul potentiels clients (top 25% par cluster)
2025-12-22 22:10:29 - client_scoring - INFO - Potentiels calculés basés sur 495 clients top 25%
2025-12-22 22:10:29 - client_scoring - INFO - Calcul segmentation finale
2025-12-22 22:10:29 - client_scoring - INFO - === MÉTRIQUES DE QUALITÉ SCORING ===
2025-12-22 22:10:29 - client_scoring - INFO - Clients scorés : 2,000
2025-12-22 22:10:29 - client_scoring - INFO - Clusters analysés : 10
2025-12-22 22:10:29 - client_scoring - INFO - Score client moyen : 0.564
2025-12-22 22:10:29 - client_scoring - INFO - Potentiel total : 4,029,085€
2025-12-22 22:10:29 - client_scoring - INFO - Potentiel moyen/client : 2,015€
2025-12-22 22:10:29 - client_scoring - INFO - Couverture scoring : 100.0%
2025-12-22 22:10:29 - client_scoring - INFO - Couverture potentiel : 94.8%
2025-12-22 22:10:29 - client_scoring - INFO - Distribution segments :
2025-12-22 22:10:29 - client_scoring - INFO -   - A developper: 758 clients (37.9%)
2025-12-22 22:10:29 - client_scoring - INFO -   - A stimuler: 611 clients (30.6%)
2025-12-22 22:10:29 - client_scoring - INFO -   - A construire: 502 clients (25.1%)
2025-12-22 22:10:29 - client_scoring - INFO -   - A entretenir: 129 clients (6.5%)
2025-12-22 22:10:29 - client_scoring - INFO - Top 3 clusters par potentiel moyen :
2025-12-22 22:10:29 - client_scoring - INFO -   - 53-57_C0: 2,666€ (211 clients)
2025-12-22 22:10:29 - client_scoring - INFO -   - 48-52_C0: 2,198€ (257 clients)
2025-12-22 22:10:29 - client_scoring - INFO -   - 58-62_C0: 2,172€ (163 clients)
2025-12-22 22:10:29 - client_scoring - INFO - Scoring terminé en 0.10s - 2000 clients scorés
2025-12-22 22:10:30 - client_scoring - INFO - ClientScoringEngine initialisé - Top clients: 25.0%
2025-12-22 22:10:30 - client_scoring - INFO - Début calcul scores clients intra-cluster
2025-12-22 22:10:30 - client_scoring - INFO - Données clusterisées : (2000, 12)
2025-12-22 22:10:30 - client_scoring - INFO - Données financières : (2000, 8)
2025-12-22 22:10:30 - client_scoring - INFO - Données fusionnées : (2000, 19)
2025-12-22 22:10:30 - client_scoring - INFO - Nettoyage colonne CLUSTER_GLOBAL
2025-12-22 22:10:30 - client_scoring - INFO - Validation groupby réussie : 10 groupes
2025-12-22 22:10:30 - client_scoring - INFO - Clients clusterisés retenus : 2000
2025-12-22 22:10:30 - client_scoring - INFO - Clusters uniques : 10
2025-12-22 22:10:30 - client_scoring - INFO - Préparation données financières
2025-12-22 22:10:30 - client_scoring - INFO - Colonnes PNB disponibles : ['PNB_COLL', 'PNB_CRED', 'PNB_SERV', 'PNB_ASSU']
2025-12-22 22:10:30 - client_scoring - WARNING - Variable EP_LIQUIDE non trouvée - valeur par défaut : 0
2025-12-22 22:10:30 - client_scoring - WARNING - Variable EP_STABLE non trouvée - valeur par défaut : 0
2025-12-22 22:10:30 - client_scoring - WARNING - Variable SLD_DAV non trouvée - valeur par défaut : 0
2025-12-22 22:10:30 - client_scoring - WARNING - Variable détention CD_NOTE_UNVRS_ASSU non trouvée - valeur par défaut : 0
2025-12-22 22:10:30 - client_scoring - INFO - Variable détention CD_NOTE_UNVRS_CRED préparée
2025-12-22 22:10:30 - client_scoring - WARNING - Variable détention CD_NOTE_UNVRS_EPRGN non trouvée - valeur par défaut : 0
2025-12-22 22:10:30 - client_scoring - WARNING - Variable détention CD_NOTE_UNVRS_SERV non trouvée - valeur par défaut : 0
2025-12-22 22:10:30 - client_scoring - WARNING - Variable détention CD_NOTE_POIDS_UNVRS non trouvée - valeur par défaut : 0
2025-12-22 22:10:30 - client_scoring - INFO - Calcul pondération et normalisation PNB par cluster
2025-12-22 22:10:30 - client_scoring - INFO - Score client calculé avec 4 composantes
2025-12-22 22:10:30 - client_scoring - INFO - Calcul potentiels clients (top 25% par cluster)
2025-12-22 22:10:30 - client_scoring - INFO - Potentiels calculés basés sur 495 clients top 25%
2025-12-22 22:10:30 - client_scoring - INFO - Calcul segmentation finale
2025-12-22 22:10:30 - client_scoring - INFO - === MÉTRIQUES DE QUALITÉ SCORING ===
2025-12-22 22:10:30 - client_scoring - INFO - Clients scorés : 2,000
2025-12-22 22:10:30 - client_scoring - INFO - Clusters analysés : 10
2025-12-22 22:10:30 - client_scoring - INFO - Score client moyen : 0.564
2025-12-22 22:10:30 - client_scoring - INFO - Potentiel total : 4,029,085€
2025-12-22 22:10:30 - client_scoring - INFO - Potentiel moyen/client : 2,015€
2025-12-22 22:10:30 - client_scoring - INFO - Couverture scoring : 100.0%
2025-12-22 22:10:30 - client_scoring - INFO - Couverture potentiel : 94.8%
2025-12-22 22:10:30 - client_scoring - INFO - Distribution segments :
2025-12-22 22:10:30 - client_scoring - INFO -   - A developper: 758 clients (37.9%)
2025-12-22 22:10:30 - client_scoring - INFO -   - A stimuler: 611 clients (30.6%)
2025-12-22 22:10:30 - client_scoring - INFO -   - A construire: 502 clients (25.1%)
2025-12-22 22:10:30 - client_scoring - INFO -   - A entretenir: 129 clients (6.5%)
2025-12-22 22:10:30 - client_scoring - INFO - Top 3 clusters par potentiel moyen :
2025-12-22 22:10:30 - client_scoring - INFO -   - 53-57_C0: 2,666€ (211 clients)
2025-12-22 22:10:30 - client_scoring - INFO -   - 48-52_C0: 2,198€ (257 clients)
2025-12-22 22:10:30 - client_scoring - INFO -   - 58-62_C0: 2,172€ (163 clients)
2025-12-22 22:10:30 - client_scoring - INFO - Scoring terminé en 0.11s - 2000 clients scorés
2025-12-22 22:10:30 - client_scoring - INFO - ClientScoringEngine initialisé - Top clients: 25.0%
2025-12-22 22:10:30 - client_scoring - INFO - Début calcul scores clients intra-cluster
2025-12-22 22:10:30 - client_scoring - INFO - Données clusterisées : (2000, 12)
2025-12-22 22:10:30 - client_scoring - INFO - Données financières : (2000, 8)
2025-12-22 22:10:30 - client_scoring - INFO - Données fusionnées : (2000, 19)
2025-12-22 22:10:30 - client_scoring - INFO - Nettoyage colonne CLUSTER_GLOBAL
2025-12-22 22:10:30 - client_scoring - INFO - Validation groupby réussie : 10 groupes
2025-12-22 22:10:30 - client_scoring - INFO - Clients clusterisés retenus : 2000
2025-12-22 22:10:30 - client_scoring - INFO - Clusters uniques : 10
2025-12-22 22:10:30 - client_scoring - INFO - Préparation données financières
2025-12-22 22:10:30 - client_scoring - INFO - Colonnes PNB disponibles : ['PNB_COLL', 'PNB_CRED', 'PNB_SERV', 'PNB_ASSU']
2025-12-22 22:10:30 - client_scoring - WARNING - Variable EP_LIQUIDE non trouvée - valeur par défaut : 0
2025-12-22 22:10:30 - client_scoring - WARNING - Variable EP_STABLE non trouvée - valeur par défaut : 0
2025-12-22 22:10:30 - client_scoring - WARNING - Variable SLD_DAV non trouvée - valeur par défaut : 0
2025-12-22 22:10:30 - client_scoring - WARNING - Variable détention CD_NOTE_UNVRS_ASSU non trouvée - valeur par défaut : 0
2025-12-22 22:10:30 - client_scoring - INFO - Variable détention CD_NOTE_UNVRS_CRED préparée
2025-12-22 22:10:30 - client_scoring - WARNING - Variable détention CD_NOTE_UNVRS_EPRGN non trouvée - valeur par défaut : 0
2025-12-22 22:10:30 - client_scoring - WARNING - Variable détention CD_NOTE_UNVRS_SERV non trouvée - valeur par défaut : 0
2025-12-22 22:10:30 - client_scoring - WARNING - Variable détention CD_NOTE_POIDS_UNVRS non trouvée - valeur par défaut : 0
2025-12-22 22:10:30 - client_scoring - INFO - Calcul pondération et normalisation PNB par cluster
2025-12-22 22:10:30 - client_scoring - INFO - Score client calculé avec 4 composantes
2025-12-22 22:10:30 - client_scoring - INFO - Calcul potentiels clients (top 25% par cluster)
2025-12-22 22:10:30 - client_scoring - INFO - Potentiels calculés basés sur 495 clients top 25%
2025-12-22 22:10:30 - client_scoring - INFO - Calcul segmentation finale
2025-12-22 22:10:30 - client_scoring - INFO - === MÉTRIQUES DE QUALITÉ SCORING ===
2025-12-22 22:10:30 - client_scoring - INFO - Clients scorés : 2,000
2025-12-22 22:10:30 - client_scoring - INFO - Clusters analysés : 10
2025-12-22 22:10:30 - client_scoring - INFO - Score client moyen : 0.564
2025-12-22 22:10:30 - client_scoring - INFO - Potentiel total : 4,029,085€
2025-12-22 22:10:30 - client_scoring - INFO - Potentiel moyen/client : 2,015€
2025-12-22 22:10:30 - client_scoring - INFO - Couverture scoring : 100.0%
2025-12-22 22:10:30 - client_scoring - INFO - Couverture potentiel : 94.8%
2025-12-22 22:10:30 - client_scoring - INFO - Distribution segments :
2025-12-22 22:10:30 - client_scoring - INFO -   - A developper: 758 clients (37.9%)
2025-12-22 22:10:30 - client_scoring - INFO -   - A stimuler: 611 clients (30.6%)
2025-12-22 22:10:30 - client_scoring - INFO -   - A construire: 502 clients (25.1%)
2025-12-22 22:10:30 - client_scoring - INFO -   - A entretenir: 129 clients (6.5%)
2025-12-22 22:10:30 - client_scoring - INFO - Top 3 clusters par potentiel moyen :
2025-12-22 22:10:30 - client_scoring - INFO -   - 53-57_C0: 2,666€ (211 clients)
2025-12-22 22:10:30 - client_scoring - INFO -   - 48-52_C0: 2,198€ (257 clients)
2025-12-22 22:10:30 - client_scoring - INFO -   - 58-62_C0: 2,172€ (163 clients)
2025-12-22 22:10:30 - client_scoring - INFO - Scoring terminé en 0.09s - 2000 clients scorés
2025-12-22 22:10:31 - client_scoring - INFO - ClientScoringEngine initialisé - Top clients: 25.0%
2025-12-22 22:10:31 - client_scoring - INFO - Début calcul scores clients intra-cluster
2025-12-22 22:10:31 - client_scoring - INFO - Données clusterisées : (1000, 12)
2025-12-22 22:10:31 - client_scoring - INFO - Données financières : (1000, 8)
2025-12-22 22:10:31 - client_scoring - INFO - Données fusionnées : (1000, 19)
2025-12-22 22:10:31 - client_scoring - INFO - Nettoyage colonne CLUSTER_GLOBAL
2025-12-22 22:10:31 - client_scoring - INFO - Validation groupby réussie : 10 groupes
2025-12-22 22:10:31 - client_scoring - INFO - Clients clusterisés retenus : 1000
2025-12-22 22:10:31 - client_scoring - INFO - Clusters uniques : 10
2025-12-22 22:10:31 - client_scoring - INFO - Préparation données financières
2025-12-22 22:10:31 - client_scoring - INFO - Colonnes PNB disponibles : ['PNB_COLL', 'PNB_CRED', 'PNB_SERV', 'PNB_ASSU']
2025-12-22 22:10:31 - client_scoring - WARNING - Variable EP_LIQUIDE non trouvée - valeur par défaut : 0
2025-12-22 22:10:31 - client_scoring - WARNING - Variable EP_STABLE non trouvée - valeur par défaut : 0
2025-12-22 22:10:31 - client_scoring - WARNING - Variable SLD_DAV non trouvée - valeur par défaut : 0
2025-12-22 22:10:31 - client_scoring - WARNING - Variable détention CD_NOTE_UNVRS_ASSU non trouvée - valeur par défaut : 0
2025-12-22 22:10:31 - client_scoring - INFO - Variable détention CD_NOTE_UNVRS_CRED préparée
2025-12-22 22:10:31 - client_scoring - WARNING - Variable détention CD_NOTE_UNVRS_EPRGN non trouvée - valeur par défaut : 0
2025-12-22 22:10:31 - client_scoring - WARNING - Variable détention CD_NOTE_UNVRS_SERV non trouvée - valeur par défaut : 0
2025-12-22 22:10:31 - client_scoring - WARNING - Variable détention CD_NOTE_POIDS_UNVRS non trouvée - valeur par défaut : 0
2025-12-22 22:10:31 - client_scoring - INFO - Calcul pondération et normalisation PNB par cluster
2025-12-22 22:10:31 - client_scoring - INFO - Score client calculé avec 4 composantes
2025-12-22 22:10:31 - client_scoring - INFO - Calcul potentiels clients (top 25% par cluster)
2025-12-22 22:10:31 - client_scoring - INFO - Potentiels calculés basés sur 246 clients top 25%
2025-12-22 22:10:31 - client_scoring - INFO - Calcul segmentation finale
2025-12-22 22:10:31 - client_scoring - INFO - === MÉTRIQUES DE QUALITÉ SCORING ===
2025-12-22 22:10:31 - client_scoring - INFO - Clients scorés : 1,000
2025-12-22 22:10:31 - client_scoring - INFO - Clusters analysés : 10
2025-12-22 22:10:31 - client_scoring - INFO - Score client moyen : 0.538
2025-12-22 22:10:31 - client_scoring - INFO - Potentiel total : 1,961,723€
2025-12-22 22:10:31 - client_scoring - INFO - Potentiel moyen/client : 1,962€
2025-12-22 22:10:31 - client_scoring - INFO - Couverture scoring : 100.0%
2025-12-22 22:10:31 - client_scoring - INFO - Couverture potentiel : 93.1%
2025-12-22 22:10:31 - client_scoring - INFO - Distribution segments :
2025-12-22 22:10:31 - client_scoring - INFO -   - A developper: 382 clients (38.2%)
2025-12-22 22:10:31 - client_scoring - INFO -   - A stimuler: 311 clients (31.1%)
2025-12-22 22:10:31 - client_scoring - INFO -   - A construire: 251 clients (25.1%)
2025-12-22 22:10:31 - client_scoring - INFO -   - A entretenir: 56 clients (5.6%)
2025-12-22 22:10:31 - client_scoring - INFO - Top 3 clusters par potentiel moyen :
2025-12-22 22:10:31 - client_scoring - INFO -   - 53-57_C0: 3,016€ (111 clients)
2025-12-22 22:10:31 - client_scoring - INFO -   - 28-32_C0: 2,444€ (84 clients)
2025-12-22 22:10:31 - client_scoring - INFO -   - 43-47_C0: 2,403€ (139 clients)
2025-12-22 22:10:31 - client_scoring - INFO - Scoring terminé en 0.09s - 1000 clients scorés
2025-12-22 22:10:31 - client_scoring - INFO - ClientScoringEngine initialisé - Top clients: 25.0%
2025-12-22 22:10:31 - client_scoring - INFO - Début calcul scores clients intra-cluster
2025-12-22 22:10:31 - client_scoring - INFO - Données clusterisées : (1000, 12)
2025-12-22 22:10:31 - client_scoring - INFO - Données financières : (1000, 8)
2025-12-22 22:10:31 - client_scoring - INFO - Données fusionnées : (1000, 19)
2025-12-22 22:10:31 - client_scoring - INFO - Nettoyage colonne CLUSTER_GLOBAL
2025-12-22 22:10:31 - client_scoring - INFO - Validation groupby réussie : 10 groupes
2025-12-22 22:10:31 - client_scoring - INFO - Clients clusterisés retenus : 1000
2025-12-22 22:10:31 - client_scoring - INFO - Clusters uniques : 10
2025-12-22 22:10:31 - client_scoring - INFO - Préparation données financières
2025-12-22 22:10:31 - client_scoring - INFO - Colonnes PNB disponibles : ['PNB_COLL', 'PNB_CRED', 'PNB_SERV', 'PNB_ASSU']
2025-12-22 22:10:31 - client_scoring - WARNING - Variable EP_LIQUIDE non trouvée - valeur par défaut : 0
2025-12-22 22:10:31 - client_scoring - WARNING - Variable EP_STABLE non trouvée - valeur par défaut : 0
2025-12-22 22:10:31 - client_scoring - WARNING - Variable SLD_DAV non trouvée - valeur par défaut : 0
2025-12-22 22:10:31 - client_scoring - WARNING - Variable détention CD_NOTE_UNVRS_ASSU non trouvée - valeur par défaut : 0
2025-12-22 22:10:31 - client_scoring - INFO - Variable détention CD_NOTE_UNVRS_CRED préparée
2025-12-22 22:10:31 - client_scoring - WARNING - Variable détention CD_NOTE_UNVRS_EPRGN non trouvée - valeur par défaut : 0
2025-12-22 22:10:31 - client_scoring - WARNING - Variable détention CD_NOTE_UNVRS_SERV non trouvée - valeur par défaut : 0
2025-12-22 22:10:31 - client_scoring - WARNING - Variable détention CD_NOTE_POIDS_UNVRS non trouvée - valeur par défaut : 0
2025-12-22 22:10:31 - client_scoring - INFO - Calcul pondération et normalisation PNB par cluster
2025-12-22 22:10:31 - client_scoring - INFO - Score client calculé avec 4 composantes
2025-12-22 22:10:31 - client_scoring - INFO - Calcul potentiels clients (top 25% par cluster)
2025-12-22 22:10:31 - client_scoring - INFO - Potentiels calculés basés sur 246 clients top 25%
2025-12-22 22:10:31 - client_scoring - INFO - Calcul segmentation finale
2025-12-22 22:10:31 - client_scoring - INFO - === MÉTRIQUES DE QUALITÉ SCORING ===
2025-12-22 22:10:31 - client_scoring - INFO - Clients scorés : 1,000
2025-12-22 22:10:31 - client_scoring - INFO - Clusters analysés : 10
2025-12-22 22:10:31 - client_scoring - INFO - Score client moyen : 0.538
2025-12-22 22:10:31 - client_scoring - INFO - Potentiel total : 1,961,723€
2025-12-22 22:10:31 - client_scoring - INFO - Potentiel moyen/client : 1,962€
2025-12-22 22:10:31 - client_scoring - INFO - Couverture scoring : 100.0%
2025-12-22 22:10:31 - client_scoring - INFO - Couverture potentiel : 93.1%
2025-12-22 22:10:31 - client_scoring - INFO - Distribution segments :
2025-12-22 22:10:31 - client_scoring - INFO -   - A developper: 382 clients (38.2%)
2025-12-22 22:10:31 - client_scoring - INFO -   - A stimuler: 311 clients (31.1%)
2025-12-22 22:10:31 - client_scoring - INFO -   - A construire: 251 clients (25.1%)
2025-12-22 22:10:31 - client_scoring - INFO -   - A entretenir: 56 clients (5.6%)
2025-12-22 22:10:31 - client_scoring - INFO - Top 3 clusters par potentiel moyen :
2025-12-22 22:10:31 - client_scoring - INFO -   - 53-57_C0: 3,016€ (111 clients)
2025-12-22 22:10:31 - client_scoring - INFO -   - 28-32_C0: 2,444€ (84 clients)
2025-12-22 22:10:31 - client_scoring - INFO -   - 43-47_C0: 2,403€ (139 clients)
2025-12-22 22:10:31 - client_scoring - INFO - Scoring terminé en 0.09s - 1000 clients scorés
2025-12-22 22:10:32 - client_scoring - INFO - ClientScoringEngine initialisé - Top clients: 25.0%
2025-12-22 22:10:32 - client_scoring - INFO - Début calcul scores clients intra-cluster
2025-12-22 22:10:32 - client_scoring - INFO - Données clusterisées : (1000, 12)
2025-12-22 22:10:32 - client_scoring - INFO - Données financières : (1000, 8)
2025-12-22 22:10:32 - client_scoring - INFO - Données fusionnées : (1000, 19)
2025-12-22 22:10:32 - client_scoring - INFO - Nettoyage colonne CLUSTER_GLOBAL
2025-12-22 22:10:32 - client_scoring - INFO - Validation groupby réussie : 10 groupes
2025-12-22 22:10:32 - client_scoring - INFO - Clients clusterisés retenus : 1000
2025-12-22 22:10:32 - client_scoring - INFO - Clusters uniques : 10
2025-12-22 22:10:32 - client_scoring - INFO - Préparation données financières
2025-12-22 22:10:32 - client_scoring - INFO - Colonnes PNB disponibles : ['PNB_COLL', 'PNB_CRED', 'PNB_SERV', 'PNB_ASSU']
2025-12-22 22:10:32 - client_scoring - WARNING - Variable EP_LIQUIDE non trouvée - valeur par défaut : 0
2025-12-22 22:10:32 - client_scoring - WARNING - Variable EP_STABLE non trouvée - valeur par défaut : 0
2025-12-22 22:10:32 - client_scoring - WARNING - Variable SLD_DAV non trouvée - valeur par défaut : 0
2025-12-22 22:10:32 - client_scoring - WARNING - Variable détention CD_NOTE_UNVRS_ASSU non trouvée - valeur par défaut : 0
2025-12-22 22:10:32 - client_scoring - INFO - Variable détention CD_NOTE_UNVRS_CRED préparée
2025-12-22 22:10:32 - client_scoring - WARNING - Variable détention CD_NOTE_UNVRS_EPRGN non trouvée - valeur par défaut : 0
2025-12-22 22:10:32 - client_scoring - WARNING - Variable détention CD_NOTE_UNVRS_SERV non trouvée - valeur par défaut : 0
2025-12-22 22:10:32 - client_scoring - WARNING - Variable détention CD_NOTE_POIDS_UNVRS non trouvée - valeur par défaut : 0
2025-12-22 22:10:32 - client_scoring - INFO - Calcul pondération et normalisation PNB par cluster
2025-12-22 22:10:32 - client_scoring - INFO - Score client calculé avec 4 composantes
2025-12-22 22:10:32 - client_scoring - INFO - Calcul potentiels clients (top 25% par cluster)
2025-12-22 22:10:32 - client_scoring - INFO - Potentiels calculés basés sur 246 clients top 25%
2025-12-22 22:10:32 - client_scoring - INFO - Calcul segmentation finale
2025-12-22 22:10:32 - client_scoring - INFO - === MÉTRIQUES DE QUALITÉ SCORING ===
2025-12-22 22:10:32 - client_scoring - INFO - Clients scorés : 1,000
2025-12-22 22:10:32 - client_scoring - INFO - Clusters analysés : 10
2025-12-22 22:10:32 - client_scoring - INFO - Score client moyen : 0.538
2025-12-22 22:10:32 - client_scoring - INFO - Potentiel total : 1,961,723€
2025-12-22 22:10:32 - client_scoring - INFO - Potentiel moyen/client : 1,962€
2025-12-22 22:10:32 - client_scoring - INFO - Couverture scoring : 100.0%
2025-12-22 22:10:32 - client_scoring - INFO - Couverture potentiel : 93.1%
2025-12-22 22:10:32 - client_scoring - INFO - Distribution segments :
2025-12-22 22:10:32 - client_scoring - INFO -   - A developper: 382 clients (38.2%)
2025-12-22 22:10:32 - client_scoring - INFO -   - A stimuler: 311 clients (31.1%)
2025-12-22 22:10:32 - client_scoring - INFO -   - A construire: 251 clients (25.1%)
2025-12-22 22:10:32 - client_scoring - INFO -   - A entretenir: 56 clients (5.6%)
2025-12-22 22:10:32 - client_scoring - INFO - Top 3 clusters par potentiel moyen :
2025-12-22 22:10:32 - client_scoring - INFO -   - 53-57_C0: 3,016€ (111 clients)
2025-12-22 22:10:32 - client_scoring - INFO -   - 28-32_C0: 2,444€ (84 clients)
2025-12-22 22:10:32 - client_scoring - INFO -   - 43-47_C0: 2,403€ (139 clients)
2025-12-22 22:10:32 - client_scoring - INFO - Scoring terminé en 0.10s - 1000 clients scorés
2025-12-22 22:10:32 - client_scoring - INFO - ClientScoringEngine initialisé - Top clients: 25.0%
2025-12-22 22:10:32 - client_scoring - INFO - Début calcul scores clients intra-cluster
2025-12-22 22:10:32 - client_scoring - INFO - Données clusterisées : (400, 12)
2025-12-22 22:10:32 - client_scoring - INFO - Données financières : (1000, 8)
2025-12-22 22:10:32 - client_scoring - INFO - Données fusionnées : (400, 19)
2025-12-22 22:10:32 - client_scoring - INFO - Nettoyage colonne CLUSTER_GLOBAL
2025-12-22 22:10:32 - client_scoring - INFO - Validation groupby réussie : 10 groupes
2025-12-22 22:10:32 - client_scoring - INFO - Clients clusterisés retenus : 400
2025-12-22 22:10:32 - client_scoring - INFO - Clusters uniques : 10
2025-12-22 22:10:32 - client_scoring - INFO - Préparation données financières
2025-12-22 22:10:32 - client_scoring - INFO - Colonnes PNB disponibles : ['PNB_COLL', 'PNB_CRED', 'PNB_SERV', 'PNB_ASSU']
2025-12-22 22:10:32 - client_scoring - WARNING - Variable EP_LIQUIDE non trouvée - valeur par défaut : 0
2025-12-22 22:10:32 - client_scoring - WARNING - Variable EP_STABLE non trouvée - valeur par défaut : 0
2025-12-22 22:10:32 - client_scoring - WARNING - Variable SLD_DAV non trouvée - valeur par défaut : 0
2025-12-22 22:10:32 - client_scoring - WARNING - Variable détention CD_NOTE_UNVRS_ASSU non trouvée - valeur par défaut : 0
2025-12-22 22:10:32 - client_scoring - INFO - Variable détention CD_NOTE_UNVRS_CRED préparée
2025-12-22 22:10:32 - client_scoring - WARNING - Variable détention CD_NOTE_UNVRS_EPRGN non trouvée - valeur par défaut : 0
2025-12-22 22:10:32 - client_scoring - WARNING - Variable détention CD_NOTE_UNVRS_SERV non trouvée - valeur par défaut : 0
2025-12-22 22:10:32 - client_scoring - WARNING - Variable détention CD_NOTE_POIDS_UNVRS non trouvée - valeur par défaut : 0
2025-12-22 22:10:32 - client_scoring - INFO - Calcul pondération et normalisation PNB par cluster
2025-12-22 22:10:32 - client_scoring - INFO - Score client calculé avec 4 composantes
2025-12-22 22:10:32 - client_scoring - INFO - Calcul potentiels clients (top 25% par cluster)
2025-12-22 22:10:32 - client_scoring - INFO - Potentiels calculés basés sur 96 clients top 25%
2025-12-22 22:10:32 - client_scoring - INFO - Calcul segmentation finale
2025-12-22 22:10:32 - client_scoring - INFO - === MÉTRIQUES DE QUALITÉ SCORING ===
2025-12-22 22:10:32 - client_scoring - INFO - Clients scorés : 400
2025-12-22 22:10:32 - client_scoring - INFO - Clusters analysés : 10
2025-12-22 22:10:32 - client_scoring - INFO - Score client moyen : 0.415
2025-12-22 22:10:32 - client_scoring - INFO - Potentiel total : 909,671€
2025-12-22 22:10:32 - client_scoring - INFO - Potentiel moyen/client : 2,274€
2025-12-22 22:10:32 - client_scoring - INFO - Couverture scoring : 100.0%
2025-12-22 22:10:32 - client_scoring - INFO - Couverture potentiel : 93.2%
2025-12-22 22:10:32 - client_scoring - INFO - Distribution segments :
2025-12-22 22:10:32 - client_scoring - INFO -   - A developper: 153 clients (38.2%)
2025-12-22 22:10:32 - client_scoring - INFO -   - A stimuler: 124 clients (31.0%)
2025-12-22 22:10:32 - client_scoring - INFO -   - A construire: 101 clients (25.2%)
2025-12-22 22:10:32 - client_scoring - INFO -   - A entretenir: 22 clients (5.5%)
2025-12-22 22:10:32 - client_scoring - INFO - Top 3 clusters par potentiel moyen :
2025-12-22 22:10:32 - client_scoring - INFO -   - 18-22_C0: 3,403€ (27 clients)
2025-12-22 22:10:32 - client_scoring - INFO -   - 53-57_C0: 3,271€ (47 clients)
2025-12-22 22:10:32 - client_scoring - INFO -   - 43-47_C0: 2,591€ (57 clients)
2025-12-22 22:10:32 - client_scoring - INFO - Scoring terminé en 0.08s - 400 clients scorés
2025-12-22 22:10:49 - client_scoring - INFO - Logger client_scoring configuré - Fichier: /Users/taieb/Documents/GITHUB REPO/ML_banking_segmentation/logs/client_scoring_20251222.log
2025-12-22 22:10:49 - client_scoring - INFO - ClientScoringEngine initialisé - Top clients: 25.0%
2025-12-22 22:10:49 - client_scoring - INFO - Début calcul scores clients intra-cluster
2025-12-22 22:10:49 - client_scoring - INFO - Données clusterisées : (1000, 12)
2025-12-22 22:10:49 - client_scoring - INFO - Données financières : (1000, 8)
2025-12-22 22:10:49 - client_scoring - INFO - Données fusionnées : (1000, 19)
2025-12-22 22:10:49 - client_scoring - INFO - Nettoyage colonne CLUSTER_GLOBAL
2025-12-22 22:10:49 - client_scoring - INFO - Validation groupby réussie : 10 groupes
2025-12-22 22:10:49 - client_scoring - INFO - Clients clusterisés retenus : 1000
2025-12-22 22:10:49 - client_scoring - INFO - Clusters uniques : 10
2025-12-22 22:10:49 - client_scoring - INFO - Préparation données financières
2025-12-22 22:10:49 - client_scoring - INFO - Colonnes PNB disponibles : ['PNB_COLL', 'PNB_CRED', 'PNB_SERV', 'PNB_ASSU']
2025-12-22 22:10:49 - client_scoring - WARNING - Variable EP_LIQUIDE non trouvée - valeur par défaut : 0
2025-12-22 22:10:49 - client_scoring - WARNING - Variable EP_STABLE non trouvée - valeur par défaut : 0
2025-12-22 22:10:49 - client_scoring - WARNING - Variable SLD_DAV non trouvée - valeur par défaut : 0
2025-12-22 22:10:49 - client_scoring - WARNING - Variable détention CD_NOTE_UNVRS_ASSU non trouvée - valeur par défaut : 0
2025-12-22 22:10:49 - client_scoring - INFO - Variable détention CD_NOTE_UNVRS_CRED préparée
2025-12-22 22:10:49 - client_scoring - WARNING - Variable détention CD_NOTE_UNVRS_EPRGN non trouvée - valeur par défaut : 0
2025-12-22 22:10:49 - client_scoring - WARNING - Variable détention CD_NOTE_UNVRS_SERV non trouvée - valeur par défaut : 0
2025-12-22 22:10:49 - client_scoring - WARNING - Variable détention CD_NOTE_POIDS_UNVRS non trouvée - valeur par défaut : 0
2025-12-22 22:10:49 - client_scoring - INFO - Calcul pondération et normalisation PNB par cluster
2025-12-22 22:10:49 - client_scoring - INFO - Score client calculé avec 4 composantes
2025-12-22 22:10:49 - client_scoring - INFO - Calcul potentiels clients (top 25% par cluster)
2025-12-22 22:10:49 - client_scoring - INFO - Potentiels calculés basés sur 246 clients top 25%
2025-12-22 22:10:49 - client_scoring - INFO - Calcul segmentation finale
2025-12-22 22:10:49 - client_scoring - INFO - === MÉTRIQUES DE QUALITÉ SCORING ===
2025-12-22 22:10:49 - client_scoring - INFO - Clients scorés : 1,000
2025-12-22 22:10:49 - client_scoring - INFO - Clusters analysés : 10
2025-12-22 22:10:49 - client_scoring - INFO - Score client moyen : 0.538
2025-12-22 22:10:49 - client_scoring - INFO - Potentiel total : 1,961,723€
2025-12-22 22:10:49 - client_scoring - INFO - Potentiel moyen/client : 1,962€
2025-12-22 22:10:49 - client_scoring - INFO - Couverture scoring : 100.0%
2025-12-22 22:10:49 - client_scoring - INFO - Couverture potentiel : 93.1%
2025-12-22 22:10:49 - client_scoring - INFO - Distribution segments :
2025-12-22 22:10:49 - client_scoring - INFO -   - A developper: 382 clients (38.2%)
2025-12-22 22:10:49 - client_scoring - INFO -   - A stimuler: 311 clients (31.1%)
2025-12-22 22:10:49 - client_scoring - INFO -   - A construire: 251 clients (25.1%)
2025-12-22 22:10:49 - client_scoring - INFO -   - A entretenir: 56 clients (5.6%)
2025-12-22 22:10:49 - client_scoring - INFO - Top 3 clusters par potentiel moyen :
2025-12-22 22:10:49 - client_scoring - INFO -   - 53-57_C0: 3,016€ (111 clients)
2025-12-22 22:10:49 - client_scoring - INFO -   - 28-32_C0: 2,444€ (84 clients)
2025-12-22 22:10:49 - client_scoring - INFO -   - 43-47_C0: 2,403€ (139 clients)
2025-12-22 22:10:49 - client_scoring - INFO - Scoring terminé en 0.09s - 1000 clients scorés
2025-12-22 22:11:25 - client_scoring - INFO - Logger client_scoring configuré - Fichier: /Users/taieb/Documents/GITHUB REPO/ML_banking_segmentation/logs/client_scoring_20251222.log
2025-12-22 22:11:25 - client_scoring - INFO - ClientScoringEngine initialisé - Top clients: 25.0%
2025-12-22 22:11:25 - client_scoring - INFO - Début calcul scores clients intra-cluster
2025-12-22 22:11:25 - client_scoring - INFO - Données clusterisées : (1500, 12)
2025-12-22 22:11:25 - client_scoring - INFO - Données financières : (1500, 8)
2025-12-22 22:11:25 - client_scoring - INFO - Données fusionnées : (1500, 19)
2025-12-22 22:11:25 - client_scoring - INFO - Nettoyage colonne CLUSTER_GLOBAL
2025-12-22 22:11:25 - client_scoring - INFO - Validation groupby réussie : 10 groupes
2025-12-22 22:11:25 - client_scoring - INFO - Clients clusterisés retenus : 1500
2025-12-22 22:11:25 - client_scoring - INFO - Clusters uniques : 10
2025-12-22 22:11:25 - client_scoring - INFO - Préparation données financières
2025-12-22 22:11:25 - client_scoring - INFO - Colonnes PNB disponibles : ['PNB_COLL', 'PNB_CRED', 'PNB_SERV', 'PNB_ASSU']
2025-12-22 22:11:25 - client_scoring - WARNING - Variable EP_LIQUIDE non trouvée - valeur par défaut : 0
2025-12-22 22:11:25 - client_scoring - WARNING - Variable EP_STABLE non trouvée - valeur par défaut : 0
2025-12-22 22:11:25 - client_scoring - WARNING - Variable SLD_DAV non trouvée - valeur par défaut : 0
2025-12-22 22:11:25 - client_scoring - WARNING - Variable détention CD_NOTE_UNVRS_ASSU non trouvée - valeur par défaut : 0
2025-12-22 22:11:25 - client_scoring - INFO - Variable détention CD_NOTE_UNVRS_CRED préparée
2025-12-22 22:11:25 - client_scoring - WARNING - Variable détention CD_NOTE_UNVRS_EPRGN non trouvée - valeur par défaut : 0
2025-12-22 22:11:25 - client_scoring - WARNING - Variable détention CD_NOTE_UNVRS_SERV non trouvée - valeur par défaut : 0
2025-12-22 22:11:25 - client_scoring - WARNING - Variable détention CD_NOTE_POIDS_UNVRS non trouvée - valeur par défaut : 0
2025-12-22 22:11:25 - client_scoring - INFO - Calcul pondération et normalisation PNB par cluster
2025-12-22 22:11:25 - client_scoring - INFO - Score client calculé avec 4 composantes
2025-12-22 22:11:25 - client_scoring - INFO - Calcul potentiels clients (top 25% par cluster)
2025-12-22 22:11:25 - client_scoring - INFO - Potentiels calculés basés sur 372 clients top 25%
2025-12-22 22:11:25 - client_scoring - INFO - Calcul segmentation finale
2025-12-22 22:11:26 - client_scoring - INFO - === MÉTRIQUES DE QUALITÉ SCORING ===
2025-12-22 22:11:26 - client_scoring - INFO - Clients scorés : 1,500
2025-12-22 22:11:26 - client_scoring - INFO - Clusters analysés : 10
2025-12-22 22:11:26 - client_scoring - INFO - Score client moyen : 0.549
2025-12-22 22:11:26 - client_scoring - INFO - Potentiel total : 3,630,108€
2025-12-22 22:11:26 - client_scoring - INFO - Potentiel moyen/client : 2,420€
2025-12-22 22:11:26 - client_scoring - INFO - Couverture scoring : 100.0%
2025-12-22 22:11:26 - client_scoring - INFO - Couverture potentiel : 95.2%
2025-12-22 22:11:26 - client_scoring - INFO - Distribution segments :
2025-12-22 22:11:26 - client_scoring - INFO -   - A developper: 561 clients (37.4%)
2025-12-22 22:11:26 - client_scoring - INFO -   - A stimuler: 460 clients (30.7%)
2025-12-22 22:11:26 - client_scoring - INFO -   - A construire: 376 clients (25.1%)
2025-12-22 22:11:26 - client_scoring - INFO -   - A entretenir: 103 clients (6.9%)
2025-12-22 22:11:26 - client_scoring - INFO - Top 3 clusters par potentiel moyen :
2025-12-22 22:11:26 - client_scoring - INFO -   - 33-37_C0: 2,830€ (162 clients)
2025-12-22 22:11:26 - client_scoring - INFO -   - 43-47_C0: 2,825€ (193 clients)
2025-12-22 22:11:26 - client_scoring - INFO -   - 63+_C0: 2,781€ (160 clients)
2025-12-22 22:11:26 - client_scoring - INFO - Scoring terminé en 0.19s - 1500 clients scorés
2025-12-22 22:11:26 - client_scoring - INFO - ClientScoringEngine initialisé - Top clients: 25.0%
2025-12-22 22:11:26 - client_scoring - INFO - Début calcul scores clients intra-cluster
2025-12-22 22:11:26 - client_scoring - INFO - Données clusterisées : (1500, 12)
2025-12-22 22:11:26 - client_scoring - INFO - Données financières : (1500, 8)
2025-12-22 22:11:26 - client_scoring - INFO - Données fusionnées : (1500, 19)
2025-12-22 22:11:26 - client_scoring - INFO - Nettoyage colonne CLUSTER_GLOBAL
2025-12-22 22:11:26 - client_scoring - INFO - Validation groupby réussie : 10 groupes
2025-12-22 22:11:26 - client_scoring - INFO - Clients clusterisés retenus : 1500
2025-12-22 22:11:26 - client_scoring - INFO - Clusters uniques : 10
2025-12-22 22:11:26 - client_scoring - INFO - Préparation données financières
2025-12-22 22:11:26 - client_scoring - INFO - Colonnes PNB disponibles : ['PNB_COLL', 'PNB_CRED', 'PNB_SERV', 'PNB_ASSU']
2025-12-22 22:11:26 - client_scoring - WARNING - Variable EP_LIQUIDE non trouvée - valeur par défaut : 0
2025-12-22 22:11:26 - client_scoring - WARNING - Variable EP_STABLE non trouvée - valeur par défaut : 0
2025-12-22 22:11:26 - client_scoring - WARNING - Variable SLD_DAV non trouvée - valeur par défaut : 0
2025-12-22 22:11:26 - client_scoring - WARNING - Variable détention CD_NOTE_UNVRS_ASSU non trouvée - valeur par défaut : 0
2025-12-22 22:11:26 - client_scoring - INFO - Variable détention CD_NOTE_UNVRS_CRED préparée
2025-12-22 22:11:26 - client_scoring - WARNING - Variable détention CD_NOTE_UNVRS_EPRGN non trouvée - valeur par défaut : 0
2025-12-22 22:11:26 - client_scoring - WARNING - Variable détention CD_NOTE_UNVRS_SERV non trouvée - valeur par défaut : 0
2025-12-22 22:11:26 - client_scoring - WARNING - Variable détention CD_NOTE_POIDS_UNVRS non trouvée - valeur par défaut : 0
2025-12-22 22:11:26 - client_scoring - INFO - Calcul pondération et normalisation PNB par cluster
2025-12-22 22:11:26 - client_scoring - INFO - Score client calculé avec 4 composantes
2025-12-22 22:11:26 - client_scoring - INFO - Calcul potentiels clients (top 25% par cluster)
2025-12-22 22:11:26 - client_scoring - INFO - Potentiels calculés basés sur 372 clients top 25%
2025-12-22 22:11:26 - client_scoring - INFO - Calcul segmentation finale
2025-12-22 22:11:26 - client_scoring - INFO - === MÉTRIQUES DE QUALITÉ SCORING ===
2025-12-22 22:11:26 - client_scoring - INFO - Clients scorés : 1,500
2025-12-22 22:11:26 - client_scoring - INFO - Clusters analysés : 10
2025-12-22 22:11:26 - client_scoring - INFO - Score client moyen : 0.549
2025-12-22 22:11:26 - client_scoring - INFO - Potentiel total : 3,630,108€
2025-12-22 22:11:26 - client_scoring - INFO - Potentiel moyen/client : 2,420€
2025-12-22 22:11:26 - client_scoring - INFO - Couverture scoring : 100.0%
2025-12-22 22:11:26 - client_scoring - INFO - Couverture potentiel : 95.2%
2025-12-22 22:11:26 - client_scoring - INFO - Distribution segments :
2025-12-22 22:11:26 - client_scoring - INFO -   - A developper: 561 clients (37.4%)
2025-12-22 22:11:26 - client_scoring - INFO -   - A stimuler: 460 clients (30.7%)
2025-12-22 22:11:26 - client_scoring - INFO -   - A construire: 376 clients (25.1%)
2025-12-22 22:11:26 - client_scoring - INFO -   - A entretenir: 103 clients (6.9%)
2025-12-22 22:11:26 - client_scoring - INFO - Top 3 clusters par potentiel moyen :
2025-12-22 22:11:26 - client_scoring - INFO -   - 33-37_C0: 2,830€ (162 clients)
2025-12-22 22:11:26 - client_scoring - INFO -   - 43-47_C0: 2,825€ (193 clients)
2025-12-22 22:11:26 - client_scoring - INFO -   - 63+_C0: 2,781€ (160 clients)
2025-12-22 22:11:26 - client_scoring - INFO - Scoring terminé en 0.09s - 1500 clients scorés
2025-12-22 22:11:26 - client_scoring - INFO - ClientScoringEngine initialisé - Top clients: 25.0%
2025-12-22 22:11:26 - client_scoring - INFO - Début calcul scores clients intra-cluster
2025-12-22 22:11:26 - client_scoring - INFO - Données clusterisées : (1500, 12)
2025-12-22 22:11:26 - client_scoring - INFO - Données financières : (1500, 8)
2025-12-22 22:11:26 - client_scoring - INFO - Données fusionnées : (1500, 19)
2025-12-22 22:11:26 - client_scoring - INFO - Nettoyage colonne CLUSTER_GLOBAL
2025-12-22 22:11:26 - client_scoring - INFO - Validation groupby réussie : 10 groupes
2025-12-22 22:11:26 - client_scoring - INFO - Clients clusterisés retenus : 1500
2025-12-22 22:11:26 - client_scoring - INFO - Clusters uniques : 10
2025-12-22 22:11:26 - client_scoring - INFO - Préparation données financières
2025-12-22 22:11:26 - client_scoring - INFO - Colonnes PNB disponibles : ['PNB_COLL', 'PNB_CRED', 'PNB_SERV', 'PNB_ASSU']
2025-12-22 22:11:26 - client_scoring - WARNING - Variable EP_LIQUIDE non trouvée - valeur par défaut : 0
2025-12-22 22:11:26 - client_scoring - WARNING - Variable EP_STABLE non trouvée - valeur par défaut : 0
2025-12-22 22:11:26 - client_scoring - WARNING - Variable SLD_DAV non trouvée - valeur par défaut : 0
2025-12-22 22:11:26 - client_scoring - WARNING - Variable détention CD_NOTE_UNVRS_ASSU non trouvée - valeur par défaut : 0
2025-12-22 22:11:26 - client_scoring - INFO - Variable détention CD_NOTE_UNVRS_CRED préparée
2025-12-22 22:11:26 - client_scoring - WARNING - Variable détention CD_NOTE_UNVRS_EPRGN non trouvée - valeur par défaut : 0
2025-12-22 22:11:26 - client_scoring - WARNING - Variable détention CD_NOTE_UNVRS_SERV non trouvée - valeur par défaut : 0
2025-12-22 22:11:26 - client_scoring - WARNING - Variable détention CD_NOTE_POIDS_UNVRS non trouvée - valeur par défaut : 0
2025-12-22 22:11:26 - client_scoring - INFO - Calcul pondération et normalisation PNB par cluster
2025-12-22 22:11:26 - client_scoring - INFO - Score client calculé avec 4 composantes
2025-12-22 22:11:26 - client_scoring - INFO - Calcul potentiels clients (top 25% par cluster)
2025-12-22 22:11:26 - client_scoring - INFO - Potentiels calculés basés sur 372 clients top 25%
2025-12-22 22:11:26 - client_scoring - INFO - Calcul segmentation finale
2025-12-22 22:11:26 - client_scoring - INFO - === MÉTRIQUES DE QUALITÉ SCORING ===
2025-12-22 22:11:26 - client_scoring - INFO - Clients scorés : 1,500
2025-12-22 22:11:26 - client_scoring - INFO - Clusters analysés : 10
2025-12-22 22:11:26 - client_scoring - INFO - Score client moyen : 0.549
2025-12-22 22:11:26 - client_scoring - INFO - Potentiel total : 3,630,108€
2025-12-22 22:11:26 - client_scoring - INFO - Potentiel moyen/client : 2,420€
2025-12-22 22:11:26 - client_scoring - INFO - Couverture scoring : 100.0%
2025-12-22 22:11:26 - client_scoring - INFO - Couverture potentiel : 95.2%
2025-12-22 22:11:26 - client_scoring - INFO - Distribution segments :
2025-12-22 22:11:26 - client_scoring - INFO -   - A developper: 561 clients (37.4%)
2025-12-22 22:11:26 - client_scoring - INFO -   - A stimuler: 460 clients (30.7%)
2025-12-22 22:11:26 - client_scoring - INFO -   - A construire: 376 clients (25.1%)
2025-12-22 22:11:26 - client_scoring - INFO -   - A entretenir: 103 clients (6.9%)
2025-12-22 22:11:26 - client_scoring - INFO - Top 3 clusters par potentiel moyen :
2025-12-22 22:11:26 - client_scoring - INFO -   - 33-37_C0: 2,830€ (162 clients)
2025-12-22 22:11:26 - client_scoring - INFO -   - 43-47_C0: 2,825€ (193 clients)
2025-12-22 22:11:26 - client_scoring - INFO -   - 63+_C0: 2,781€ (160 clients)
2025-12-22 22:11:26 - client_scoring - INFO - Scoring terminé en 0.09s - 1500 clients scorés
2025-12-22 22:11:26 - client_scoring - INFO - ClientScoringEngine initialisé - Top clients: 25.0%
2025-12-22 22:11:26 - client_scoring - INFO - ClientScoringEngine initialisé - Top clients: 25.0%
2025-12-22 22:11:26 - client_scoring - INFO - Début calcul scores clients intra-cluster
2025-12-22 22:11:26 - client_scoring - INFO - Données clusterisées : (1500, 12)
2025-12-22 22:11:26 - client_scoring - INFO - Données financières : (1500, 8)
2025-12-22 22:11:26 - client_scoring - INFO - Données fusionnées : (1500, 19)
2025-12-22 22:11:26 - client_scoring - INFO - Nettoyage colonne CLUSTER_GLOBAL
2025-12-22 22:11:26 - client_scoring - INFO - Validation groupby réussie : 10 groupes
2025-12-22 22:11:26 - client_scoring - INFO - Clients clusterisés retenus : 1500
2025-12-22 22:11:26 - client_scoring - INFO - Clusters uniques : 10
2025-12-22 22:11:26 - client_scoring - INFO - Préparation données financières
2025-12-22 22:11:26 - client_scoring - INFO - Colonnes PNB disponibles : ['PNB_COLL', 'PNB_CRED', 'PNB_SERV', 'PNB_ASSU']
2025-12-22 22:11:26 - client_scoring - WARNING - Variable EP_LIQUIDE non trouvée - valeur par défaut : 0
2025-12-22 22:11:26 - client_scoring - WARNING - Variable EP_STABLE non trouvée - valeur par défaut : 0
2025-12-22 22:11:26 - client_scoring - WARNING - Variable SLD_DAV non trouvée - valeur par défaut : 0
2025-12-22 22:11:26 - client_scoring - WARNING - Variable détention CD_NOTE_UNVRS_ASSU non trouvée - valeur par défaut : 0
2025-12-22 22:11:26 - client_scoring - INFO - Variable détention CD_NOTE_UNVRS_CRED préparée
2025-12-22 22:11:26 - client_scoring - WARNING - Variable détention CD_NOTE_UNVRS_EPRGN non trouvée - valeur par défaut : 0
2025-12-22 22:11:26 - client_scoring - WARNING - Variable détention CD_NOTE_UNVRS_SERV non trouvée - valeur par défaut : 0
2025-12-22 22:11:26 - client_scoring - WARNING - Variable détention CD_NOTE_POIDS_UNVRS non trouvée - valeur par défaut : 0
2025-12-22 22:11:26 - client_scoring - INFO - Calcul pondération et normalisation PNB par cluster
2025-12-22 22:11:26 - client_scoring - INFO - Score client calculé avec 4 composantes
2025-12-22 22:11:26 - client_scoring - INFO - Calcul potentiels clients (top 25% par cluster)
2025-12-22 22:11:26 - client_scoring - INFO - Potentiels calculés basés sur 372 clients top 25%
2025-12-22 22:11:26 - client_scoring - INFO - Calcul segmentation finale
2025-12-22 22:11:26 - client_scoring - INFO - === MÉTRIQUES DE QUALITÉ SCORING ===
2025-12-22 22:11:26 - client_scoring - INFO - Clients scorés : 1,500
2025-12-22 22:11:26 - client_scoring - INFO - Clusters analysés : 10
2025-12-22 22:11:26 - client_scoring - INFO - Score client moyen : 0.549
2025-12-22 22:11:26 - client_scoring - INFO - Potentiel total : 3,630,108€
2025-12-22 22:11:26 - client_scoring - INFO - Potentiel moyen/client : 2,420€
2025-12-22 22:11:26 - client_scoring - INFO - Couverture scoring : 100.0%
2025-12-22 22:11:26 - client_scoring - INFO - Couverture potentiel : 95.2%
2025-12-22 22:11:26 - client_scoring - INFO - Distribution segments :
2025-12-22 22:11:26 - client_scoring - INFO -   - A developper: 561 clients (37.4%)
2025-12-22 22:11:26 - client_scoring - INFO -   - A stimuler: 460 clients (30.7%)
2025-12-22 22:11:26 - client_scoring - INFO -   - A construire: 376 clients (25.1%)
2025-12-22 22:11:26 - client_scoring - INFO -   - A entretenir: 103 clients (6.9%)
2025-12-22 22:11:26 - client_scoring - INFO - Top 3 clusters par potentiel moyen :
2025-12-22 22:11:26 - client_scoring - INFO -   - 33-37_C0: 2,830€ (162 clients)
2025-12-22 22:11:26 - client_scoring - INFO -   - 43-47_C0: 2,825€ (193 clients)
2025-12-22 22:11:26 - client_scoring - INFO -   - 63+_C0: 2,781€ (160 clients)
2025-12-22 22:11:26 - client_scoring - INFO - Scoring terminé en 0.09s - 1500 clients scorés
2025-12-22 22:11:26 - client_scoring - INFO - ClientScoringEngine initialisé - Top clients: 25.0%
2025-12-22 22:11:26 - client_scoring - INFO - Début calcul scores clients intra-cluster
2025-12-22 22:11:26 - client_scoring - INFO - Données clusterisées : (1500, 12)
2025-12-22 22:11:26 - client_scoring - INFO - Données financières : (1500, 8)
2025-12-22 22:11:26 - client_scoring - INFO - Données fusionnées : (1500, 19)
2025-12-22 22:11:26 - client_scoring - INFO - Nettoyage colonne CLUSTER_GLOBAL
2025-12-22 22:11:26 - client_scoring - INFO - Validation groupby réussie : 10 groupes
2025-12-22 22:11:26 - client_scoring - INFO - Clients clusterisés retenus : 1500
2025-12-22 22:11:26 - client_scoring - INFO - Clusters uniques : 10
2025-12-22 22:11:26 - client_scoring - INFO - Préparation données financières
2025-12-22 22:11:26 - client_scoring - INFO - Colonnes PNB disponibles : ['PNB_COLL', 'PNB_CRED', 'PNB_SERV', 'PNB_ASSU']
2025-12-22 22:11:26 - client_scoring - WARNING - Variable EP_LIQUIDE non trouvée - valeur par défaut : 0
2025-12-22 22:11:26 - client_scoring - WARNING - Variable EP_STABLE non trouvée - valeur par défaut : 0
2025-12-22 22:11:26 - client_scoring - WARNING - Variable SLD_DAV non trouvée - valeur par défaut : 0
2025-12-22 22:11:26 - client_scoring - WARNING - Variable détention CD_NOTE_UNVRS_ASSU non trouvée - valeur par défaut : 0
2025-12-22 22:11:26 - client_scoring - INFO - Variable détention CD_NOTE_UNVRS_CRED préparée
2025-12-22 22:11:26 - client_scoring - WARNING - Variable détention CD_NOTE_UNVRS_EPRGN non trouvée - valeur par défaut : 0
2025-12-22 22:11:26 - client_scoring - WARNING - Variable détention CD_NOTE_UNVRS_SERV non trouvée - valeur par défaut : 0
2025-12-22 22:11:26 - client_scoring - WARNING - Variable détention CD_NOTE_POIDS_UNVRS non trouvée - valeur par défaut : 0
2025-12-22 22:11:26 - client_scoring - INFO - Calcul pondération et normalisation PNB par cluster
2025-12-22 22:11:26 - client_scoring - INFO - Score client calculé avec 4 composantes
2025-12-22 22:11:26 - client_scoring - INFO - Calcul potentiels clients (top 25% par cluster)
2025-12-22 22:11:26 - client_scoring - INFO - Potentiels calculés basés sur 372 clients top 25%
2025-12-22 22:11:26 - client_scoring - INFO - Calcul segmentation finale
2025-12-22 22:11:26 - client_scoring - INFO - === MÉTRIQUES DE QUALITÉ SCORING ===
2025-12-22 22:11:26 - client_scoring - INFO - Clients scorés : 1,500
2025-12-22 22:11:26 - client_scoring - INFO - Clusters analysés : 10
2025-12-22 22:11:26 - client_scoring - INFO - Score client moyen : 0.549
2025-12-22 22:11:26 - client_scoring - INFO - Potentiel total : 3,630,108€
2025-12-22 22:11:26 - client_scoring - INFO - Potentiel moyen/client : 2,420€
2025-12-22 22:11:26 - client_scoring - INFO - Couverture scoring : 100.0%
2025-12-22 22:11:26 - client_scoring - INFO - Couverture potentiel : 95.2%
2025-12-22 22:11:26 - client_scoring - INFO - Distribution segments :
2025-12-22 22:11:26 - client_scoring - INFO -   - A developper: 561 clients (37.4%)
2025-12-22 22:11:26 - client_scoring - INFO -   - A stimuler: 460 clients (30.7%)
2025-12-22 22:11:26 - client_scoring - INFO -   - A construire: 376 clients (25.1%)
2025-12-22 22:11:26 - client_scoring - INFO -   - A entretenir: 103 clients (6.9%)
2025-12-22 22:11:26 - client_scoring - INFO - Top 3 clusters par potentiel moyen :
2025-12-22 22:11:26 - client_scoring - INFO -   - 33-37_C0: 2,830€ (162 clients)
2025-12-22 22:11:26 - client_scoring - INFO -   - 43-47_C0: 2,825€ (193 clients)
2025-12-22 22:11:26 - client_scoring - INFO -   - 63+_C0: 2,781€ (160 clients)
2025-12-22 22:11:26 - client_scoring - INFO - Scoring terminé en 0.09s - 1500 clients scorés
2025-12-22 22:11:26 - client_scoring - INFO - ClientScoringEngine initialisé - Top clients: 25.0%
2025-12-22 22:11:26 - client_scoring - INFO - Début calcul scores clients intra-cluster
2025-12-22 22:11:26 - client_scoring - INFO - Données clusterisées : (1500, 12)
2025-12-22 22:11:26 - client_scoring - INFO - Données financières : (1500, 8)
2025-12-22 22:11:26 - client_scoring - INFO - Données fusionnées : (1500, 19)
2025-12-22 22:11:26 - client_scoring - INFO - Nettoyage colonne CLUSTER_GLOBAL
2025-12-22 22:11:26 - client_scoring - INFO - Validation groupby réussie : 10 groupes
2025-12-22 22:11:26 - client_scoring - INFO - Clients clusterisés retenus : 1500
2025-12-22 22:11:26 - client_scoring - INFO - Clusters uniques : 10
2025-12-22 22:11:26 - client_scoring - INFO - Préparation données financières
2025-12-22 22:11:26 - client_scoring - INFO - Colonnes PNB disponibles : ['PNB_COLL', 'PNB_CRED', 'PNB_SERV', 'PNB_ASSU']
2025-12-22 22:11:26 - client_scoring - WARNING - Variable EP_LIQUIDE non trouvée - valeur par défaut : 0
2025-12-22 22:11:26 - client_scoring - WARNING - Variable EP_STABLE non trouvée - valeur par défaut : 0
2025-12-22 22:11:26 - client_scoring - WARNING - Variable SLD_DAV non trouvée - valeur par défaut : 0
2025-12-22 22:11:26 - client_scoring - WARNING - Variable détention CD_NOTE_UNVRS_ASSU non trouvée - valeur par défaut : 0
2025-12-22 22:11:26 - client_scoring - INFO - Variable détention CD_NOTE_UNVRS_CRED préparée
2025-12-22 22:11:26 - client_scoring - WARNING - Variable détention CD_NOTE_UNVRS_EPRGN non trouvée - valeur par défaut : 0
2025-12-22 22:11:26 - client_scoring - WARNING - Variable détention CD_NOTE_UNVRS_SERV non trouvée - valeur par défaut : 0
2025-12-22 22:11:26 - client_scoring - WARNING - Variable détention CD_NOTE_POIDS_UNVRS non trouvée - valeur par défaut : 0
2025-12-22 22:11:26 - client_scoring - INFO - Calcul pondération et normalisation PNB par cluster
2025-12-22 22:11:26 - client_scoring - INFO - Score client calculé avec 4 composantes
2025-12-22 22:11:26 - client_scoring - INFO - Calcul potentiels clients (top 25% par cluster)
2025-12-22 22:11:26 - client_scoring - INFO - Potentiels calculés basés sur 372 clients top 25%
2025-12-22 22:11:26 - client_scoring - INFO - Calcul segmentation finale
2025-12-22 22:11:26 - client_scoring - INFO - === MÉTRIQUES DE QUALITÉ SCORING ===
2025-12-22 22:11:26 - client_scoring - INFO - Clients scorés : 1,500
2025-12-22 22:11:26 - client_scoring - INFO - Clusters analysés : 10
2025-12-22 22:11:26 - client_scoring - INFO - Score client moyen : 0.549
2025-12-22 22:11:26 - client_scoring - INFO - Potentiel total : 3,630,108€
2025-12-22 22:11:26 - client_scoring - INFO - Potentiel moyen/client : 2,420€
2025-12-22 22:11:26 - client_scoring - INFO - Couverture scoring : 100.0%
2025-12-22 22:11:26 - client_scoring - INFO - Couverture potentiel : 95.2%
2025-12-22 22:11:26 - client_scoring - INFO - Distribution segments :
2025-12-22 22:11:26 - client_scoring - INFO -   - A developper: 561 clients (37.4%)
2025-12-22 22:11:26 - client_scoring - INFO -   - A stimuler: 460 clients (30.7%)
2025-12-22 22:11:26 - client_scoring - INFO -   - A construire: 376 clients (25.1%)
2025-12-22 22:11:26 - client_scoring - INFO -   - A entretenir: 103 clients (6.9%)
2025-12-22 22:11:26 - client_scoring - INFO - Top 3 clusters par potentiel moyen :
2025-12-22 22:11:26 - client_scoring - INFO -   - 33-37_C0: 2,830€ (162 clients)
2025-12-22 22:11:26 - client_scoring - INFO -   - 43-47_C0: 2,825€ (193 clients)
2025-12-22 22:11:26 - client_scoring - INFO -   - 63+_C0: 2,781€ (160 clients)
2025-12-22 22:11:26 - client_scoring - INFO - Scoring terminé en 0.09s - 1500 clients scorés
2025-12-22 22:11:27 - client_scoring - INFO - ClientScoringEngine initialisé - Top clients: 25.0%
2025-12-22 22:11:27 - client_scoring - INFO - Début calcul scores clients intra-cluster
2025-12-22 22:11:27 - client_scoring - INFO - Données clusterisées : (2000, 12)
2025-12-22 22:11:27 - client_scoring - INFO - Données financières : (2000, 8)
2025-12-22 22:11:27 - client_scoring - INFO - Données fusionnées : (2000, 19)
2025-12-22 22:11:27 - client_scoring - INFO - Nettoyage colonne CLUSTER_GLOBAL
2025-12-22 22:11:27 - client_scoring - INFO - Validation groupby réussie : 10 groupes
2025-12-22 22:11:27 - client_scoring - INFO - Clients clusterisés retenus : 2000
2025-12-22 22:11:27 - client_scoring - INFO - Clusters uniques : 10
2025-12-22 22:11:27 - client_scoring - INFO - Préparation données financières
2025-12-22 22:11:27 - client_scoring - INFO - Colonnes PNB disponibles : ['PNB_COLL', 'PNB_CRED', 'PNB_SERV', 'PNB_ASSU']
2025-12-22 22:11:27 - client_scoring - WARNING - Variable EP_LIQUIDE non trouvée - valeur par défaut : 0
2025-12-22 22:11:27 - client_scoring - WARNING - Variable EP_STABLE non trouvée - valeur par défaut : 0
2025-12-22 22:11:27 - client_scoring - WARNING - Variable SLD_DAV non trouvée - valeur par défaut : 0
2025-12-22 22:11:27 - client_scoring - WARNING - Variable détention CD_NOTE_UNVRS_ASSU non trouvée - valeur par défaut : 0
2025-12-22 22:11:27 - client_scoring - INFO - Variable détention CD_NOTE_UNVRS_CRED préparée
2025-12-22 22:11:27 - client_scoring - WARNING - Variable détention CD_NOTE_UNVRS_EPRGN non trouvée - valeur par défaut : 0
2025-12-22 22:11:27 - client_scoring - WARNING - Variable détention CD_NOTE_UNVRS_SERV non trouvée - valeur par défaut : 0
2025-12-22 22:11:27 - client_scoring - WARNING - Variable détention CD_NOTE_POIDS_UNVRS non trouvée - valeur par défaut : 0
2025-12-22 22:11:27 - client_scoring - INFO - Calcul pondération et normalisation PNB par cluster
2025-12-22 22:11:27 - client_scoring - INFO - Score client calculé avec 4 composantes
2025-12-22 22:11:27 - client_scoring - INFO - Calcul potentiels clients (top 25% par cluster)
2025-12-22 22:11:27 - client_scoring - INFO - Potentiels calculés basés sur 495 clients top 25%
2025-12-22 22:11:27 - client_scoring - INFO - Calcul segmentation finale
2025-12-22 22:11:27 - client_scoring - INFO - === MÉTRIQUES DE QUALITÉ SCORING ===
2025-12-22 22:11:27 - client_scoring - INFO - Clients scorés : 2,000
2025-12-22 22:11:27 - client_scoring - INFO - Clusters analysés : 10
2025-12-22 22:11:27 - client_scoring - INFO - Score client moyen : 0.564
2025-12-22 22:11:27 - client_scoring - INFO - Potentiel total : 4,029,085€
2025-12-22 22:11:27 - client_scoring - INFO - Potentiel moyen/client : 2,015€
2025-12-22 22:11:27 - client_scoring - INFO - Couverture scoring : 100.0%
2025-12-22 22:11:27 - client_scoring - INFO - Couverture potentiel : 94.8%
2025-12-22 22:11:27 - client_scoring - INFO - Distribution segments :
2025-12-22 22:11:27 - client_scoring - INFO -   - A developper: 758 clients (37.9%)
2025-12-22 22:11:27 - client_scoring - INFO -   - A stimuler: 611 clients (30.6%)
2025-12-22 22:11:27 - client_scoring - INFO -   - A construire: 502 clients (25.1%)
2025-12-22 22:11:27 - client_scoring - INFO -   - A entretenir: 129 clients (6.5%)
2025-12-22 22:11:27 - client_scoring - INFO - Top 3 clusters par potentiel moyen :
2025-12-22 22:11:27 - client_scoring - INFO -   - 53-57_C0: 2,666€ (211 clients)
2025-12-22 22:11:27 - client_scoring - INFO -   - 48-52_C0: 2,198€ (257 clients)
2025-12-22 22:11:27 - client_scoring - INFO -   - 58-62_C0: 2,172€ (163 clients)
2025-12-22 22:11:27 - client_scoring - INFO - Scoring terminé en 0.11s - 2000 clients scorés
2025-12-22 22:11:28 - client_scoring - INFO - ClientScoringEngine initialisé - Top clients: 25.0%
2025-12-22 22:11:28 - client_scoring - INFO - Début calcul scores clients intra-cluster
2025-12-22 22:11:28 - client_scoring - INFO - Données clusterisées : (2000, 12)
2025-12-22 22:11:28 - client_scoring - INFO - Données financières : (2000, 8)
2025-12-22 22:11:28 - client_scoring - INFO - Données fusionnées : (2000, 19)
2025-12-22 22:11:28 - client_scoring - INFO - Nettoyage colonne CLUSTER_GLOBAL
2025-12-22 22:11:28 - client_scoring - INFO - Validation groupby réussie : 10 groupes
2025-12-22 22:11:28 - client_scoring - INFO - Clients clusterisés retenus : 2000
2025-12-22 22:11:28 - client_scoring - INFO - Clusters uniques : 10
2025-12-22 22:11:28 - client_scoring - INFO - Préparation données financières
2025-12-22 22:11:28 - client_scoring - INFO - Colonnes PNB disponibles : ['PNB_COLL', 'PNB_CRED', 'PNB_SERV', 'PNB_ASSU']
2025-12-22 22:11:28 - client_scoring - WARNING - Variable EP_LIQUIDE non trouvée - valeur par défaut : 0
2025-12-22 22:11:28 - client_scoring - WARNING - Variable EP_STABLE non trouvée - valeur par défaut : 0
2025-12-22 22:11:28 - client_scoring - WARNING - Variable SLD_DAV non trouvée - valeur par défaut : 0
2025-12-22 22:11:28 - client_scoring - WARNING - Variable détention CD_NOTE_UNVRS_ASSU non trouvée - valeur par défaut : 0
2025-12-22 22:11:28 - client_scoring - INFO - Variable détention CD_NOTE_UNVRS_CRED préparée
2025-12-22 22:11:28 - client_scoring - WARNING - Variable détention CD_NOTE_UNVRS_EPRGN non trouvée - valeur par défaut : 0
2025-12-22 22:11:28 - client_scoring - WARNING - Variable détention CD_NOTE_UNVRS_SERV non trouvée - valeur par défaut : 0
2025-12-22 22:11:28 - client_scoring - WARNING - Variable détention CD_NOTE_POIDS_UNVRS non trouvée - valeur par défaut : 0
2025-12-22 22:11:28 - client_scoring - INFO - Calcul pondération et normalisation PNB par cluster
2025-12-22 22:11:28 - client_scoring - INFO - Score client calculé avec 4 composantes
2025-12-22 22:11:28 - client_scoring - INFO - Calcul potentiels clients (top 25% par cluster)
2025-12-22 22:11:28 - client_scoring - INFO - Potentiels calculés basés sur 495 clients top 25%
2025-12-22 22:11:28 - client_scoring - INFO - Calcul segmentation finale
2025-12-22 22:11:28 - client_scoring - INFO - === MÉTRIQUES DE QUALITÉ SCORING ===
2025-12-22 22:11:28 - client_scoring - INFO - Clients scorés : 2,000
2025-12-22 22:11:28 - client_scoring - INFO - Clusters analysés : 10
2025-12-22 22:11:28 - client_scoring - INFO - Score client moyen : 0.564
2025-12-22 22:11:28 - client_scoring - INFO - Potentiel total : 4,029,085€
2025-12-22 22:11:28 - client_scoring - INFO - Potentiel moyen/client : 2,015€
2025-12-22 22:11:28 - client_scoring - INFO - Couverture scoring : 100.0%
2025-12-22 22:11:28 - client_scoring - INFO - Couverture potentiel : 94.8%
2025-12-22 22:11:28 - client_scoring - INFO - Distribution segments :
2025-12-22 22:11:28 - client_scoring - INFO -   - A developper: 758 clients (37.9%)
2025-12-22 22:11:28 - client_scoring - INFO -   - A stimuler: 611 clients (30.6%)
2025-12-22 22:11:28 - client_scoring - INFO -   - A construire: 502 clients (25.1%)
2025-12-22 22:11:28 - client_scoring - INFO -   - A entretenir: 129 clients (6.5%)
2025-12-22 22:11:28 - client_scoring - INFO - Top 3 clusters par potentiel moyen :
2025-12-22 22:11:28 - client_scoring - INFO -   - 53-57_C0: 2,666€ (211 clients)
2025-12-22 22:11:28 - client_scoring - INFO -   - 48-52_C0: 2,198€ (257 clients)
2025-12-22 22:11:28 - client_scoring - INFO -   - 58-62_C0: 2,172€ (163 clients)
2025-12-22 22:11:28 - client_scoring - INFO - Scoring terminé en 0.10s - 2000 clients scorés
2025-12-22 22:11:29 - client_scoring - INFO - ClientScoringEngine initialisé - Top clients: 25.0%
2025-12-22 22:11:29 - client_scoring - INFO - Début calcul scores clients intra-cluster
2025-12-22 22:11:29 - client_scoring - INFO - Données clusterisées : (2000, 12)
2025-12-22 22:11:29 - client_scoring - INFO - Données financières : (2000, 8)
2025-12-22 22:11:29 - client_scoring - INFO - Données fusionnées : (2000, 19)
2025-12-22 22:11:29 - client_scoring - INFO - Nettoyage colonne CLUSTER_GLOBAL
2025-12-22 22:11:29 - client_scoring - INFO - Validation groupby réussie : 10 groupes
2025-12-22 22:11:29 - client_scoring - INFO - Clients clusterisés retenus : 2000
2025-12-22 22:11:29 - client_scoring - INFO - Clusters uniques : 10
2025-12-22 22:11:29 - client_scoring - INFO - Préparation données financières
2025-12-22 22:11:29 - client_scoring - INFO - Colonnes PNB disponibles : ['PNB_COLL', 'PNB_CRED', 'PNB_SERV', 'PNB_ASSU']
2025-12-22 22:11:29 - client_scoring - WARNING - Variable EP_LIQUIDE non trouvée - valeur par défaut : 0
2025-12-22 22:11:29 - client_scoring - WARNING - Variable EP_STABLE non trouvée - valeur par défaut : 0
2025-12-22 22:11:29 - client_scoring - WARNING - Variable SLD_DAV non trouvée - valeur par défaut : 0
2025-12-22 22:11:29 - client_scoring - WARNING - Variable détention CD_NOTE_UNVRS_ASSU non trouvée - valeur par défaut : 0
2025-12-22 22:11:29 - client_scoring - INFO - Variable détention CD_NOTE_UNVRS_CRED préparée
2025-12-22 22:11:29 - client_scoring - WARNING - Variable détention CD_NOTE_UNVRS_EPRGN non trouvée - valeur par défaut : 0
2025-12-22 22:11:29 - client_scoring - WARNING - Variable détention CD_NOTE_UNVRS_SERV non trouvée - valeur par défaut : 0
2025-12-22 22:11:29 - client_scoring - WARNING - Variable détention CD_NOTE_POIDS_UNVRS non trouvée - valeur par défaut : 0
2025-12-22 22:11:29 - client_scoring - INFO - Calcul pondération et normalisation PNB par cluster
2025-12-22 22:11:29 - client_scoring - INFO - Score client calculé avec 4 composantes
2025-12-22 22:11:29 - client_scoring - INFO - Calcul potentiels clients (top 25% par cluster)
2025-12-22 22:11:29 - client_scoring - INFO - Potentiels calculés basés sur 495 clients top 25%
2025-12-22 22:11:29 - client_scoring - INFO - Calcul segmentation finale
2025-12-22 22:11:29 - client_scoring - INFO - === MÉTRIQUES DE QUALITÉ SCORING ===
2025-12-22 22:11:29 - client_scoring - INFO - Clients scorés : 2,000
2025-12-22 22:11:29 - client_scoring - INFO - Clusters analysés : 10
2025-12-22 22:11:29 - client_scoring - INFO - Score client moyen : 0.564
2025-12-22 22:11:29 - client_scoring - INFO - Potentiel total : 4,029,085€
2025-12-22 22:11:29 - client_scoring - INFO - Potentiel moyen/client : 2,015€
2025-12-22 22:11:29 - client_scoring - INFO - Couverture scoring : 100.0%
2025-12-22 22:11:29 - client_scoring - INFO - Couverture potentiel : 94.8%
2025-12-22 22:11:29 - client_scoring - INFO - Distribution segments :
2025-12-22 22:11:29 - client_scoring - INFO -   - A developper: 758 clients (37.9%)
2025-12-22 22:11:29 - client_scoring - INFO -   - A stimuler: 611 clients (30.6%)
2025-12-22 22:11:29 - client_scoring - INFO -   - A construire: 502 clients (25.1%)
2025-12-22 22:11:29 - client_scoring - INFO -   - A entretenir: 129 clients (6.5%)
2025-12-22 22:11:29 - client_scoring - INFO - Top 3 clusters par potentiel moyen :
2025-12-22 22:11:29 - client_scoring - INFO -   - 53-57_C0: 2,666€ (211 clients)
2025-12-22 22:11:29 - client_scoring - INFO -   - 48-52_C0: 2,198€ (257 clients)
2025-12-22 22:11:29 - client_scoring - INFO -   - 58-62_C0: 2,172€ (163 clients)
2025-12-22 22:11:29 - client_scoring - INFO - Scoring terminé en 0.09s - 2000 clients scorés
2025-12-22 22:11:29 - client_scoring - INFO - ClientScoringEngine initialisé - Top clients: 25.0%
2025-12-22 22:11:29 - client_scoring - INFO - Début calcul scores clients intra-cluster
2025-12-22 22:11:29 - client_scoring - INFO - Données clusterisées : (200, 12)
2025-12-22 22:11:29 - client_scoring - INFO - Données financières : (2000, 8)
2025-12-22 22:11:29 - client_scoring - INFO - Données fusionnées : (200, 19)
2025-12-22 22:11:29 - client_scoring - INFO - Nettoyage colonne CLUSTER_GLOBAL
2025-12-22 22:11:29 - client_scoring - INFO - Validation groupby réussie : 10 groupes
2025-12-22 22:11:29 - client_scoring - INFO - Clients clusterisés retenus : 200
2025-12-22 22:11:29 - client_scoring - INFO - Clusters uniques : 10
2025-12-22 22:11:29 - client_scoring - INFO - Préparation données financières
2025-12-22 22:11:29 - client_scoring - INFO - Colonnes PNB disponibles : ['PNB_COLL', 'PNB_CRED', 'PNB_SERV', 'PNB_ASSU']
2025-12-22 22:11:29 - client_scoring - WARNING - Variable EP_LIQUIDE non trouvée - valeur par défaut : 0
2025-12-22 22:11:29 - client_scoring - WARNING - Variable EP_STABLE non trouvée - valeur par défaut : 0
2025-12-22 22:11:29 - client_scoring - WARNING - Variable SLD_DAV non trouvée - valeur par défaut : 0
2025-12-22 22:11:29 - client_scoring - WARNING - Variable détention CD_NOTE_UNVRS_ASSU non trouvée - valeur par défaut : 0
2025-12-22 22:11:29 - client_scoring - INFO - Variable détention CD_NOTE_UNVRS_CRED préparée
2025-12-22 22:11:29 - client_scoring - WARNING - Variable détention CD_NOTE_UNVRS_EPRGN non trouvée - valeur par défaut : 0
2025-12-22 22:11:29 - client_scoring - WARNING - Variable détention CD_NOTE_UNVRS_SERV non trouvée - valeur par défaut : 0
2025-12-22 22:11:29 - client_scoring - WARNING - Variable détention CD_NOTE_POIDS_UNVRS non trouvée - valeur par défaut : 0
2025-12-22 22:11:29 - client_scoring - INFO - Calcul pondération et normalisation PNB par cluster
2025-12-22 22:11:29 - client_scoring - INFO - Score client calculé avec 4 composantes
2025-12-22 22:11:29 - client_scoring - INFO - Calcul potentiels clients (top 25% par cluster)
2025-12-22 22:11:29 - client_scoring - INFO - Potentiels calculés basés sur 47 clients top 25%
2025-12-22 22:11:29 - client_scoring - INFO - Calcul segmentation finale
2025-12-22 22:11:29 - client_scoring - INFO - === MÉTRIQUES DE QUALITÉ SCORING ===
2025-12-22 22:11:29 - client_scoring - INFO - Clients scorés : 200
2025-12-22 22:11:29 - client_scoring - INFO - Clusters analysés : 10
2025-12-22 22:11:29 - client_scoring - INFO - Score client moyen : 0.433
2025-12-22 22:11:29 - client_scoring - INFO - Potentiel total : 439,705€
2025-12-22 22:11:29 - client_scoring - INFO - Potentiel moyen/client : 2,199€
2025-12-22 22:11:29 - client_scoring - INFO - Couverture scoring : 100.0%
2025-12-22 22:11:29 - client_scoring - INFO - Couverture potentiel : 93.5%
2025-12-22 22:11:29 - client_scoring - INFO - Distribution segments :
2025-12-22 22:11:29 - client_scoring - INFO -   - A stimuler: 72 clients (36.0%)
2025-12-22 22:11:29 - client_scoring - INFO -   - A developper: 66 clients (33.0%)
2025-12-22 22:11:29 - client_scoring - INFO -   - A construire: 52 clients (26.0%)
2025-12-22 22:11:29 - client_scoring - INFO -   - A entretenir: 10 clients (5.0%)
2025-12-22 22:11:29 - client_scoring - INFO - Top 3 clusters par potentiel moyen :
2025-12-22 22:11:29 - client_scoring - INFO -   - 18-22_C0: 3,976€ (10 clients)
2025-12-22 22:11:29 - client_scoring - INFO -   - 58-62_C0: 3,324€ (17 clients)
2025-12-22 22:11:29 - client_scoring - INFO -   - 53-57_C0: 3,122€ (17 clients)
2025-12-22 22:11:29 - client_scoring - INFO - Scoring terminé en 0.06s - 200 clients scorés
2025-12-22 22:11:29 - client_scoring - INFO - ClientScoringEngine initialisé - Top clients: 25.0%
2025-12-22 22:11:29 - client_scoring - INFO - Début calcul scores clients intra-cluster
2025-12-22 22:11:29 - client_scoring - INFO - Données clusterisées : (2000, 12)
2025-12-22 22:11:29 - client_scoring - INFO - Données financières : (2000, 8)
2025-12-22 22:11:29 - client_scoring - INFO - Données fusionnées : (2000, 19)
2025-12-22 22:11:29 - client_scoring - INFO - Nettoyage colonne CLUSTER_GLOBAL
2025-12-22 22:11:29 - client_scoring - INFO - Validation groupby réussie : 10 groupes
2025-12-22 22:11:29 - client_scoring - INFO - Clients clusterisés retenus : 2000
2025-12-22 22:11:29 - client_scoring - INFO - Clusters uniques : 10
2025-12-22 22:11:29 - client_scoring - INFO - Préparation données financières
2025-12-22 22:11:29 - client_scoring - INFO - Colonnes PNB disponibles : ['PNB_COLL', 'PNB_CRED', 'PNB_SERV', 'PNB_ASSU']
2025-12-22 22:11:29 - client_scoring - WARNING - Variable EP_LIQUIDE non trouvée - valeur par défaut : 0
2025-12-22 22:11:29 - client_scoring - WARNING - Variable EP_STABLE non trouvée - valeur par défaut : 0
2025-12-22 22:11:29 - client_scoring - WARNING - Variable SLD_DAV non trouvée - valeur par défaut : 0
2025-12-22 22:11:29 - client_scoring - WARNING - Variable détention CD_NOTE_UNVRS_ASSU non trouvée - valeur par défaut : 0
2025-12-22 22:11:29 - client_scoring - INFO - Variable détention CD_NOTE_UNVRS_CRED préparée
2025-12-22 22:11:29 - client_scoring - WARNING - Variable détention CD_NOTE_UNVRS_EPRGN non trouvée - valeur par défaut : 0
2025-12-22 22:11:29 - client_scoring - WARNING - Variable détention CD_NOTE_UNVRS_SERV non trouvée - valeur par défaut : 0
2025-12-22 22:11:29 - client_scoring - WARNING - Variable détention CD_NOTE_POIDS_UNVRS non trouvée - valeur par défaut : 0
2025-12-22 22:11:29 - client_scoring - INFO - Calcul pondération et normalisation PNB par cluster
2025-12-22 22:11:29 - client_scoring - INFO - Score client calculé avec 4 composantes
2025-12-22 22:11:29 - client_scoring - INFO - Calcul potentiels clients (top 25% par cluster)
2025-12-22 22:11:29 - client_scoring - INFO - Potentiels calculés basés sur 495 clients top 25%
2025-12-22 22:11:29 - client_scoring - INFO - Calcul segmentation finale
2025-12-22 22:11:30 - client_scoring - INFO - === MÉTRIQUES DE QUALITÉ SCORING ===
2025-12-22 22:11:30 - client_scoring - INFO - Clients scorés : 2,000
2025-12-22 22:11:30 - client_scoring - INFO - Clusters analysés : 10
2025-12-22 22:11:30 - client_scoring - INFO - Score client moyen : 0.564
2025-12-22 22:11:30 - client_scoring - INFO - Potentiel total : 4,029,085€
2025-12-22 22:11:30 - client_scoring - INFO - Potentiel moyen/client : 2,015€
2025-12-22 22:11:30 - client_scoring - INFO - Couverture scoring : 100.0%
2025-12-22 22:11:30 - client_scoring - INFO - Couverture potentiel : 94.8%
2025-12-22 22:11:30 - client_scoring - INFO - Distribution segments :
2025-12-22 22:11:30 - client_scoring - INFO -   - A developper: 758 clients (37.9%)
2025-12-22 22:11:30 - client_scoring - INFO -   - A stimuler: 611 clients (30.6%)
2025-12-22 22:11:30 - client_scoring - INFO -   - A construire: 502 clients (25.1%)
2025-12-22 22:11:30 - client_scoring - INFO -   - A entretenir: 129 clients (6.5%)
2025-12-22 22:11:30 - client_scoring - INFO - Top 3 clusters par potentiel moyen :
2025-12-22 22:11:30 - client_scoring - INFO -   - 53-57_C0: 2,666€ (211 clients)
2025-12-22 22:11:30 - client_scoring - INFO -   - 48-52_C0: 2,198€ (257 clients)
2025-12-22 22:11:30 - client_scoring - INFO -   - 58-62_C0: 2,172€ (163 clients)
2025-12-22 22:11:30 - client_scoring - INFO - Scoring terminé en 0.11s - 2000 clients scorés
2025-12-22 22:11:30 - client_scoring - INFO - ClientScoringEngine initialisé - Top clients: 25.0%
2025-12-22 22:11:30 - client_scoring - INFO - Début calcul scores clients intra-cluster
2025-12-22 22:11:30 - client_scoring - INFO - Données clusterisées : (2000, 12)
2025-12-22 22:11:30 - client_scoring - INFO - Données financières : (2000, 8)
2025-12-22 22:11:30 - client_scoring - INFO - Données fusionnées : (2000, 19)
2025-12-22 22:11:30 - client_scoring - INFO - Nettoyage colonne CLUSTER_GLOBAL
2025-12-22 22:11:30 - client_scoring - INFO - Validation groupby réussie : 10 groupes
2025-12-22 22:11:30 - client_scoring - INFO - Clients clusterisés retenus : 2000
2025-12-22 22:11:30 - client_scoring - INFO - Clusters uniques : 10
2025-12-22 22:11:30 - client_scoring - INFO - Préparation données financières
2025-12-22 22:11:30 - client_scoring - INFO - Colonnes PNB disponibles : ['PNB_COLL', 'PNB_CRED', 'PNB_SERV', 'PNB_ASSU']
2025-12-22 22:11:30 - client_scoring - WARNING - Variable EP_LIQUIDE non trouvée - valeur par défaut : 0
2025-12-22 22:11:30 - client_scoring - WARNING - Variable EP_STABLE non trouvée - valeur par défaut : 0
2025-12-22 22:11:30 - client_scoring - WARNING - Variable SLD_DAV non trouvée - valeur par défaut : 0
2025-12-22 22:11:30 - client_scoring - WARNING - Variable détention CD_NOTE_UNVRS_ASSU non trouvée - valeur par défaut : 0
2025-12-22 22:11:30 - client_scoring - INFO - Variable détention CD_NOTE_UNVRS_CRED préparée
2025-12-22 22:11:30 - client_scoring - WARNING - Variable détention CD_NOTE_UNVRS_EPRGN non trouvée - valeur par défaut : 0
2025-12-22 22:11:30 - client_scoring - WARNING - Variable détention CD_NOTE_UNVRS_SERV non trouvée - valeur par défaut : 0
2025-12-22 22:11:30 - client_scoring - WARNING - Variable détention CD_NOTE_POIDS_UNVRS non trouvée - valeur par défaut : 0
2025-12-22 22:11:30 - client_scoring - INFO - Calcul pondération et normalisation PNB par cluster
2025-12-22 22:11:30 - client_scoring - INFO - Score client calculé avec 4 composantes
2025-12-22 22:11:30 - client_scoring - INFO - Calcul potentiels clients (top 25% par cluster)
2025-12-22 22:11:30 - client_scoring - INFO - Potentiels calculés basés sur 495 clients top 25%
2025-12-22 22:11:30 - client_scoring - INFO - Calcul segmentation finale
2025-12-22 22:11:30 - client_scoring - INFO - === MÉTRIQUES DE QUALITÉ SCORING ===
2025-12-22 22:11:30 - client_scoring - INFO - Clients scorés : 2,000
2025-12-22 22:11:30 - client_scoring - INFO - Clusters analysés : 10
2025-12-22 22:11:30 - client_scoring - INFO - Score client moyen : 0.564
2025-12-22 22:11:30 - client_scoring - INFO - Potentiel total : 4,029,085€
2025-12-22 22:11:30 - client_scoring - INFO - Potentiel moyen/client : 2,015€
2025-12-22 22:11:30 - client_scoring - INFO - Couverture scoring : 100.0%
2025-12-22 22:11:30 - client_scoring - INFO - Couverture potentiel : 94.8%
2025-12-22 22:11:30 - client_scoring - INFO - Distribution segments :
2025-12-22 22:11:30 - client_scoring - INFO -   - A developper: 758 clients (37.9%)
2025-12-22 22:11:30 - client_scoring - INFO -   - A stimuler: 611 clients (30.6%)
2025-12-22 22:11:30 - client_scoring - INFO -   - A construire: 502 clients (25.1%)
2025-12-22 22:11:30 - client_scoring - INFO -   - A entretenir: 129 clients (6.5%)
2025-12-22 22:11:30 - client_scoring - INFO - Top 3 clusters par potentiel moyen :
2025-12-22 22:11:30 - client_scoring - INFO -   - 53-57_C0: 2,666€ (211 clients)
2025-12-22 22:11:30 - client_scoring - INFO -   - 48-52_C0: 2,198€ (257 clients)
2025-12-22 22:11:30 - client_scoring - INFO -   - 58-62_C0: 2,172€ (163 clients)
2025-12-22 22:11:30 - client_scoring - INFO - Scoring terminé en 0.10s - 2000 clients scorés
2025-12-22 22:11:31 - client_scoring - INFO - ClientScoringEngine initialisé - Top clients: 25.0%
2025-12-22 22:11:31 - client_scoring - INFO - Début calcul scores clients intra-cluster
2025-12-22 22:11:31 - client_scoring - INFO - Données clusterisées : (2000, 12)
2025-12-22 22:11:31 - client_scoring - INFO - Données financières : (2000, 8)
2025-12-22 22:11:31 - client_scoring - INFO - Données fusionnées : (2000, 19)
2025-12-22 22:11:31 - client_scoring - INFO - Nettoyage colonne CLUSTER_GLOBAL
2025-12-22 22:11:31 - client_scoring - INFO - Validation groupby réussie : 10 groupes
2025-12-22 22:11:31 - client_scoring - INFO - Clients clusterisés retenus : 2000
2025-12-22 22:11:31 - client_scoring - INFO - Clusters uniques : 10
2025-12-22 22:11:31 - client_scoring - INFO - Préparation données financières
2025-12-22 22:11:31 - client_scoring - INFO - Colonnes PNB disponibles : ['PNB_COLL', 'PNB_CRED', 'PNB_SERV', 'PNB_ASSU']
2025-12-22 22:11:31 - client_scoring - WARNING - Variable EP_LIQUIDE non trouvée - valeur par défaut : 0
2025-12-22 22:11:31 - client_scoring - WARNING - Variable EP_STABLE non trouvée - valeur par défaut : 0
2025-12-22 22:11:31 - client_scoring - WARNING - Variable SLD_DAV non trouvée - valeur par défaut : 0
2025-12-22 22:11:31 - client_scoring - WARNING - Variable détention CD_NOTE_UNVRS_ASSU non trouvée - valeur par défaut : 0
2025-12-22 22:11:31 - client_scoring - INFO - Variable détention CD_NOTE_UNVRS_CRED préparée
2025-12-22 22:11:31 - client_scoring - WARNING - Variable détention CD_NOTE_UNVRS_EPRGN non trouvée - valeur par défaut : 0
2025-12-22 22:11:31 - client_scoring - WARNING - Variable détention CD_NOTE_UNVRS_SERV non trouvée - valeur par défaut : 0
2025-12-22 22:11:31 - client_scoring - WARNING - Variable détention CD_NOTE_POIDS_UNVRS non trouvée - valeur par défaut : 0
2025-12-22 22:11:31 - client_scoring - INFO - Calcul pondération et normalisation PNB par cluster
2025-12-22 22:11:31 - client_scoring - INFO - Score client calculé avec 4 composantes
2025-12-22 22:11:31 - client_scoring - INFO - Calcul potentiels clients (top 25% par cluster)
2025-12-22 22:11:31 - client_scoring - INFO - Potentiels calculés basés sur 495 clients top 25%
2025-12-22 22:11:31 - client_scoring - INFO - Calcul segmentation finale
2025-12-22 22:11:31 - client_scoring - INFO - === MÉTRIQUES DE QUALITÉ SCORING ===
2025-12-22 22:11:31 - client_scoring - INFO - Clients scorés : 2,000
2025-12-22 22:11:31 - client_scoring - INFO - Clusters analysés : 10
2025-12-22 22:11:31 - client_scoring - INFO - Score client moyen : 0.564
2025-12-22 22:11:31 - client_scoring - INFO - Potentiel total : 4,029,085€
2025-12-22 22:11:31 - client_scoring - INFO - Potentiel moyen/client : 2,015€
2025-12-22 22:11:31 - client_scoring - INFO - Couverture scoring : 100.0%
2025-12-22 22:11:31 - client_scoring - INFO - Couverture potentiel : 94.8%
2025-12-22 22:11:31 - client_scoring - INFO - Distribution segments :
2025-12-22 22:11:31 - client_scoring - INFO -   - A developper: 758 clients (37.9%)
2025-12-22 22:11:31 - client_scoring - INFO -   - A stimuler: 611 clients (30.6%)
2025-12-22 22:11:31 - client_scoring - INFO -   - A construire: 502 clients (25.1%)
2025-12-22 22:11:31 - client_scoring - INFO -   - A entretenir: 129 clients (6.5%)
2025-12-22 22:11:31 - client_scoring - INFO - Top 3 clusters par potentiel moyen :
2025-12-22 22:11:31 - client_scoring - INFO -   - 53-57_C0: 2,666€ (211 clients)
2025-12-22 22:11:31 - client_scoring - INFO -   - 48-52_C0: 2,198€ (257 clients)
2025-12-22 22:11:31 - client_scoring - INFO -   - 58-62_C0: 2,172€ (163 clients)
2025-12-22 22:11:31 - client_scoring - INFO - Scoring terminé en 0.11s - 2000 clients scorés
2025-12-22 22:11:32 - client_scoring - INFO - ClientScoringEngine initialisé - Top clients: 25.0%
2025-12-22 22:11:32 - client_scoring - INFO - Début calcul scores clients intra-cluster
2025-12-22 22:11:32 - client_scoring - INFO - Données clusterisées : (2000, 12)
2025-12-22 22:11:32 - client_scoring - INFO - Données financières : (2000, 8)
2025-12-22 22:11:32 - client_scoring - INFO - Données fusionnées : (2000, 19)
2025-12-22 22:11:32 - client_scoring - INFO - Nettoyage colonne CLUSTER_GLOBAL
2025-12-22 22:11:32 - client_scoring - INFO - Validation groupby réussie : 10 groupes
2025-12-22 22:11:32 - client_scoring - INFO - Clients clusterisés retenus : 2000
2025-12-22 22:11:32 - client_scoring - INFO - Clusters uniques : 10
2025-12-22 22:11:32 - client_scoring - INFO - Préparation données financières
2025-12-22 22:11:32 - client_scoring - INFO - Colonnes PNB disponibles : ['PNB_COLL', 'PNB_CRED', 'PNB_SERV', 'PNB_ASSU']
2025-12-22 22:11:32 - client_scoring - WARNING - Variable EP_LIQUIDE non trouvée - valeur par défaut : 0
2025-12-22 22:11:32 - client_scoring - WARNING - Variable EP_STABLE non trouvée - valeur par défaut : 0
2025-12-22 22:11:32 - client_scoring - WARNING - Variable SLD_DAV non trouvée - valeur par défaut : 0
2025-12-22 22:11:32 - client_scoring - WARNING - Variable détention CD_NOTE_UNVRS_ASSU non trouvée - valeur par défaut : 0
2025-12-22 22:11:32 - client_scoring - INFO - Variable détention CD_NOTE_UNVRS_CRED préparée
2025-12-22 22:11:32 - client_scoring - WARNING - Variable détention CD_NOTE_UNVRS_EPRGN non trouvée - valeur par défaut : 0
2025-12-22 22:11:32 - client_scoring - WARNING - Variable détention CD_NOTE_UNVRS_SERV non trouvée - valeur par défaut : 0
2025-12-22 22:11:32 - client_scoring - WARNING - Variable détention CD_NOTE_POIDS_UNVRS non trouvée - valeur par défaut : 0
2025-12-22 22:11:32 - client_scoring - INFO - Calcul pondération et normalisation PNB par cluster
2025-12-22 22:11:32 - client_scoring - INFO - Score client calculé avec 4 composantes
2025-12-22 22:11:32 - client_scoring - INFO - Calcul potentiels clients (top 25% par cluster)
2025-12-22 22:11:32 - client_scoring - INFO - Potentiels calculés basés sur 495 clients top 25%
2025-12-22 22:11:32 - client_scoring - INFO - Calcul segmentation finale
2025-12-22 22:11:32 - client_scoring - INFO - === MÉTRIQUES DE QUALITÉ SCORING ===
2025-12-22 22:11:32 - client_scoring - INFO - Clients scorés : 2,000
2025-12-22 22:11:32 - client_scoring - INFO - Clusters analysés : 10
2025-12-22 22:11:32 - client_scoring - INFO - Score client moyen : 0.564
2025-12-22 22:11:32 - client_scoring - INFO - Potentiel total : 4,029,085€
2025-12-22 22:11:32 - client_scoring - INFO - Potentiel moyen/client : 2,015€
2025-12-22 22:11:32 - client_scoring - INFO - Couverture scoring : 100.0%
2025-12-22 22:11:32 - client_scoring - INFO - Couverture potentiel : 94.8%
2025-12-22 22:11:32 - client_scoring - INFO - Distribution segments :
2025-12-22 22:11:32 - client_scoring - INFO -   - A developper: 758 clients (37.9%)
2025-12-22 22:11:32 - client_scoring - INFO -   - A stimuler: 611 clients (30.6%)
2025-12-22 22:11:32 - client_scoring - INFO -   - A construire: 502 clients (25.1%)
2025-12-22 22:11:32 - client_scoring - INFO -   - A entretenir: 129 clients (6.5%)
2025-12-22 22:11:32 - client_scoring - INFO - Top 3 clusters par potentiel moyen :
2025-12-22 22:11:32 - client_scoring - INFO -   - 53-57_C0: 2,666€ (211 clients)
2025-12-22 22:11:32 - client_scoring - INFO -   - 48-52_C0: 2,198€ (257 clients)
2025-12-22 22:11:32 - client_scoring - INFO -   - 58-62_C0: 2,172€ (163 clients)
2025-12-22 22:11:32 - client_scoring - INFO - Scoring terminé en 0.11s - 2000 clients scorés
2025-12-22 22:11:32 - client_scoring - INFO - ClientScoringEngine initialisé - Top clients: 25.0%
2025-12-22 22:11:32 - client_scoring - INFO - Début calcul scores clients intra-cluster
2025-12-22 22:11:32 - client_scoring - INFO - Données clusterisées : (2000, 12)
2025-12-22 22:11:32 - client_scoring - INFO - Données financières : (2000, 8)
2025-12-22 22:11:32 - client_scoring - INFO - Données fusionnées : (2000, 19)
2025-12-22 22:11:32 - client_scoring - INFO - Nettoyage colonne CLUSTER_GLOBAL
2025-12-22 22:11:32 - client_scoring - INFO - Validation groupby réussie : 10 groupes
2025-12-22 22:11:32 - client_scoring - INFO - Clients clusterisés retenus : 2000
2025-12-22 22:11:32 - client_scoring - INFO - Clusters uniques : 10
2025-12-22 22:11:32 - client_scoring - INFO - Préparation données financières
2025-12-22 22:11:32 - client_scoring - INFO - Colonnes PNB disponibles : ['PNB_COLL', 'PNB_CRED', 'PNB_SERV', 'PNB_ASSU']
2025-12-22 22:11:32 - client_scoring - WARNING - Variable EP_LIQUIDE non trouvée - valeur par défaut : 0
2025-12-22 22:11:32 - client_scoring - WARNING - Variable EP_STABLE non trouvée - valeur par défaut : 0
2025-12-22 22:11:32 - client_scoring - WARNING - Variable SLD_DAV non trouvée - valeur par défaut : 0
2025-12-22 22:11:32 - client_scoring - WARNING - Variable détention CD_NOTE_UNVRS_ASSU non trouvée - valeur par défaut : 0
2025-12-22 22:11:32 - client_scoring - INFO - Variable détention CD_NOTE_UNVRS_CRED préparée
2025-12-22 22:11:32 - client_scoring - WARNING - Variable détention CD_NOTE_UNVRS_EPRGN non trouvée - valeur par défaut : 0
2025-12-22 22:11:32 - client_scoring - WARNING - Variable détention CD_NOTE_UNVRS_SERV non trouvée - valeur par défaut : 0
2025-12-22 22:11:32 - client_scoring - WARNING - Variable détention CD_NOTE_POIDS_UNVRS non trouvée - valeur par défaut : 0
2025-12-22 22:11:32 - client_scoring - INFO - Calcul pondération et normalisation PNB par cluster
2025-12-22 22:11:32 - client_scoring - INFO - Score client calculé avec 4 composantes
2025-12-22 22:11:32 - client_scoring - INFO - Calcul potentiels clients (top 25% par cluster)
2025-12-22 22:11:32 - client_scoring - INFO - Potentiels calculés basés sur 495 clients top 25%
2025-12-22 22:11:32 - client_scoring - INFO - Calcul segmentation finale
2025-12-22 22:11:32 - client_scoring - INFO - === MÉTRIQUES DE QUALITÉ SCORING ===
2025-12-22 22:11:32 - client_scoring - INFO - Clients scorés : 2,000
2025-12-22 22:11:32 - client_scoring - INFO - Clusters analysés : 10
2025-12-22 22:11:32 - client_scoring - INFO - Score client moyen : 0.564
2025-12-22 22:11:32 - client_scoring - INFO - Potentiel total : 4,029,085€
2025-12-22 22:11:32 - client_scoring - INFO - Potentiel moyen/client : 2,015€
2025-12-22 22:11:32 - client_scoring - INFO - Couverture scoring : 100.0%
2025-12-22 22:11:32 - client_scoring - INFO - Couverture potentiel : 94.8%
2025-12-22 22:11:32 - client_scoring - INFO - Distribution segments :
2025-12-22 22:11:32 - client_scoring - INFO -   - A developper: 758 clients (37.9%)
2025-12-22 22:11:32 - client_scoring - INFO -   - A stimuler: 611 clients (30.6%)
2025-12-22 22:11:32 - client_scoring - INFO -   - A construire: 502 clients (25.1%)
2025-12-22 22:11:32 - client_scoring - INFO -   - A entretenir: 129 clients (6.5%)
2025-12-22 22:11:32 - client_scoring - INFO - Top 3 clusters par potentiel moyen :
2025-12-22 22:11:32 - client_scoring - INFO -   - 53-57_C0: 2,666€ (211 clients)
2025-12-22 22:11:32 - client_scoring - INFO -   - 48-52_C0: 2,198€ (257 clients)
2025-12-22 22:11:32 - client_scoring - INFO -   - 58-62_C0: 2,172€ (163 clients)
2025-12-22 22:11:32 - client_scoring - INFO - Scoring terminé en 0.10s - 2000 clients scorés
2025-12-22 22:11:33 - client_scoring - INFO - ClientScoringEngine initialisé - Top clients: 25.0%
2025-12-22 22:11:33 - client_scoring - INFO - Début calcul scores clients intra-cluster
2025-12-22 22:11:33 - client_scoring - INFO - Données clusterisées : (1000, 12)
2025-12-22 22:11:33 - client_scoring - INFO - Données financières : (1000, 8)
2025-12-22 22:11:33 - client_scoring - INFO - Données fusionnées : (1000, 19)
2025-12-22 22:11:33 - client_scoring - INFO - Nettoyage colonne CLUSTER_GLOBAL
2025-12-22 22:11:33 - client_scoring - INFO - Validation groupby réussie : 10 groupes
2025-12-22 22:11:33 - client_scoring - INFO - Clients clusterisés retenus : 1000
2025-12-22 22:11:33 - client_scoring - INFO - Clusters uniques : 10
2025-12-22 22:11:33 - client_scoring - INFO - Préparation données financières
2025-12-22 22:11:33 - client_scoring - INFO - Colonnes PNB disponibles : ['PNB_COLL', 'PNB_CRED', 'PNB_SERV', 'PNB_ASSU']
2025-12-22 22:11:33 - client_scoring - WARNING - Variable EP_LIQUIDE non trouvée - valeur par défaut : 0
2025-12-22 22:11:33 - client_scoring - WARNING - Variable EP_STABLE non trouvée - valeur par défaut : 0
2025-12-22 22:11:33 - client_scoring - WARNING - Variable SLD_DAV non trouvée - valeur par défaut : 0
2025-12-22 22:11:33 - client_scoring - WARNING - Variable détention CD_NOTE_UNVRS_ASSU non trouvée - valeur par défaut : 0
2025-12-22 22:11:33 - client_scoring - INFO - Variable détention CD_NOTE_UNVRS_CRED préparée
2025-12-22 22:11:33 - client_scoring - WARNING - Variable détention CD_NOTE_UNVRS_EPRGN non trouvée - valeur par défaut : 0
2025-12-22 22:11:33 - client_scoring - WARNING - Variable détention CD_NOTE_UNVRS_SERV non trouvée - valeur par défaut : 0
2025-12-22 22:11:33 - client_scoring - WARNING - Variable détention CD_NOTE_POIDS_UNVRS non trouvée - valeur par défaut : 0
2025-12-22 22:11:33 - client_scoring - INFO - Calcul pondération et normalisation PNB par cluster
2025-12-22 22:11:33 - client_scoring - INFO - Score client calculé avec 4 composantes
2025-12-22 22:11:33 - client_scoring - INFO - Calcul potentiels clients (top 25% par cluster)
2025-12-22 22:11:33 - client_scoring - INFO - Potentiels calculés basés sur 246 clients top 25%
2025-12-22 22:11:33 - client_scoring - INFO - Calcul segmentation finale
2025-12-22 22:11:33 - client_scoring - INFO - === MÉTRIQUES DE QUALITÉ SCORING ===
2025-12-22 22:11:33 - client_scoring - INFO - Clients scorés : 1,000
2025-12-22 22:11:33 - client_scoring - INFO - Clusters analysés : 10
2025-12-22 22:11:33 - client_scoring - INFO - Score client moyen : 0.538
2025-12-22 22:11:33 - client_scoring - INFO - Potentiel total : 1,961,723€
2025-12-22 22:11:33 - client_scoring - INFO - Potentiel moyen/client : 1,962€
2025-12-22 22:11:33 - client_scoring - INFO - Couverture scoring : 100.0%
2025-12-22 22:11:33 - client_scoring - INFO - Couverture potentiel : 93.1%
2025-12-22 22:11:33 - client_scoring - INFO - Distribution segments :
2025-12-22 22:11:33 - client_scoring - INFO -   - A developper: 382 clients (38.2%)
2025-12-22 22:11:33 - client_scoring - INFO -   - A stimuler: 311 clients (31.1%)
2025-12-22 22:11:33 - client_scoring - INFO -   - A construire: 251 clients (25.1%)
2025-12-22 22:11:33 - client_scoring - INFO -   - A entretenir: 56 clients (5.6%)
2025-12-22 22:11:33 - client_scoring - INFO - Top 3 clusters par potentiel moyen :
2025-12-22 22:11:33 - client_scoring - INFO -   - 53-57_C0: 3,016€ (111 clients)
2025-12-22 22:11:33 - client_scoring - INFO -   - 28-32_C0: 2,444€ (84 clients)
2025-12-22 22:11:33 - client_scoring - INFO -   - 43-47_C0: 2,403€ (139 clients)
2025-12-22 22:11:33 - client_scoring - INFO - Scoring terminé en 0.08s - 1000 clients scorés
2025-12-22 22:11:33 - client_scoring - INFO - ClientScoringEngine initialisé - Top clients: 25.0%
2025-12-22 22:11:33 - client_scoring - INFO - Début calcul scores clients intra-cluster
2025-12-22 22:11:33 - client_scoring - INFO - Données clusterisées : (1000, 12)
2025-12-22 22:11:33 - client_scoring - INFO - Données financières : (1000, 8)
2025-12-22 22:11:33 - client_scoring - INFO - Données fusionnées : (1000, 19)
2025-12-22 22:11:33 - client_scoring - INFO - Nettoyage colonne CLUSTER_GLOBAL
2025-12-22 22:11:33 - client_scoring - INFO - Validation groupby réussie : 10 groupes
2025-12-22 22:11:33 - client_scoring - INFO - Clients clusterisés retenus : 1000
2025-12-22 22:11:33 - client_scoring - INFO - Clusters uniques : 10
2025-12-22 22:11:33 - client_scoring - INFO - Préparation données financières
2025-12-22 22:11:33 - client_scoring - INFO - Colonnes PNB disponibles : ['PNB_COLL', 'PNB_CRED', 'PNB_SERV', 'PNB_ASSU']
2025-12-22 22:11:33 - client_scoring - WARNING - Variable EP_LIQUIDE non trouvée - valeur par défaut : 0
2025-12-22 22:11:33 - client_scoring - WARNING - Variable EP_STABLE non trouvée - valeur par défaut : 0
2025-12-22 22:11:33 - client_scoring - WARNING - Variable SLD_DAV non trouvée - valeur par défaut : 0
2025-12-22 22:11:33 - client_scoring - WARNING - Variable détention CD_NOTE_UNVRS_ASSU non trouvée - valeur par défaut : 0
2025-12-22 22:11:33 - client_scoring - INFO - Variable détention CD_NOTE_UNVRS_CRED préparée
2025-12-22 22:11:33 - client_scoring - WARNING - Variable détention CD_NOTE_UNVRS_EPRGN non trouvée - valeur par défaut : 0
2025-12-22 22:11:33 - client_scoring - WARNING - Variable détention CD_NOTE_UNVRS_SERV non trouvée - valeur par défaut : 0
2025-12-22 22:11:33 - client_scoring - WARNING - Variable détention CD_NOTE_POIDS_UNVRS non trouvée - valeur par défaut : 0
2025-12-22 22:11:33 - client_scoring - INFO - Calcul pondération et normalisation PNB par cluster
2025-12-22 22:11:33 - client_scoring - INFO - Score client calculé avec 4 composantes
2025-12-22 22:11:33 - client_scoring - INFO - Calcul potentiels clients (top 25% par cluster)
2025-12-22 22:11:33 - client_scoring - INFO - Potentiels calculés basés sur 246 clients top 25%
2025-12-22 22:11:33 - client_scoring - INFO - Calcul segmentation finale
2025-12-22 22:11:33 - client_scoring - INFO - === MÉTRIQUES DE QUALITÉ SCORING ===
2025-12-22 22:11:33 - client_scoring - INFO - Clients scorés : 1,000
2025-12-22 22:11:33 - client_scoring - INFO - Clusters analysés : 10
2025-12-22 22:11:33 - client_scoring - INFO - Score client moyen : 0.538
2025-12-22 22:11:33 - client_scoring - INFO - Potentiel total : 1,961,723€
2025-12-22 22:11:33 - client_scoring - INFO - Potentiel moyen/client : 1,962€
2025-12-22 22:11:33 - client_scoring - INFO - Couverture scoring : 100.0%
2025-12-22 22:11:33 - client_scoring - INFO - Couverture potentiel : 93.1%
2025-12-22 22:11:33 - client_scoring - INFO - Distribution segments :
2025-12-22 22:11:33 - client_scoring - INFO -   - A developper: 382 clients (38.2%)
2025-12-22 22:11:33 - client_scoring - INFO -   - A stimuler: 311 clients (31.1%)
2025-12-22 22:11:33 - client_scoring - INFO -   - A construire: 251 clients (25.1%)
2025-12-22 22:11:33 - client_scoring - INFO -   - A entretenir: 56 clients (5.6%)
2025-12-22 22:11:33 - client_scoring - INFO - Top 3 clusters par potentiel moyen :
2025-12-22 22:11:33 - client_scoring - INFO -   - 53-57_C0: 3,016€ (111 clients)
2025-12-22 22:11:33 - client_scoring - INFO -   - 28-32_C0: 2,444€ (84 clients)
2025-12-22 22:11:33 - client_scoring - INFO -   - 43-47_C0: 2,403€ (139 clients)
2025-12-22 22:11:33 - client_scoring - INFO - Scoring terminé en 0.08s - 1000 clients scorés
2025-12-22 22:11:34 - client_scoring - INFO - ClientScoringEngine initialisé - Top clients: 25.0%
2025-12-22 22:11:34 - client_scoring - INFO - Début calcul scores clients intra-cluster
2025-12-22 22:11:34 - client_scoring - INFO - Données clusterisées : (1000, 12)
2025-12-22 22:11:34 - client_scoring - INFO - Données financières : (1000, 8)
2025-12-22 22:11:34 - client_scoring - INFO - Données fusionnées : (1000, 19)
2025-12-22 22:11:34 - client_scoring - INFO - Nettoyage colonne CLUSTER_GLOBAL
2025-12-22 22:11:34 - client_scoring - INFO - Validation groupby réussie : 10 groupes
2025-12-22 22:11:34 - client_scoring - INFO - Clients clusterisés retenus : 1000
2025-12-22 22:11:34 - client_scoring - INFO - Clusters uniques : 10
2025-12-22 22:11:34 - client_scoring - INFO - Préparation données financières
2025-12-22 22:11:34 - client_scoring - INFO - Colonnes PNB disponibles : ['PNB_COLL', 'PNB_CRED', 'PNB_SERV', 'PNB_ASSU']
2025-12-22 22:11:34 - client_scoring - WARNING - Variable EP_LIQUIDE non trouvée - valeur par défaut : 0
2025-12-22 22:11:34 - client_scoring - WARNING - Variable EP_STABLE non trouvée - valeur par défaut : 0
2025-12-22 22:11:34 - client_scoring - WARNING - Variable SLD_DAV non trouvée - valeur par défaut : 0
2025-12-22 22:11:34 - client_scoring - WARNING - Variable détention CD_NOTE_UNVRS_ASSU non trouvée - valeur par défaut : 0
2025-12-22 22:11:34 - client_scoring - INFO - Variable détention CD_NOTE_UNVRS_CRED préparée
2025-12-22 22:11:34 - client_scoring - WARNING - Variable détention CD_NOTE_UNVRS_EPRGN non trouvée - valeur par défaut : 0
2025-12-22 22:11:34 - client_scoring - WARNING - Variable détention CD_NOTE_UNVRS_SERV non trouvée - valeur par défaut : 0
2025-12-22 22:11:34 - client_scoring - WARNING - Variable détention CD_NOTE_POIDS_UNVRS non trouvée - valeur par défaut : 0
2025-12-22 22:11:34 - client_scoring - INFO - Calcul pondération et normalisation PNB par cluster
2025-12-22 22:11:34 - client_scoring - INFO - Score client calculé avec 4 composantes
2025-12-22 22:11:34 - client_scoring - INFO - Calcul potentiels clients (top 25% par cluster)
2025-12-22 22:11:34 - client_scoring - INFO - Potentiels calculés basés sur 246 clients top 25%
2025-12-22 22:11:34 - client_scoring - INFO - Calcul segmentation finale
2025-12-22 22:11:34 - client_scoring - INFO - === MÉTRIQUES DE QUALITÉ SCORING ===
2025-12-22 22:11:34 - client_scoring - INFO - Clients scorés : 1,000
2025-12-22 22:11:34 - client_scoring - INFO - Clusters analysés : 10
2025-12-22 22:11:34 - client_scoring - INFO - Score client moyen : 0.538
2025-12-22 22:11:34 - client_scoring - INFO - Potentiel total : 1,961,723€
2025-12-22 22:11:34 - client_scoring - INFO - Potentiel moyen/client : 1,962€
2025-12-22 22:11:34 - client_scoring - INFO - Couverture scoring : 100.0%
2025-12-22 22:11:34 - client_scoring - INFO - Couverture potentiel : 93.1%
2025-12-22 22:11:34 - client_scoring - INFO - Distribution segments :
2025-12-22 22:11:34 - client_scoring - INFO -   - A developper: 382 clients (38.2%)
2025-12-22 22:11:34 - client_scoring - INFO -   - A stimuler: 311 clients (31.1%)
2025-12-22 22:11:34 - client_scoring - INFO -   - A construire: 251 clients (25.1%)
2025-12-22 22:11:34 - client_scoring - INFO -   - A entretenir: 56 clients (5.6%)
2025-12-22 22:11:34 - client_scoring - INFO - Top 3 clusters par potentiel moyen :
2025-12-22 22:11:34 - client_scoring - INFO -   - 53-57_C0: 3,016€ (111 clients)
2025-12-22 22:11:34 - client_scoring - INFO -   - 28-32_C0: 2,444€ (84 clients)
2025-12-22 22:11:34 - client_scoring - INFO -   - 43-47_C0: 2,403€ (139 clients)
2025-12-22 22:11:34 - client_scoring - INFO - Scoring terminé en 0.10s - 1000 clients scorés
2025-12-22 22:11:34 - client_scoring - INFO - ClientScoringEngine initialisé - Top clients: 25.0%
2025-12-22 22:11:34 - client_scoring - INFO - Début calcul scores clients intra-cluster
2025-12-22 22:11:34 - client_scoring - INFO - Données clusterisées : (400, 12)
2025-12-22 22:11:34 - client_scoring - INFO - Données financières : (1000, 8)
2025-12-22 22:11:34 - client_scoring - INFO - Données fusionnées : (400, 19)
2025-12-22 22:11:34 - client_scoring - INFO - Nettoyage colonne CLUSTER_GLOBAL
2025-12-22 22:11:34 - client_scoring - INFO - Validation groupby réussie : 10 groupes
2025-12-22 22:11:34 - client_scoring - INFO - Clients clusterisés retenus : 400
2025-12-22 22:11:34 - client_scoring - INFO - Clusters uniques : 10
2025-12-22 22:11:34 - client_scoring - INFO - Préparation données financières
2025-12-22 22:11:34 - client_scoring - INFO - Colonnes PNB disponibles : ['PNB_COLL', 'PNB_CRED', 'PNB_SERV', 'PNB_ASSU']
2025-12-22 22:11:34 - client_scoring - WARNING - Variable EP_LIQUIDE non trouvée - valeur par défaut : 0
2025-12-22 22:11:34 - client_scoring - WARNING - Variable EP_STABLE non trouvée - valeur par défaut : 0
2025-12-22 22:11:34 - client_scoring - WARNING - Variable SLD_DAV non trouvée - valeur par défaut : 0
2025-12-22 22:11:34 - client_scoring - WARNING - Variable détention CD_NOTE_UNVRS_ASSU non trouvée - valeur par défaut : 0
2025-12-22 22:11:34 - client_scoring - INFO - Variable détention CD_NOTE_UNVRS_CRED préparée
2025-12-22 22:11:34 - client_scoring - WARNING - Variable détention CD_NOTE_UNVRS_EPRGN non trouvée - valeur par défaut : 0
2025-12-22 22:11:34 - client_scoring - WARNING - Variable détention CD_NOTE_UNVRS_SERV non trouvée - valeur par défaut : 0
2025-12-22 22:11:34 - client_scoring - WARNING - Variable détention CD_NOTE_POIDS_UNVRS non trouvée - valeur par défaut : 0
2025-12-22 22:11:34 - client_scoring - INFO - Calcul pondération et normalisation PNB par cluster
2025-12-22 22:11:34 - client_scoring - INFO - Score client calculé avec 4 composantes
2025-12-22 22:11:34 - client_scoring - INFO - Calcul potentiels clients (top 25% par cluster)
2025-12-22 22:11:34 - client_scoring - INFO - Potentiels calculés basés sur 96 clients top 25%
2025-12-22 22:11:34 - client_scoring - INFO - Calcul segmentation finale
2025-12-22 22:11:34 - client_scoring - INFO - === MÉTRIQUES DE QUALITÉ SCORING ===
2025-12-22 22:11:34 - client_scoring - INFO - Clients scorés : 400
2025-12-22 22:11:34 - client_scoring - INFO - Clusters analysés : 10
2025-12-22 22:11:34 - client_scoring - INFO - Score client moyen : 0.415
2025-12-22 22:11:34 - client_scoring - INFO - Potentiel total : 909,671€
2025-12-22 22:11:34 - client_scoring - INFO - Potentiel moyen/client : 2,274€
2025-12-22 22:11:34 - client_scoring - INFO - Couverture scoring : 100.0%
2025-12-22 22:11:34 - client_scoring - INFO - Couverture potentiel : 93.2%
2025-12-22 22:11:34 - client_scoring - INFO - Distribution segments :
2025-12-22 22:11:34 - client_scoring - INFO -   - A developper: 153 clients (38.2%)
2025-12-22 22:11:34 - client_scoring - INFO -   - A stimuler: 124 clients (31.0%)
2025-12-22 22:11:34 - client_scoring - INFO -   - A construire: 101 clients (25.2%)
2025-12-22 22:11:34 - client_scoring - INFO -   - A entretenir: 22 clients (5.5%)
2025-12-22 22:11:34 - client_scoring - INFO - Top 3 clusters par potentiel moyen :
2025-12-22 22:11:34 - client_scoring - INFO -   - 18-22_C0: 3,403€ (27 clients)
2025-12-22 22:11:34 - client_scoring - INFO -   - 53-57_C0: 3,271€ (47 clients)
2025-12-22 22:11:34 - client_scoring - INFO -   - 43-47_C0: 2,591€ (57 clients)
2025-12-22 22:11:34 - client_scoring - INFO - Scoring terminé en 0.08s - 400 clients scorés
2025-12-22 22:15:37 - client_scoring - INFO - Logger client_scoring configuré - Fichier: /Users/taieb/Documents/GITHUB REPO/ML_banking_segmentation/logs/client_scoring_20251222.log
2025-12-22 22:15:37 - client_scoring - INFO - ClientScoringEngine initialisé - Top clients: 25.0%
2025-12-22 22:15:37 - client_scoring - INFO - Début calcul scores clients intra-cluster
2025-12-22 22:15:37 - client_scoring - INFO - Données clusterisées : (0, 3)
2025-12-22 22:15:37 - client_scoring - INFO - Données financières : (0, 5)
2025-12-22 22:15:37 - client_scoring - ERROR - Colonnes manquantes dans df_clustered: ['ID_DWR_CLI_CIAL']
2025-12-22 22:16:25 - client_scoring - INFO - Logger client_scoring configuré - Fichier: /Users/taieb/Documents/GITHUB REPO/ML_banking_segmentation/logs/client_scoring_20251222.log
2025-12-22 22:16:25 - client_scoring - INFO - ClientScoringEngine initialisé - Top clients: 25.0%
2025-12-22 22:16:25 - client_scoring - INFO - Début calcul scores clients intra-cluster
2025-12-22 22:16:25 - client_scoring - INFO - Données clusterisées : (1500, 12)
2025-12-22 22:16:25 - client_scoring - INFO - Données financières : (1500, 8)
2025-12-22 22:16:25 - client_scoring - INFO - Données fusionnées : (1500, 19)
2025-12-22 22:16:25 - client_scoring - INFO - Nettoyage colonne CLUSTER_GLOBAL
2025-12-22 22:16:25 - client_scoring - INFO - Validation groupby réussie : 10 groupes
2025-12-22 22:16:25 - client_scoring - INFO - Clients clusterisés retenus : 1500
2025-12-22 22:16:25 - client_scoring - INFO - Clusters uniques : 10
2025-12-22 22:16:25 - client_scoring - INFO - Préparation données financières
2025-12-22 22:16:25 - client_scoring - INFO - Colonnes PNB disponibles : ['PNB_COLL', 'PNB_CRED', 'PNB_SERV', 'PNB_ASSU']
2025-12-22 22:16:25 - client_scoring - WARNING - Variable EP_LIQUIDE non trouvée - valeur par défaut : 0
2025-12-22 22:16:25 - client_scoring - WARNING - Variable EP_STABLE non trouvée - valeur par défaut : 0
2025-12-22 22:16:25 - client_scoring - WARNING - Variable SLD_DAV non trouvée - valeur par défaut : 0
2025-12-22 22:16:25 - client_scoring - WARNING - Variable détention CD_NOTE_UNVRS_ASSU non trouvée - valeur par défaut : 0
2025-12-22 22:16:25 - client_scoring - INFO - Variable détention CD_NOTE_UNVRS_CRED préparée
2025-12-22 22:16:25 - client_scoring - WARNING - Variable détention CD_NOTE_UNVRS_EPRGN non trouvée - valeur par défaut : 0
2025-12-22 22:16:25 - client_scoring - WARNING - Variable détention CD_NOTE_UNVRS_SERV non trouvée - valeur par défaut : 0
2025-12-22 22:16:25 - client_scoring - WARNING - Variable détention CD_NOTE_POIDS_UNVRS non trouvée - valeur par défaut : 0
2025-12-22 22:16:25 - client_scoring - INFO - Calcul pondération et normalisation PNB par cluster
2025-12-22 22:16:25 - client_scoring - INFO - Score client calculé avec 4 composantes
2025-12-22 22:16:25 - client_scoring - INFO - Calcul potentiels clients (top 25% par cluster)
2025-12-22 22:16:25 - client_scoring - INFO - Potentiels calculés basés sur 372 clients top 25%
2025-12-22 22:16:25 - client_scoring - INFO - Calcul segmentation finale
2025-12-22 22:16:25 - client_scoring - INFO - === MÉTRIQUES DE QUALITÉ SCORING ===
2025-12-22 22:16:25 - client_scoring - INFO - Clients scorés : 1,500
2025-12-22 22:16:25 - client_scoring - INFO - Clusters analysés : 10
2025-12-22 22:16:25 - client_scoring - INFO - Score client moyen : 0.549
2025-12-22 22:16:25 - client_scoring - INFO - Potentiel total : 3,630,108€
2025-12-22 22:16:25 - client_scoring - INFO - Potentiel moyen/client : 2,420€
2025-12-22 22:16:25 - client_scoring - INFO - Couverture scoring : 100.0%
2025-12-22 22:16:25 - client_scoring - INFO - Couverture potentiel : 95.2%
2025-12-22 22:16:25 - client_scoring - INFO - Distribution segments :
2025-12-22 22:16:25 - client_scoring - INFO -   - A developper: 561 clients (37.4%)
2025-12-22 22:16:25 - client_scoring - INFO -   - A stimuler: 460 clients (30.7%)
2025-12-22 22:16:25 - client_scoring - INFO -   - A construire: 376 clients (25.1%)
2025-12-22 22:16:25 - client_scoring - INFO -   - A entretenir: 103 clients (6.9%)
2025-12-22 22:16:25 - client_scoring - INFO - Top 3 clusters par potentiel moyen :
2025-12-22 22:16:25 - client_scoring - INFO -   - 33-37_C0: 2,830€ (162 clients)
2025-12-22 22:16:25 - client_scoring - INFO -   - 43-47_C0: 2,825€ (193 clients)
2025-12-22 22:16:25 - client_scoring - INFO -   - 63+_C0: 2,781€ (160 clients)
2025-12-22 22:16:25 - client_scoring - INFO - Scoring terminé en 0.11s - 1500 clients scorés
2025-12-22 22:16:25 - client_scoring - INFO - ClientScoringEngine initialisé - Top clients: 25.0%
2025-12-22 22:16:25 - client_scoring - INFO - Début calcul scores clients intra-cluster
2025-12-22 22:16:25 - client_scoring - INFO - Données clusterisées : (1500, 12)
2025-12-22 22:16:25 - client_scoring - INFO - Données financières : (1500, 8)
2025-12-22 22:16:25 - client_scoring - INFO - Données fusionnées : (1500, 19)
2025-12-22 22:16:25 - client_scoring - INFO - Nettoyage colonne CLUSTER_GLOBAL
2025-12-22 22:16:25 - client_scoring - INFO - Validation groupby réussie : 10 groupes
2025-12-22 22:16:25 - client_scoring - INFO - Clients clusterisés retenus : 1500
2025-12-22 22:16:25 - client_scoring - INFO - Clusters uniques : 10
2025-12-22 22:16:25 - client_scoring - INFO - Préparation données financières
2025-12-22 22:16:25 - client_scoring - INFO - Colonnes PNB disponibles : ['PNB_COLL', 'PNB_CRED', 'PNB_SERV', 'PNB_ASSU']
2025-12-22 22:16:25 - client_scoring - WARNING - Variable EP_LIQUIDE non trouvée - valeur par défaut : 0
2025-12-22 22:16:25 - client_scoring - WARNING - Variable EP_STABLE non trouvée - valeur par défaut : 0
2025-12-22 22:16:25 - client_scoring - WARNING - Variable SLD_DAV non trouvée - valeur par défaut : 0
2025-12-22 22:16:25 - client_scoring - WARNING - Variable détention CD_NOTE_UNVRS_ASSU non trouvée - valeur par défaut : 0
2025-12-22 22:16:25 - client_scoring - INFO - Variable détention CD_NOTE_UNVRS_CRED préparée
2025-12-22 22:16:25 - client_scoring - WARNING - Variable détention CD_NOTE_UNVRS_EPRGN non trouvée - valeur par défaut : 0
2025-12-22 22:16:25 - client_scoring - WARNING - Variable détention CD_NOTE_UNVRS_SERV non trouvée - valeur par défaut : 0
2025-12-22 22:16:25 - client_scoring - WARNING - Variable détention CD_NOTE_POIDS_UNVRS non trouvée - valeur par défaut : 0
2025-12-22 22:16:25 - client_scoring - INFO - Calcul pondération et normalisation PNB par cluster
2025-12-22 22:16:25 - client_scoring - INFO - Score client calculé avec 4 composantes
2025-12-22 22:16:25 - client_scoring - INFO - Calcul potentiels clients (top 25% par cluster)
2025-12-22 22:16:25 - client_scoring - INFO - Potentiels calculés basés sur 372 clients top 25%
2025-12-22 22:16:25 - client_scoring - INFO - Calcul segmentation finale
2025-12-22 22:16:25 - client_scoring - INFO - === MÉTRIQUES DE QUALITÉ SCORING ===
2025-12-22 22:16:25 - client_scoring - INFO - Clients scorés : 1,500
2025-12-22 22:16:25 - client_scoring - INFO - Clusters analysés : 10
2025-12-22 22:16:25 - client_scoring - INFO - Score client moyen : 0.549
2025-12-22 22:16:25 - client_scoring - INFO - Potentiel total : 3,630,108€
2025-12-22 22:16:25 - client_scoring - INFO - Potentiel moyen/client : 2,420€
2025-12-22 22:16:25 - client_scoring - INFO - Couverture scoring : 100.0%
2025-12-22 22:16:25 - client_scoring - INFO - Couverture potentiel : 95.2%
2025-12-22 22:16:25 - client_scoring - INFO - Distribution segments :
2025-12-22 22:16:25 - client_scoring - INFO -   - A developper: 561 clients (37.4%)
2025-12-22 22:16:25 - client_scoring - INFO -   - A stimuler: 460 clients (30.7%)
2025-12-22 22:16:25 - client_scoring - INFO -   - A construire: 376 clients (25.1%)
2025-12-22 22:16:25 - client_scoring - INFO -   - A entretenir: 103 clients (6.9%)
2025-12-22 22:16:25 - client_scoring - INFO - Top 3 clusters par potentiel moyen :
2025-12-22 22:16:25 - client_scoring - INFO -   - 33-37_C0: 2,830€ (162 clients)
2025-12-22 22:16:25 - client_scoring - INFO -   - 43-47_C0: 2,825€ (193 clients)
2025-12-22 22:16:25 - client_scoring - INFO -   - 63+_C0: 2,781€ (160 clients)
2025-12-22 22:16:25 - client_scoring - INFO - Scoring terminé en 0.10s - 1500 clients scorés
2025-12-22 22:16:25 - client_scoring - INFO - ClientScoringEngine initialisé - Top clients: 25.0%
2025-12-22 22:16:25 - client_scoring - INFO - Début calcul scores clients intra-cluster
2025-12-22 22:16:25 - client_scoring - INFO - Données clusterisées : (1500, 12)
2025-12-22 22:16:25 - client_scoring - INFO - Données financières : (1500, 8)
2025-12-22 22:16:25 - client_scoring - INFO - Données fusionnées : (1500, 19)
2025-12-22 22:16:25 - client_scoring - INFO - Nettoyage colonne CLUSTER_GLOBAL
2025-12-22 22:16:25 - client_scoring - INFO - Validation groupby réussie : 10 groupes
2025-12-22 22:16:25 - client_scoring - INFO - Clients clusterisés retenus : 1500
2025-12-22 22:16:25 - client_scoring - INFO - Clusters uniques : 10
2025-12-22 22:16:25 - client_scoring - INFO - Préparation données financières
2025-12-22 22:16:25 - client_scoring - INFO - Colonnes PNB disponibles : ['PNB_COLL', 'PNB_CRED', 'PNB_SERV', 'PNB_ASSU']
2025-12-22 22:16:25 - client_scoring - WARNING - Variable EP_LIQUIDE non trouvée - valeur par défaut : 0
2025-12-22 22:16:25 - client_scoring - WARNING - Variable EP_STABLE non trouvée - valeur par défaut : 0
2025-12-22 22:16:25 - client_scoring - WARNING - Variable SLD_DAV non trouvée - valeur par défaut : 0
2025-12-22 22:16:25 - client_scoring - WARNING - Variable détention CD_NOTE_UNVRS_ASSU non trouvée - valeur par défaut : 0
2025-12-22 22:16:25 - client_scoring - INFO - Variable détention CD_NOTE_UNVRS_CRED préparée
2025-12-22 22:16:25 - client_scoring - WARNING - Variable détention CD_NOTE_UNVRS_EPRGN non trouvée - valeur par défaut : 0
2025-12-22 22:16:25 - client_scoring - WARNING - Variable détention CD_NOTE_UNVRS_SERV non trouvée - valeur par défaut : 0
2025-12-22 22:16:25 - client_scoring - WARNING - Variable détention CD_NOTE_POIDS_UNVRS non trouvée - valeur par défaut : 0
2025-12-22 22:16:25 - client_scoring - INFO - Calcul pondération et normalisation PNB par cluster
2025-12-22 22:16:25 - client_scoring - INFO - Score client calculé avec 4 composantes
2025-12-22 22:16:25 - client_scoring - INFO - Calcul potentiels clients (top 25% par cluster)
2025-12-22 22:16:25 - client_scoring - INFO - Potentiels calculés basés sur 372 clients top 25%
2025-12-22 22:16:25 - client_scoring - INFO - Calcul segmentation finale
2025-12-22 22:16:25 - client_scoring - INFO - === MÉTRIQUES DE QUALITÉ SCORING ===
2025-12-22 22:16:25 - client_scoring - INFO - Clients scorés : 1,500
2025-12-22 22:16:25 - client_scoring - INFO - Clusters analysés : 10
2025-12-22 22:16:25 - client_scoring - INFO - Score client moyen : 0.549
2025-12-22 22:16:25 - client_scoring - INFO - Potentiel total : 3,630,108€
2025-12-22 22:16:25 - client_scoring - INFO - Potentiel moyen/client : 2,420€
2025-12-22 22:16:25 - client_scoring - INFO - Couverture scoring : 100.0%
2025-12-22 22:16:25 - client_scoring - INFO - Couverture potentiel : 95.2%
2025-12-22 22:16:25 - client_scoring - INFO - Distribution segments :
2025-12-22 22:16:25 - client_scoring - INFO -   - A developper: 561 clients (37.4%)
2025-12-22 22:16:25 - client_scoring - INFO -   - A stimuler: 460 clients (30.7%)
2025-12-22 22:16:25 - client_scoring - INFO -   - A construire: 376 clients (25.1%)
2025-12-22 22:16:25 - client_scoring - INFO -   - A entretenir: 103 clients (6.9%)
2025-12-22 22:16:25 - client_scoring - INFO - Top 3 clusters par potentiel moyen :
2025-12-22 22:16:25 - client_scoring - INFO -   - 33-37_C0: 2,830€ (162 clients)
2025-12-22 22:16:25 - client_scoring - INFO -   - 43-47_C0: 2,825€ (193 clients)
2025-12-22 22:16:25 - client_scoring - INFO -   - 63+_C0: 2,781€ (160 clients)
2025-12-22 22:16:25 - client_scoring - INFO - Scoring terminé en 0.11s - 1500 clients scorés
2025-12-22 22:16:25 - client_scoring - INFO - ClientScoringEngine initialisé - Top clients: 25.0%
2025-12-22 22:16:25 - client_scoring - INFO - ClientScoringEngine initialisé - Top clients: 25.0%
2025-12-22 22:16:25 - client_scoring - INFO - Début calcul scores clients intra-cluster
2025-12-22 22:16:25 - client_scoring - INFO - Données clusterisées : (1500, 12)
2025-12-22 22:16:25 - client_scoring - INFO - Données financières : (1500, 8)
2025-12-22 22:16:25 - client_scoring - INFO - Données fusionnées : (1500, 19)
2025-12-22 22:16:25 - client_scoring - INFO - Nettoyage colonne CLUSTER_GLOBAL
2025-12-22 22:16:25 - client_scoring - INFO - Validation groupby réussie : 10 groupes
2025-12-22 22:16:25 - client_scoring - INFO - Clients clusterisés retenus : 1500
2025-12-22 22:16:25 - client_scoring - INFO - Clusters uniques : 10
2025-12-22 22:16:25 - client_scoring - INFO - Préparation données financières
2025-12-22 22:16:25 - client_scoring - INFO - Colonnes PNB disponibles : ['PNB_COLL', 'PNB_CRED', 'PNB_SERV', 'PNB_ASSU']
2025-12-22 22:16:25 - client_scoring - WARNING - Variable EP_LIQUIDE non trouvée - valeur par défaut : 0
2025-12-22 22:16:25 - client_scoring - WARNING - Variable EP_STABLE non trouvée - valeur par défaut : 0
2025-12-22 22:16:25 - client_scoring - WARNING - Variable SLD_DAV non trouvée - valeur par défaut : 0
2025-12-22 22:16:25 - client_scoring - WARNING - Variable détention CD_NOTE_UNVRS_ASSU non trouvée - valeur par défaut : 0
2025-12-22 22:16:25 - client_scoring - INFO - Variable détention CD_NOTE_UNVRS_CRED préparée
2025-12-22 22:16:25 - client_scoring - WARNING - Variable détention CD_NOTE_UNVRS_EPRGN non trouvée - valeur par défaut : 0
2025-12-22 22:16:25 - client_scoring - WARNING - Variable détention CD_NOTE_UNVRS_SERV non trouvée - valeur par défaut : 0
2025-12-22 22:16:25 - client_scoring - WARNING - Variable détention CD_NOTE_POIDS_UNVRS non trouvée - valeur par défaut : 0
2025-12-22 22:16:25 - client_scoring - INFO - Calcul pondération et normalisation PNB par cluster
2025-12-22 22:16:25 - client_scoring - INFO - Score client calculé avec 4 composantes
2025-12-22 22:16:25 - client_scoring - INFO - Calcul potentiels clients (top 25% par cluster)
2025-12-22 22:16:25 - client_scoring - INFO - Potentiels calculés basés sur 372 clients top 25%
2025-12-22 22:16:25 - client_scoring - INFO - Calcul segmentation finale
2025-12-22 22:16:25 - client_scoring - INFO - === MÉTRIQUES DE QUALITÉ SCORING ===
2025-12-22 22:16:25 - client_scoring - INFO - Clients scorés : 1,500
2025-12-22 22:16:25 - client_scoring - INFO - Clusters analysés : 10
2025-12-22 22:16:25 - client_scoring - INFO - Score client moyen : 0.549
2025-12-22 22:16:25 - client_scoring - INFO - Potentiel total : 3,630,108€
2025-12-22 22:16:25 - client_scoring - INFO - Potentiel moyen/client : 2,420€
2025-12-22 22:16:25 - client_scoring - INFO - Couverture scoring : 100.0%
2025-12-22 22:16:25 - client_scoring - INFO - Couverture potentiel : 95.2%
2025-12-22 22:16:25 - client_scoring - INFO - Distribution segments :
2025-12-22 22:16:25 - client_scoring - INFO -   - A developper: 561 clients (37.4%)
2025-12-22 22:16:25 - client_scoring - INFO -   - A stimuler: 460 clients (30.7%)
2025-12-22 22:16:25 - client_scoring - INFO -   - A construire: 376 clients (25.1%)
2025-12-22 22:16:25 - client_scoring - INFO -   - A entretenir: 103 clients (6.9%)
2025-12-22 22:16:25 - client_scoring - INFO - Top 3 clusters par potentiel moyen :
2025-12-22 22:16:25 - client_scoring - INFO -   - 33-37_C0: 2,830€ (162 clients)
2025-12-22 22:16:25 - client_scoring - INFO -   - 43-47_C0: 2,825€ (193 clients)
2025-12-22 22:16:25 - client_scoring - INFO -   - 63+_C0: 2,781€ (160 clients)
2025-12-22 22:16:25 - client_scoring - INFO - Scoring terminé en 0.12s - 1500 clients scorés
2025-12-22 22:16:25 - client_scoring - INFO - ClientScoringEngine initialisé - Top clients: 25.0%
2025-12-22 22:16:25 - client_scoring - INFO - Début calcul scores clients intra-cluster
2025-12-22 22:16:25 - client_scoring - INFO - Données clusterisées : (1500, 12)
2025-12-22 22:16:25 - client_scoring - INFO - Données financières : (1500, 8)
2025-12-22 22:16:25 - client_scoring - INFO - Données fusionnées : (1500, 19)
2025-12-22 22:16:25 - client_scoring - INFO - Nettoyage colonne CLUSTER_GLOBAL
2025-12-22 22:16:25 - client_scoring - INFO - Validation groupby réussie : 10 groupes
2025-12-22 22:16:25 - client_scoring - INFO - Clients clusterisés retenus : 1500
2025-12-22 22:16:25 - client_scoring - INFO - Clusters uniques : 10
2025-12-22 22:16:25 - client_scoring - INFO - Préparation données financières
2025-12-22 22:16:25 - client_scoring - INFO - Colonnes PNB disponibles : ['PNB_COLL', 'PNB_CRED', 'PNB_SERV', 'PNB_ASSU']
2025-12-22 22:16:25 - client_scoring - WARNING - Variable EP_LIQUIDE non trouvée - valeur par défaut : 0
2025-12-22 22:16:25 - client_scoring - WARNING - Variable EP_STABLE non trouvée - valeur par défaut : 0
2025-12-22 22:16:25 - client_scoring - WARNING - Variable SLD_DAV non trouvée - valeur par défaut : 0
2025-12-22 22:16:25 - client_scoring - WARNING - Variable détention CD_NOTE_UNVRS_ASSU non trouvée - valeur par défaut : 0
2025-12-22 22:16:25 - client_scoring - INFO - Variable détention CD_NOTE_UNVRS_CRED préparée
2025-12-22 22:16:25 - client_scoring - WARNING - Variable détention CD_NOTE_UNVRS_EPRGN non trouvée - valeur par défaut : 0
2025-12-22 22:16:25 - client_scoring - WARNING - Variable détention CD_NOTE_UNVRS_SERV non trouvée - valeur par défaut : 0
2025-12-22 22:16:25 - client_scoring - WARNING - Variable détention CD_NOTE_POIDS_UNVRS non trouvée - valeur par défaut : 0
2025-12-22 22:16:25 - client_scoring - INFO - Calcul pondération et normalisation PNB par cluster
2025-12-22 22:16:25 - client_scoring - INFO - Score client calculé avec 4 composantes
2025-12-22 22:16:25 - client_scoring - INFO - Calcul potentiels clients (top 25% par cluster)
2025-12-22 22:16:25 - client_scoring - INFO - Potentiels calculés basés sur 372 clients top 25%
2025-12-22 22:16:25 - client_scoring - INFO - Calcul segmentation finale
2025-12-22 22:16:25 - client_scoring - INFO - === MÉTRIQUES DE QUALITÉ SCORING ===
2025-12-22 22:16:25 - client_scoring - INFO - Clients scorés : 1,500
2025-12-22 22:16:25 - client_scoring - INFO - Clusters analysés : 10
2025-12-22 22:16:25 - client_scoring - INFO - Score client moyen : 0.549
2025-12-22 22:16:25 - client_scoring - INFO - Potentiel total : 3,630,108€
2025-12-22 22:16:25 - client_scoring - INFO - Potentiel moyen/client : 2,420€
2025-12-22 22:16:25 - client_scoring - INFO - Couverture scoring : 100.0%
2025-12-22 22:16:25 - client_scoring - INFO - Couverture potentiel : 95.2%
2025-12-22 22:16:25 - client_scoring - INFO - Distribution segments :
2025-12-22 22:16:25 - client_scoring - INFO -   - A developper: 561 clients (37.4%)
2025-12-22 22:16:25 - client_scoring - INFO -   - A stimuler: 460 clients (30.7%)
2025-12-22 22:16:25 - client_scoring - INFO -   - A construire: 376 clients (25.1%)
2025-12-22 22:16:25 - client_scoring - INFO -   - A entretenir: 103 clients (6.9%)
2025-12-22 22:16:25 - client_scoring - INFO - Top 3 clusters par potentiel moyen :
2025-12-22 22:16:25 - client_scoring - INFO -   - 33-37_C0: 2,830€ (162 clients)
2025-12-22 22:16:25 - client_scoring - INFO -   - 43-47_C0: 2,825€ (193 clients)
2025-12-22 22:16:25 - client_scoring - INFO -   - 63+_C0: 2,781€ (160 clients)
2025-12-22 22:16:25 - client_scoring - INFO - Scoring terminé en 0.12s - 1500 clients scorés
2025-12-22 22:16:25 - client_scoring - INFO - ClientScoringEngine initialisé - Top clients: 25.0%
2025-12-22 22:16:25 - client_scoring - INFO - Début calcul scores clients intra-cluster
2025-12-22 22:16:25 - client_scoring - INFO - Données clusterisées : (1500, 12)
2025-12-22 22:16:25 - client_scoring - INFO - Données financières : (1500, 8)
2025-12-22 22:16:25 - client_scoring - INFO - Données fusionnées : (1500, 19)
2025-12-22 22:16:25 - client_scoring - INFO - Nettoyage colonne CLUSTER_GLOBAL
2025-12-22 22:16:25 - client_scoring - INFO - Validation groupby réussie : 10 groupes
2025-12-22 22:16:25 - client_scoring - INFO - Clients clusterisés retenus : 1500
2025-12-22 22:16:25 - client_scoring - INFO - Clusters uniques : 10
2025-12-22 22:16:25 - client_scoring - INFO - Préparation données financières
2025-12-22 22:16:25 - client_scoring - INFO - Colonnes PNB disponibles : ['PNB_COLL', 'PNB_CRED', 'PNB_SERV', 'PNB_ASSU']
2025-12-22 22:16:25 - client_scoring - WARNING - Variable EP_LIQUIDE non trouvée - valeur par défaut : 0
2025-12-22 22:16:25 - client_scoring - WARNING - Variable EP_STABLE non trouvée - valeur par défaut : 0
2025-12-22 22:16:25 - client_scoring - WARNING - Variable SLD_DAV non trouvée - valeur par défaut : 0
2025-12-22 22:16:25 - client_scoring - WARNING - Variable détention CD_NOTE_UNVRS_ASSU non trouvée - valeur par défaut : 0
2025-12-22 22:16:25 - client_scoring - INFO - Variable détention CD_NOTE_UNVRS_CRED préparée
2025-12-22 22:16:25 - client_scoring - WARNING - Variable détention CD_NOTE_UNVRS_EPRGN non trouvée - valeur par défaut : 0
2025-12-22 22:16:25 - client_scoring - WARNING - Variable détention CD_NOTE_UNVRS_SERV non trouvée - valeur par défaut : 0
2025-12-22 22:16:25 - client_scoring - WARNING - Variable détention CD_NOTE_POIDS_UNVRS non trouvée - valeur par défaut : 0
2025-12-22 22:16:25 - client_scoring - INFO - Calcul pondération et normalisation PNB par cluster
2025-12-22 22:16:25 - client_scoring - INFO - Score client calculé avec 4 composantes
2025-12-22 22:16:25 - client_scoring - INFO - Calcul potentiels clients (top 25% par cluster)
2025-12-22 22:16:25 - client_scoring - INFO - Potentiels calculés basés sur 372 clients top 25%
2025-12-22 22:16:25 - client_scoring - INFO - Calcul segmentation finale
2025-12-22 22:16:25 - client_scoring - INFO - === MÉTRIQUES DE QUALITÉ SCORING ===
2025-12-22 22:16:25 - client_scoring - INFO - Clients scorés : 1,500
2025-12-22 22:16:25 - client_scoring - INFO - Clusters analysés : 10
2025-12-22 22:16:25 - client_scoring - INFO - Score client moyen : 0.549
2025-12-22 22:16:25 - client_scoring - INFO - Potentiel total : 3,630,108€
2025-12-22 22:16:25 - client_scoring - INFO - Potentiel moyen/client : 2,420€
2025-12-22 22:16:25 - client_scoring - INFO - Couverture scoring : 100.0%
2025-12-22 22:16:25 - client_scoring - INFO - Couverture potentiel : 95.2%
2025-12-22 22:16:25 - client_scoring - INFO - Distribution segments :
2025-12-22 22:16:25 - client_scoring - INFO -   - A developper: 561 clients (37.4%)
2025-12-22 22:16:25 - client_scoring - INFO -   - A stimuler: 460 clients (30.7%)
2025-12-22 22:16:25 - client_scoring - INFO -   - A construire: 376 clients (25.1%)
2025-12-22 22:16:25 - client_scoring - INFO -   - A entretenir: 103 clients (6.9%)
2025-12-22 22:16:25 - client_scoring - INFO - Top 3 clusters par potentiel moyen :
2025-12-22 22:16:25 - client_scoring - INFO -   - 33-37_C0: 2,830€ (162 clients)
2025-12-22 22:16:25 - client_scoring - INFO -   - 43-47_C0: 2,825€ (193 clients)
2025-12-22 22:16:25 - client_scoring - INFO -   - 63+_C0: 2,781€ (160 clients)
2025-12-22 22:16:25 - client_scoring - INFO - Scoring terminé en 0.11s - 1500 clients scorés
2025-12-22 22:16:26 - client_scoring - INFO - ClientScoringEngine initialisé - Top clients: 25.0%
2025-12-22 22:16:26 - client_scoring - INFO - Début calcul scores clients intra-cluster
2025-12-22 22:16:26 - client_scoring - INFO - Données clusterisées : (0, 5)
2025-12-22 22:16:26 - client_scoring - INFO - Données financières : (0, 5)
2025-12-22 22:16:26 - client_scoring - ERROR - Colonnes manquantes dans df_financial: ['ID_DWR_CLI_CIAL']
2025-12-22 22:16:26 - client_scoring - INFO - ClientScoringEngine initialisé - Top clients: 25.0%
2025-12-22 22:16:26 - client_scoring - INFO - Début calcul scores clients intra-cluster
2025-12-22 22:16:26 - client_scoring - INFO - Données clusterisées : (2000, 12)
2025-12-22 22:16:26 - client_scoring - INFO - Données financières : (2000, 8)
2025-12-22 22:16:26 - client_scoring - INFO - Données fusionnées : (2000, 19)
2025-12-22 22:16:26 - client_scoring - INFO - Nettoyage colonne CLUSTER_GLOBAL
2025-12-22 22:16:26 - client_scoring - INFO - Validation groupby réussie : 10 groupes
2025-12-22 22:16:26 - client_scoring - INFO - Clients clusterisés retenus : 2000
2025-12-22 22:16:26 - client_scoring - INFO - Clusters uniques : 10
2025-12-22 22:16:26 - client_scoring - INFO - Préparation données financières
2025-12-22 22:16:26 - client_scoring - INFO - Colonnes PNB disponibles : ['PNB_COLL', 'PNB_CRED', 'PNB_SERV', 'PNB_ASSU']
2025-12-22 22:16:26 - client_scoring - WARNING - Variable EP_LIQUIDE non trouvée - valeur par défaut : 0
2025-12-22 22:16:26 - client_scoring - WARNING - Variable EP_STABLE non trouvée - valeur par défaut : 0
2025-12-22 22:16:26 - client_scoring - WARNING - Variable SLD_DAV non trouvée - valeur par défaut : 0
2025-12-22 22:16:26 - client_scoring - WARNING - Variable détention CD_NOTE_UNVRS_ASSU non trouvée - valeur par défaut : 0
2025-12-22 22:16:26 - client_scoring - INFO - Variable détention CD_NOTE_UNVRS_CRED préparée
2025-12-22 22:16:26 - client_scoring - WARNING - Variable détention CD_NOTE_UNVRS_EPRGN non trouvée - valeur par défaut : 0
2025-12-22 22:16:26 - client_scoring - WARNING - Variable détention CD_NOTE_UNVRS_SERV non trouvée - valeur par défaut : 0
2025-12-22 22:16:26 - client_scoring - WARNING - Variable détention CD_NOTE_POIDS_UNVRS non trouvée - valeur par défaut : 0
2025-12-22 22:16:26 - client_scoring - INFO - Calcul pondération et normalisation PNB par cluster
2025-12-22 22:16:26 - client_scoring - INFO - Score client calculé avec 4 composantes
2025-12-22 22:16:26 - client_scoring - INFO - Calcul potentiels clients (top 25% par cluster)
2025-12-22 22:16:26 - client_scoring - INFO - Potentiels calculés basés sur 495 clients top 25%
2025-12-22 22:16:26 - client_scoring - INFO - Calcul segmentation finale
2025-12-22 22:16:26 - client_scoring - INFO - === MÉTRIQUES DE QUALITÉ SCORING ===
2025-12-22 22:16:26 - client_scoring - INFO - Clients scorés : 2,000
2025-12-22 22:16:26 - client_scoring - INFO - Clusters analysés : 10
2025-12-22 22:16:26 - client_scoring - INFO - Score client moyen : 0.564
2025-12-22 22:16:26 - client_scoring - INFO - Potentiel total : 4,029,085€
2025-12-22 22:16:27 - client_scoring - INFO - Potentiel moyen/client : 2,015€
2025-12-22 22:16:27 - client_scoring - INFO - Couverture scoring : 100.0%
2025-12-22 22:16:27 - client_scoring - INFO - Couverture potentiel : 94.8%
2025-12-22 22:16:27 - client_scoring - INFO - Distribution segments :
2025-12-22 22:16:27 - client_scoring - INFO -   - A developper: 758 clients (37.9%)
2025-12-22 22:16:27 - client_scoring - INFO -   - A stimuler: 611 clients (30.6%)
2025-12-22 22:16:27 - client_scoring - INFO -   - A construire: 502 clients (25.1%)
2025-12-22 22:16:27 - client_scoring - INFO -   - A entretenir: 129 clients (6.5%)
2025-12-22 22:16:27 - client_scoring - INFO - Top 3 clusters par potentiel moyen :
2025-12-22 22:16:27 - client_scoring - INFO -   - 53-57_C0: 2,666€ (211 clients)
2025-12-22 22:16:27 - client_scoring - INFO -   - 48-52_C0: 2,198€ (257 clients)
2025-12-22 22:16:27 - client_scoring - INFO -   - 58-62_C0: 2,172€ (163 clients)
2025-12-22 22:16:27 - client_scoring - INFO - Scoring terminé en 0.12s - 2000 clients scorés
2025-12-22 22:16:28 - client_scoring - INFO - ClientScoringEngine initialisé - Top clients: 25.0%
2025-12-22 22:16:28 - client_scoring - INFO - Début calcul scores clients intra-cluster
2025-12-22 22:16:28 - client_scoring - INFO - Données clusterisées : (2000, 12)
2025-12-22 22:16:28 - client_scoring - INFO - Données financières : (2000, 8)
2025-12-22 22:16:28 - client_scoring - INFO - Données fusionnées : (2000, 19)
2025-12-22 22:16:28 - client_scoring - INFO - Nettoyage colonne CLUSTER_GLOBAL
2025-12-22 22:16:28 - client_scoring - INFO - Validation groupby réussie : 10 groupes
2025-12-22 22:16:28 - client_scoring - INFO - Clients clusterisés retenus : 2000
2025-12-22 22:16:28 - client_scoring - INFO - Clusters uniques : 10
2025-12-22 22:16:28 - client_scoring - INFO - Préparation données financières
2025-12-22 22:16:28 - client_scoring - INFO - Colonnes PNB disponibles : ['PNB_COLL', 'PNB_CRED', 'PNB_SERV', 'PNB_ASSU']
2025-12-22 22:16:28 - client_scoring - WARNING - Variable EP_LIQUIDE non trouvée - valeur par défaut : 0
2025-12-22 22:16:28 - client_scoring - WARNING - Variable EP_STABLE non trouvée - valeur par défaut : 0
2025-12-22 22:16:28 - client_scoring - WARNING - Variable SLD_DAV non trouvée - valeur par défaut : 0
2025-12-22 22:16:28 - client_scoring - WARNING - Variable détention CD_NOTE_UNVRS_ASSU non trouvée - valeur par défaut : 0
2025-12-22 22:16:28 - client_scoring - INFO - Variable détention CD_NOTE_UNVRS_CRED préparée
2025-12-22 22:16:28 - client_scoring - WARNING - Variable détention CD_NOTE_UNVRS_EPRGN non trouvée - valeur par défaut : 0
2025-12-22 22:16:28 - client_scoring - WARNING - Variable détention CD_NOTE_UNVRS_SERV non trouvée - valeur par défaut : 0
2025-12-22 22:16:28 - client_scoring - WARNING - Variable détention CD_NOTE_POIDS_UNVRS non trouvée - valeur par défaut : 0
2025-12-22 22:16:28 - client_scoring - INFO - Calcul pondération et normalisation PNB par cluster
2025-12-22 22:16:28 - client_scoring - INFO - Score client calculé avec 4 composantes
2025-12-22 22:16:28 - client_scoring - INFO - Calcul potentiels clients (top 25% par cluster)
2025-12-22 22:16:28 - client_scoring - INFO - Potentiels calculés basés sur 495 clients top 25%
2025-12-22 22:16:28 - client_scoring - INFO - Calcul segmentation finale
2025-12-22 22:16:28 - client_scoring - INFO - === MÉTRIQUES DE QUALITÉ SCORING ===
2025-12-22 22:16:28 - client_scoring - INFO - Clients scorés : 2,000
2025-12-22 22:16:28 - client_scoring - INFO - Clusters analysés : 10
2025-12-22 22:16:28 - client_scoring - INFO - Score client moyen : 0.564
2025-12-22 22:16:28 - client_scoring - INFO - Potentiel total : 4,029,085€
2025-12-22 22:16:28 - client_scoring - INFO - Potentiel moyen/client : 2,015€
2025-12-22 22:16:28 - client_scoring - INFO - Couverture scoring : 100.0%
2025-12-22 22:16:28 - client_scoring - INFO - Couverture potentiel : 94.8%
2025-12-22 22:16:28 - client_scoring - INFO - Distribution segments :
2025-12-22 22:16:28 - client_scoring - INFO -   - A developper: 758 clients (37.9%)
2025-12-22 22:16:28 - client_scoring - INFO -   - A stimuler: 611 clients (30.6%)
2025-12-22 22:16:28 - client_scoring - INFO -   - A construire: 502 clients (25.1%)
2025-12-22 22:16:28 - client_scoring - INFO -   - A entretenir: 129 clients (6.5%)
2025-12-22 22:16:28 - client_scoring - INFO - Top 3 clusters par potentiel moyen :
2025-12-22 22:16:28 - client_scoring - INFO -   - 53-57_C0: 2,666€ (211 clients)
2025-12-22 22:16:28 - client_scoring - INFO -   - 48-52_C0: 2,198€ (257 clients)
2025-12-22 22:16:28 - client_scoring - INFO -   - 58-62_C0: 2,172€ (163 clients)
2025-12-22 22:16:28 - client_scoring - INFO - Scoring terminé en 0.11s - 2000 clients scorés
2025-12-22 22:16:28 - client_scoring - INFO - ClientScoringEngine initialisé - Top clients: 25.0%
2025-12-22 22:16:28 - client_scoring - INFO - Début calcul scores clients intra-cluster
2025-12-22 22:16:28 - client_scoring - INFO - Données clusterisées : (2000, 12)
2025-12-22 22:16:28 - client_scoring - INFO - Données financières : (2000, 8)
2025-12-22 22:16:28 - client_scoring - INFO - Données fusionnées : (2000, 19)
2025-12-22 22:16:28 - client_scoring - INFO - Nettoyage colonne CLUSTER_GLOBAL
2025-12-22 22:16:28 - client_scoring - INFO - Validation groupby réussie : 10 groupes
2025-12-22 22:16:28 - client_scoring - INFO - Clients clusterisés retenus : 2000
2025-12-22 22:16:28 - client_scoring - INFO - Clusters uniques : 10
2025-12-22 22:16:28 - client_scoring - INFO - Préparation données financières
2025-12-22 22:16:28 - client_scoring - INFO - Colonnes PNB disponibles : ['PNB_COLL', 'PNB_CRED', 'PNB_SERV', 'PNB_ASSU']
2025-12-22 22:16:28 - client_scoring - WARNING - Variable EP_LIQUIDE non trouvée - valeur par défaut : 0
2025-12-22 22:16:28 - client_scoring - WARNING - Variable EP_STABLE non trouvée - valeur par défaut : 0
2025-12-22 22:16:28 - client_scoring - WARNING - Variable SLD_DAV non trouvée - valeur par défaut : 0
2025-12-22 22:16:28 - client_scoring - WARNING - Variable détention CD_NOTE_UNVRS_ASSU non trouvée - valeur par défaut : 0
2025-12-22 22:16:28 - client_scoring - INFO - Variable détention CD_NOTE_UNVRS_CRED préparée
2025-12-22 22:16:28 - client_scoring - WARNING - Variable détention CD_NOTE_UNVRS_EPRGN non trouvée - valeur par défaut : 0
2025-12-22 22:16:28 - client_scoring - WARNING - Variable détention CD_NOTE_UNVRS_SERV non trouvée - valeur par défaut : 0
2025-12-22 22:16:28 - client_scoring - WARNING - Variable détention CD_NOTE_POIDS_UNVRS non trouvée - valeur par défaut : 0
2025-12-22 22:16:28 - client_scoring - INFO - Calcul pondération et normalisation PNB par cluster
2025-12-22 22:16:28 - client_scoring - INFO - Score client calculé avec 4 composantes
2025-12-22 22:16:28 - client_scoring - INFO - Calcul potentiels clients (top 25% par cluster)
2025-12-22 22:16:28 - client_scoring - INFO - Potentiels calculés basés sur 495 clients top 25%
2025-12-22 22:16:28 - client_scoring - INFO - Calcul segmentation finale
2025-12-22 22:16:28 - client_scoring - INFO - === MÉTRIQUES DE QUALITÉ SCORING ===
2025-12-22 22:16:28 - client_scoring - INFO - Clients scorés : 2,000
2025-12-22 22:16:28 - client_scoring - INFO - Clusters analysés : 10
2025-12-22 22:16:28 - client_scoring - INFO - Score client moyen : 0.564
2025-12-22 22:16:28 - client_scoring - INFO - Potentiel total : 4,029,085€
2025-12-22 22:16:28 - client_scoring - INFO - Potentiel moyen/client : 2,015€
2025-12-22 22:16:28 - client_scoring - INFO - Couverture scoring : 100.0%
2025-12-22 22:16:28 - client_scoring - INFO - Couverture potentiel : 94.8%
2025-12-22 22:16:28 - client_scoring - INFO - Distribution segments :
2025-12-22 22:16:28 - client_scoring - INFO -   - A developper: 758 clients (37.9%)
2025-12-22 22:16:28 - client_scoring - INFO -   - A stimuler: 611 clients (30.6%)
2025-12-22 22:16:28 - client_scoring - INFO -   - A construire: 502 clients (25.1%)
2025-12-22 22:16:28 - client_scoring - INFO -   - A entretenir: 129 clients (6.5%)
2025-12-22 22:16:28 - client_scoring - INFO - Top 3 clusters par potentiel moyen :
2025-12-22 22:16:28 - client_scoring - INFO -   - 53-57_C0: 2,666€ (211 clients)
2025-12-22 22:16:28 - client_scoring - INFO -   - 48-52_C0: 2,198€ (257 clients)
2025-12-22 22:16:28 - client_scoring - INFO -   - 58-62_C0: 2,172€ (163 clients)
2025-12-22 22:16:28 - client_scoring - INFO - Scoring terminé en 0.13s - 2000 clients scorés
2025-12-22 22:16:29 - client_scoring - INFO - ClientScoringEngine initialisé - Top clients: 25.0%
2025-12-22 22:16:29 - client_scoring - INFO - Début calcul scores clients intra-cluster
2025-12-22 22:16:29 - client_scoring - INFO - Données clusterisées : (200, 12)
2025-12-22 22:16:29 - client_scoring - INFO - Données financières : (2000, 8)
2025-12-22 22:16:29 - client_scoring - INFO - Données fusionnées : (200, 19)
2025-12-22 22:16:29 - client_scoring - INFO - Nettoyage colonne CLUSTER_GLOBAL
2025-12-22 22:16:29 - client_scoring - INFO - Validation groupby réussie : 10 groupes
2025-12-22 22:16:29 - client_scoring - INFO - Clients clusterisés retenus : 200
2025-12-22 22:16:29 - client_scoring - INFO - Clusters uniques : 10
2025-12-22 22:16:29 - client_scoring - INFO - Préparation données financières
2025-12-22 22:16:29 - client_scoring - INFO - Colonnes PNB disponibles : ['PNB_COLL', 'PNB_CRED', 'PNB_SERV', 'PNB_ASSU']
2025-12-22 22:16:29 - client_scoring - WARNING - Variable EP_LIQUIDE non trouvée - valeur par défaut : 0
2025-12-22 22:16:29 - client_scoring - WARNING - Variable EP_STABLE non trouvée - valeur par défaut : 0
2025-12-22 22:16:29 - client_scoring - WARNING - Variable SLD_DAV non trouvée - valeur par défaut : 0
2025-12-22 22:16:29 - client_scoring - WARNING - Variable détention CD_NOTE_UNVRS_ASSU non trouvée - valeur par défaut : 0
2025-12-22 22:16:29 - client_scoring - INFO - Variable détention CD_NOTE_UNVRS_CRED préparée
2025-12-22 22:16:29 - client_scoring - WARNING - Variable détention CD_NOTE_UNVRS_EPRGN non trouvée - valeur par défaut : 0
2025-12-22 22:16:29 - client_scoring - WARNING - Variable détention CD_NOTE_UNVRS_SERV non trouvée - valeur par défaut : 0
2025-12-22 22:16:29 - client_scoring - WARNING - Variable détention CD_NOTE_POIDS_UNVRS non trouvée - valeur par défaut : 0
2025-12-22 22:16:29 - client_scoring - INFO - Calcul pondération et normalisation PNB par cluster
2025-12-22 22:16:29 - client_scoring - INFO - Score client calculé avec 4 composantes
2025-12-22 22:16:29 - client_scoring - INFO - Calcul potentiels clients (top 25% par cluster)
2025-12-22 22:16:29 - client_scoring - INFO - Potentiels calculés basés sur 47 clients top 25%
2025-12-22 22:16:29 - client_scoring - INFO - Calcul segmentation finale
2025-12-22 22:16:29 - client_scoring - INFO - === MÉTRIQUES DE QUALITÉ SCORING ===
2025-12-22 22:16:29 - client_scoring - INFO - Clients scorés : 200
2025-12-22 22:16:29 - client_scoring - INFO - Clusters analysés : 10
2025-12-22 22:16:29 - client_scoring - INFO - Score client moyen : 0.433
2025-12-22 22:16:29 - client_scoring - INFO - Potentiel total : 439,705€
2025-12-22 22:16:29 - client_scoring - INFO - Potentiel moyen/client : 2,199€
2025-12-22 22:16:29 - client_scoring - INFO - Couverture scoring : 100.0%
2025-12-22 22:16:29 - client_scoring - INFO - Couverture potentiel : 93.5%
2025-12-22 22:16:29 - client_scoring - INFO - Distribution segments :
2025-12-22 22:16:29 - client_scoring - INFO -   - A stimuler: 72 clients (36.0%)
2025-12-22 22:16:29 - client_scoring - INFO -   - A developper: 66 clients (33.0%)
2025-12-22 22:16:29 - client_scoring - INFO -   - A construire: 52 clients (26.0%)
2025-12-22 22:16:29 - client_scoring - INFO -   - A entretenir: 10 clients (5.0%)
2025-12-22 22:16:29 - client_scoring - INFO - Top 3 clusters par potentiel moyen :
2025-12-22 22:16:29 - client_scoring - INFO -   - 18-22_C0: 3,976€ (10 clients)
2025-12-22 22:16:29 - client_scoring - INFO -   - 58-62_C0: 3,324€ (17 clients)
2025-12-22 22:16:29 - client_scoring - INFO -   - 53-57_C0: 3,122€ (17 clients)
2025-12-22 22:16:29 - client_scoring - INFO - Scoring terminé en 0.09s - 200 clients scorés
2025-12-22 22:16:29 - client_scoring - INFO - ClientScoringEngine initialisé - Top clients: 25.0%
2025-12-22 22:16:29 - client_scoring - INFO - Début calcul scores clients intra-cluster
2025-12-22 22:16:29 - client_scoring - INFO - Données clusterisées : (2000, 12)
2025-12-22 22:16:29 - client_scoring - INFO - Données financières : (2000, 8)
2025-12-22 22:16:29 - client_scoring - INFO - Données fusionnées : (2000, 19)
2025-12-22 22:16:29 - client_scoring - INFO - Nettoyage colonne CLUSTER_GLOBAL
2025-12-22 22:16:29 - client_scoring - INFO - Validation groupby réussie : 10 groupes
2025-12-22 22:16:29 - client_scoring - INFO - Clients clusterisés retenus : 2000
2025-12-22 22:16:29 - client_scoring - INFO - Clusters uniques : 10
2025-12-22 22:16:29 - client_scoring - INFO - Préparation données financières
2025-12-22 22:16:29 - client_scoring - INFO - Colonnes PNB disponibles : ['PNB_COLL', 'PNB_CRED', 'PNB_SERV', 'PNB_ASSU']
2025-12-22 22:16:29 - client_scoring - WARNING - Variable EP_LIQUIDE non trouvée - valeur par défaut : 0
2025-12-22 22:16:29 - client_scoring - WARNING - Variable EP_STABLE non trouvée - valeur par défaut : 0
2025-12-22 22:16:29 - client_scoring - WARNING - Variable SLD_DAV non trouvée - valeur par défaut : 0
2025-12-22 22:16:29 - client_scoring - WARNING - Variable détention CD_NOTE_UNVRS_ASSU non trouvée - valeur par défaut : 0
2025-12-22 22:16:29 - client_scoring - INFO - Variable détention CD_NOTE_UNVRS_CRED préparée
2025-12-22 22:16:29 - client_scoring - WARNING - Variable détention CD_NOTE_UNVRS_EPRGN non trouvée - valeur par défaut : 0
2025-12-22 22:16:29 - client_scoring - WARNING - Variable détention CD_NOTE_UNVRS_SERV non trouvée - valeur par défaut : 0
2025-12-22 22:16:29 - client_scoring - WARNING - Variable détention CD_NOTE_POIDS_UNVRS non trouvée - valeur par défaut : 0
2025-12-22 22:16:29 - client_scoring - INFO - Calcul pondération et normalisation PNB par cluster
2025-12-22 22:16:29 - client_scoring - INFO - Score client calculé avec 4 composantes
2025-12-22 22:16:29 - client_scoring - INFO - Calcul potentiels clients (top 25% par cluster)
2025-12-22 22:16:29 - client_scoring - INFO - Potentiels calculés basés sur 495 clients top 25%
2025-12-22 22:16:29 - client_scoring - INFO - Calcul segmentation finale
2025-12-22 22:16:29 - client_scoring - INFO - === MÉTRIQUES DE QUALITÉ SCORING ===
2025-12-22 22:16:29 - client_scoring - INFO - Clients scorés : 2,000
2025-12-22 22:16:29 - client_scoring - INFO - Clusters analysés : 10
2025-12-22 22:16:29 - client_scoring - INFO - Score client moyen : 0.564
2025-12-22 22:16:29 - client_scoring - INFO - Potentiel total : 4,029,085€
2025-12-22 22:16:29 - client_scoring - INFO - Potentiel moyen/client : 2,015€
2025-12-22 22:16:29 - client_scoring - INFO - Couverture scoring : 100.0%
2025-12-22 22:16:29 - client_scoring - INFO - Couverture potentiel : 94.8%
2025-12-22 22:16:29 - client_scoring - INFO - Distribution segments :
2025-12-22 22:16:29 - client_scoring - INFO -   - A developper: 758 clients (37.9%)
2025-12-22 22:16:29 - client_scoring - INFO -   - A stimuler: 611 clients (30.6%)
2025-12-22 22:16:29 - client_scoring - INFO -   - A construire: 502 clients (25.1%)
2025-12-22 22:16:29 - client_scoring - INFO -   - A entretenir: 129 clients (6.5%)
2025-12-22 22:16:29 - client_scoring - INFO - Top 3 clusters par potentiel moyen :
2025-12-22 22:16:29 - client_scoring - INFO -   - 53-57_C0: 2,666€ (211 clients)
2025-12-22 22:16:29 - client_scoring - INFO -   - 48-52_C0: 2,198€ (257 clients)
2025-12-22 22:16:29 - client_scoring - INFO -   - 58-62_C0: 2,172€ (163 clients)
2025-12-22 22:16:29 - client_scoring - INFO - Scoring terminé en 0.11s - 2000 clients scorés
2025-12-22 22:16:30 - client_scoring - INFO - ClientScoringEngine initialisé - Top clients: 25.0%
2025-12-22 22:16:30 - client_scoring - INFO - Début calcul scores clients intra-cluster
2025-12-22 22:16:30 - client_scoring - INFO - Données clusterisées : (2000, 12)
2025-12-22 22:16:30 - client_scoring - INFO - Données financières : (2000, 8)
2025-12-22 22:16:30 - client_scoring - INFO - Données fusionnées : (2000, 19)
2025-12-22 22:16:30 - client_scoring - INFO - Nettoyage colonne CLUSTER_GLOBAL
2025-12-22 22:16:30 - client_scoring - INFO - Validation groupby réussie : 10 groupes
2025-12-22 22:16:30 - client_scoring - INFO - Clients clusterisés retenus : 2000
2025-12-22 22:16:30 - client_scoring - INFO - Clusters uniques : 10
2025-12-22 22:16:30 - client_scoring - INFO - Préparation données financières
2025-12-22 22:16:30 - client_scoring - INFO - Colonnes PNB disponibles : ['PNB_COLL', 'PNB_CRED', 'PNB_SERV', 'PNB_ASSU']
2025-12-22 22:16:30 - client_scoring - WARNING - Variable EP_LIQUIDE non trouvée - valeur par défaut : 0
2025-12-22 22:16:30 - client_scoring - WARNING - Variable EP_STABLE non trouvée - valeur par défaut : 0
2025-12-22 22:16:30 - client_scoring - WARNING - Variable SLD_DAV non trouvée - valeur par défaut : 0
2025-12-22 22:16:30 - client_scoring - WARNING - Variable détention CD_NOTE_UNVRS_ASSU non trouvée - valeur par défaut : 0
2025-12-22 22:16:30 - client_scoring - INFO - Variable détention CD_NOTE_UNVRS_CRED préparée
2025-12-22 22:16:30 - client_scoring - WARNING - Variable détention CD_NOTE_UNVRS_EPRGN non trouvée - valeur par défaut : 0
2025-12-22 22:16:30 - client_scoring - WARNING - Variable détention CD_NOTE_UNVRS_SERV non trouvée - valeur par défaut : 0
2025-12-22 22:16:30 - client_scoring - WARNING - Variable détention CD_NOTE_POIDS_UNVRS non trouvée - valeur par défaut : 0
2025-12-22 22:16:30 - client_scoring - INFO - Calcul pondération et normalisation PNB par cluster
2025-12-22 22:16:30 - client_scoring - INFO - Score client calculé avec 4 composantes
2025-12-22 22:16:30 - client_scoring - INFO - Calcul potentiels clients (top 25% par cluster)
2025-12-22 22:16:30 - client_scoring - INFO - Potentiels calculés basés sur 495 clients top 25%
2025-12-22 22:16:30 - client_scoring - INFO - Calcul segmentation finale
2025-12-22 22:16:30 - client_scoring - INFO - === MÉTRIQUES DE QUALITÉ SCORING ===
2025-12-22 22:16:30 - client_scoring - INFO - Clients scorés : 2,000
2025-12-22 22:16:30 - client_scoring - INFO - Clusters analysés : 10
2025-12-22 22:16:30 - client_scoring - INFO - Score client moyen : 0.564
2025-12-22 22:16:30 - client_scoring - INFO - Potentiel total : 4,029,085€
2025-12-22 22:16:30 - client_scoring - INFO - Potentiel moyen/client : 2,015€
2025-12-22 22:16:30 - client_scoring - INFO - Couverture scoring : 100.0%
2025-12-22 22:16:30 - client_scoring - INFO - Couverture potentiel : 94.8%
2025-12-22 22:16:30 - client_scoring - INFO - Distribution segments :
2025-12-22 22:16:30 - client_scoring - INFO -   - A developper: 758 clients (37.9%)
2025-12-22 22:16:30 - client_scoring - INFO -   - A stimuler: 611 clients (30.6%)
2025-12-22 22:16:30 - client_scoring - INFO -   - A construire: 502 clients (25.1%)
2025-12-22 22:16:30 - client_scoring - INFO -   - A entretenir: 129 clients (6.5%)
2025-12-22 22:16:30 - client_scoring - INFO - Top 3 clusters par potentiel moyen :
2025-12-22 22:16:30 - client_scoring - INFO -   - 53-57_C0: 2,666€ (211 clients)
2025-12-22 22:16:30 - client_scoring - INFO -   - 48-52_C0: 2,198€ (257 clients)
2025-12-22 22:16:30 - client_scoring - INFO -   - 58-62_C0: 2,172€ (163 clients)
2025-12-22 22:16:30 - client_scoring - INFO - Scoring terminé en 0.11s - 2000 clients scorés
2025-12-22 22:16:31 - client_scoring - INFO - ClientScoringEngine initialisé - Top clients: 25.0%
2025-12-22 22:16:31 - client_scoring - INFO - Début calcul scores clients intra-cluster
2025-12-22 22:16:31 - client_scoring - INFO - Données clusterisées : (2000, 12)
2025-12-22 22:16:31 - client_scoring - INFO - Données financières : (2000, 8)
2025-12-22 22:16:31 - client_scoring - INFO - Données fusionnées : (2000, 19)
2025-12-22 22:16:31 - client_scoring - INFO - Nettoyage colonne CLUSTER_GLOBAL
2025-12-22 22:16:31 - client_scoring - INFO - Validation groupby réussie : 10 groupes
2025-12-22 22:16:31 - client_scoring - INFO - Clients clusterisés retenus : 2000
2025-12-22 22:16:31 - client_scoring - INFO - Clusters uniques : 10
2025-12-22 22:16:31 - client_scoring - INFO - Préparation données financières
2025-12-22 22:16:31 - client_scoring - INFO - Colonnes PNB disponibles : ['PNB_COLL', 'PNB_CRED', 'PNB_SERV', 'PNB_ASSU']
2025-12-22 22:16:31 - client_scoring - WARNING - Variable EP_LIQUIDE non trouvée - valeur par défaut : 0
2025-12-22 22:16:31 - client_scoring - WARNING - Variable EP_STABLE non trouvée - valeur par défaut : 0
2025-12-22 22:16:31 - client_scoring - WARNING - Variable SLD_DAV non trouvée - valeur par défaut : 0
2025-12-22 22:16:31 - client_scoring - WARNING - Variable détention CD_NOTE_UNVRS_ASSU non trouvée - valeur par défaut : 0
2025-12-22 22:16:31 - client_scoring - INFO - Variable détention CD_NOTE_UNVRS_CRED préparée
2025-12-22 22:16:31 - client_scoring - WARNING - Variable détention CD_NOTE_UNVRS_EPRGN non trouvée - valeur par défaut : 0
2025-12-22 22:16:31 - client_scoring - WARNING - Variable détention CD_NOTE_UNVRS_SERV non trouvée - valeur par défaut : 0
2025-12-22 22:16:31 - client_scoring - WARNING - Variable détention CD_NOTE_POIDS_UNVRS non trouvée - valeur par défaut : 0
2025-12-22 22:16:31 - client_scoring - INFO - Calcul pondération et normalisation PNB par cluster
2025-12-22 22:16:31 - client_scoring - INFO - Score client calculé avec 4 composantes
2025-12-22 22:16:31 - client_scoring - INFO - Calcul potentiels clients (top 25% par cluster)
2025-12-22 22:16:31 - client_scoring - INFO - Potentiels calculés basés sur 495 clients top 25%
2025-12-22 22:16:31 - client_scoring - INFO - Calcul segmentation finale
2025-12-22 22:16:31 - client_scoring - INFO - === MÉTRIQUES DE QUALITÉ SCORING ===
2025-12-22 22:16:31 - client_scoring - INFO - Clients scorés : 2,000
2025-12-22 22:16:31 - client_scoring - INFO - Clusters analysés : 10
2025-12-22 22:16:31 - client_scoring - INFO - Score client moyen : 0.564
2025-12-22 22:16:31 - client_scoring - INFO - Potentiel total : 4,029,085€
2025-12-22 22:16:31 - client_scoring - INFO - Potentiel moyen/client : 2,015€
2025-12-22 22:16:31 - client_scoring - INFO - Couverture scoring : 100.0%
2025-12-22 22:16:31 - client_scoring - INFO - Couverture potentiel : 94.8%
2025-12-22 22:16:31 - client_scoring - INFO - Distribution segments :
2025-12-22 22:16:31 - client_scoring - INFO -   - A developper: 758 clients (37.9%)
2025-12-22 22:16:31 - client_scoring - INFO -   - A stimuler: 611 clients (30.6%)
2025-12-22 22:16:31 - client_scoring - INFO -   - A construire: 502 clients (25.1%)
2025-12-22 22:16:31 - client_scoring - INFO -   - A entretenir: 129 clients (6.5%)
2025-12-22 22:16:31 - client_scoring - INFO - Top 3 clusters par potentiel moyen :
2025-12-22 22:16:31 - client_scoring - INFO -   - 53-57_C0: 2,666€ (211 clients)
2025-12-22 22:16:31 - client_scoring - INFO -   - 48-52_C0: 2,198€ (257 clients)
2025-12-22 22:16:31 - client_scoring - INFO -   - 58-62_C0: 2,172€ (163 clients)
2025-12-22 22:16:31 - client_scoring - INFO - Scoring terminé en 0.11s - 2000 clients scorés
2025-12-22 22:16:32 - client_scoring - INFO - ClientScoringEngine initialisé - Top clients: 25.0%
2025-12-22 22:16:32 - client_scoring - INFO - Début calcul scores clients intra-cluster
2025-12-22 22:16:32 - client_scoring - INFO - Données clusterisées : (2000, 12)
2025-12-22 22:16:32 - client_scoring - INFO - Données financières : (2000, 8)
2025-12-22 22:16:32 - client_scoring - INFO - Données fusionnées : (2000, 19)
2025-12-22 22:16:32 - client_scoring - INFO - Nettoyage colonne CLUSTER_GLOBAL
2025-12-22 22:16:32 - client_scoring - INFO - Validation groupby réussie : 10 groupes
2025-12-22 22:16:32 - client_scoring - INFO - Clients clusterisés retenus : 2000
2025-12-22 22:16:32 - client_scoring - INFO - Clusters uniques : 10
2025-12-22 22:16:32 - client_scoring - INFO - Préparation données financières
2025-12-22 22:16:32 - client_scoring - INFO - Colonnes PNB disponibles : ['PNB_COLL', 'PNB_CRED', 'PNB_SERV', 'PNB_ASSU']
2025-12-22 22:16:32 - client_scoring - WARNING - Variable EP_LIQUIDE non trouvée - valeur par défaut : 0
2025-12-22 22:16:32 - client_scoring - WARNING - Variable EP_STABLE non trouvée - valeur par défaut : 0
2025-12-22 22:16:32 - client_scoring - WARNING - Variable SLD_DAV non trouvée - valeur par défaut : 0
2025-12-22 22:16:32 - client_scoring - WARNING - Variable détention CD_NOTE_UNVRS_ASSU non trouvée - valeur par défaut : 0
2025-12-22 22:16:32 - client_scoring - INFO - Variable détention CD_NOTE_UNVRS_CRED préparée
2025-12-22 22:16:32 - client_scoring - WARNING - Variable détention CD_NOTE_UNVRS_EPRGN non trouvée - valeur par défaut : 0
2025-12-22 22:16:32 - client_scoring - WARNING - Variable détention CD_NOTE_UNVRS_SERV non trouvée - valeur par défaut : 0
2025-12-22 22:16:32 - client_scoring - WARNING - Variable détention CD_NOTE_POIDS_UNVRS non trouvée - valeur par défaut : 0
2025-12-22 22:16:32 - client_scoring - INFO - Calcul pondération et normalisation PNB par cluster
2025-12-22 22:16:32 - client_scoring - INFO - Score client calculé avec 4 composantes
2025-12-22 22:16:32 - client_scoring - INFO - Calcul potentiels clients (top 25% par cluster)
2025-12-22 22:16:32 - client_scoring - INFO - Potentiels calculés basés sur 495 clients top 25%
2025-12-22 22:16:32 - client_scoring - INFO - Calcul segmentation finale
2025-12-22 22:16:32 - client_scoring - INFO - === MÉTRIQUES DE QUALITÉ SCORING ===
2025-12-22 22:16:32 - client_scoring - INFO - Clients scorés : 2,000
2025-12-22 22:16:32 - client_scoring - INFO - Clusters analysés : 10
2025-12-22 22:16:32 - client_scoring - INFO - Score client moyen : 0.564
2025-12-22 22:16:32 - client_scoring - INFO - Potentiel total : 4,029,085€
2025-12-22 22:16:32 - client_scoring - INFO - Potentiel moyen/client : 2,015€
2025-12-22 22:16:32 - client_scoring - INFO - Couverture scoring : 100.0%
2025-12-22 22:16:32 - client_scoring - INFO - Couverture potentiel : 94.8%
2025-12-22 22:16:32 - client_scoring - INFO - Distribution segments :
2025-12-22 22:16:32 - client_scoring - INFO -   - A developper: 758 clients (37.9%)
2025-12-22 22:16:32 - client_scoring - INFO -   - A stimuler: 611 clients (30.6%)
2025-12-22 22:16:32 - client_scoring - INFO -   - A construire: 502 clients (25.1%)
2025-12-22 22:16:32 - client_scoring - INFO -   - A entretenir: 129 clients (6.5%)
2025-12-22 22:16:32 - client_scoring - INFO - Top 3 clusters par potentiel moyen :
2025-12-22 22:16:32 - client_scoring - INFO -   - 53-57_C0: 2,666€ (211 clients)
2025-12-22 22:16:32 - client_scoring - INFO -   - 48-52_C0: 2,198€ (257 clients)
2025-12-22 22:16:32 - client_scoring - INFO -   - 58-62_C0: 2,172€ (163 clients)
2025-12-22 22:16:32 - client_scoring - INFO - Scoring terminé en 0.11s - 2000 clients scorés
2025-12-22 22:16:32 - client_scoring - INFO - ClientScoringEngine initialisé - Top clients: 25.0%
2025-12-22 22:16:32 - client_scoring - INFO - Début calcul scores clients intra-cluster
2025-12-22 22:16:32 - client_scoring - INFO - Données clusterisées : (2000, 12)
2025-12-22 22:16:32 - client_scoring - INFO - Données financières : (2000, 8)
2025-12-22 22:16:32 - client_scoring - INFO - Données fusionnées : (2000, 19)
2025-12-22 22:16:32 - client_scoring - INFO - Nettoyage colonne CLUSTER_GLOBAL
2025-12-22 22:16:32 - client_scoring - INFO - Validation groupby réussie : 10 groupes
2025-12-22 22:16:32 - client_scoring - INFO - Clients clusterisés retenus : 2000
2025-12-22 22:16:32 - client_scoring - INFO - Clusters uniques : 10
2025-12-22 22:16:32 - client_scoring - INFO - Préparation données financières
2025-12-22 22:16:32 - client_scoring - INFO - Colonnes PNB disponibles : ['PNB_COLL', 'PNB_CRED', 'PNB_SERV', 'PNB_ASSU']
2025-12-22 22:16:32 - client_scoring - WARNING - Variable EP_LIQUIDE non trouvée - valeur par défaut : 0
2025-12-22 22:16:32 - client_scoring - WARNING - Variable EP_STABLE non trouvée - valeur par défaut : 0
2025-12-22 22:16:32 - client_scoring - WARNING - Variable SLD_DAV non trouvée - valeur par défaut : 0
2025-12-22 22:16:32 - client_scoring - WARNING - Variable détention CD_NOTE_UNVRS_ASSU non trouvée - valeur par défaut : 0
2025-12-22 22:16:32 - client_scoring - INFO - Variable détention CD_NOTE_UNVRS_CRED préparée
2025-12-22 22:16:32 - client_scoring - WARNING - Variable détention CD_NOTE_UNVRS_EPRGN non trouvée - valeur par défaut : 0
2025-12-22 22:16:32 - client_scoring - WARNING - Variable détention CD_NOTE_UNVRS_SERV non trouvée - valeur par défaut : 0
2025-12-22 22:16:32 - client_scoring - WARNING - Variable détention CD_NOTE_POIDS_UNVRS non trouvée - valeur par défaut : 0
2025-12-22 22:16:32 - client_scoring - INFO - Calcul pondération et normalisation PNB par cluster
2025-12-22 22:16:32 - client_scoring - INFO - Score client calculé avec 4 composantes
2025-12-22 22:16:32 - client_scoring - INFO - Calcul potentiels clients (top 25% par cluster)
2025-12-22 22:16:32 - client_scoring - INFO - Potentiels calculés basés sur 495 clients top 25%
2025-12-22 22:16:32 - client_scoring - INFO - Calcul segmentation finale
2025-12-22 22:16:32 - client_scoring - INFO - === MÉTRIQUES DE QUALITÉ SCORING ===
2025-12-22 22:16:32 - client_scoring - INFO - Clients scorés : 2,000
2025-12-22 22:16:32 - client_scoring - INFO - Clusters analysés : 10
2025-12-22 22:16:32 - client_scoring - INFO - Score client moyen : 0.564
2025-12-22 22:16:32 - client_scoring - INFO - Potentiel total : 4,029,085€
2025-12-22 22:16:32 - client_scoring - INFO - Potentiel moyen/client : 2,015€
2025-12-22 22:16:32 - client_scoring - INFO - Couverture scoring : 100.0%
2025-12-22 22:16:32 - client_scoring - INFO - Couverture potentiel : 94.8%
2025-12-22 22:16:32 - client_scoring - INFO - Distribution segments :
2025-12-22 22:16:32 - client_scoring - INFO -   - A developper: 758 clients (37.9%)
2025-12-22 22:16:32 - client_scoring - INFO -   - A stimuler: 611 clients (30.6%)
2025-12-22 22:16:32 - client_scoring - INFO -   - A construire: 502 clients (25.1%)
2025-12-22 22:16:32 - client_scoring - INFO -   - A entretenir: 129 clients (6.5%)
2025-12-22 22:16:32 - client_scoring - INFO - Top 3 clusters par potentiel moyen :
2025-12-22 22:16:32 - client_scoring - INFO -   - 53-57_C0: 2,666€ (211 clients)
2025-12-22 22:16:32 - client_scoring - INFO -   - 48-52_C0: 2,198€ (257 clients)
2025-12-22 22:16:32 - client_scoring - INFO -   - 58-62_C0: 2,172€ (163 clients)
2025-12-22 22:16:32 - client_scoring - INFO - Scoring terminé en 0.13s - 2000 clients scorés
2025-12-22 22:16:33 - client_scoring - INFO - ClientScoringEngine initialisé - Top clients: 25.0%
2025-12-22 22:16:33 - client_scoring - INFO - Début calcul scores clients intra-cluster
2025-12-22 22:16:33 - client_scoring - INFO - Données clusterisées : (1000, 12)
2025-12-22 22:16:33 - client_scoring - INFO - Données financières : (1000, 8)
2025-12-22 22:16:33 - client_scoring - INFO - Données fusionnées : (1000, 19)
2025-12-22 22:16:33 - client_scoring - INFO - Nettoyage colonne CLUSTER_GLOBAL
2025-12-22 22:16:33 - client_scoring - INFO - Validation groupby réussie : 10 groupes
2025-12-22 22:16:33 - client_scoring - INFO - Clients clusterisés retenus : 1000
2025-12-22 22:16:33 - client_scoring - INFO - Clusters uniques : 10
2025-12-22 22:16:33 - client_scoring - INFO - Préparation données financières
2025-12-22 22:16:33 - client_scoring - INFO - Colonnes PNB disponibles : ['PNB_COLL', 'PNB_CRED', 'PNB_SERV', 'PNB_ASSU']
2025-12-22 22:16:33 - client_scoring - WARNING - Variable EP_LIQUIDE non trouvée - valeur par défaut : 0
2025-12-22 22:16:33 - client_scoring - WARNING - Variable EP_STABLE non trouvée - valeur par défaut : 0
2025-12-22 22:16:33 - client_scoring - WARNING - Variable SLD_DAV non trouvée - valeur par défaut : 0
2025-12-22 22:16:33 - client_scoring - WARNING - Variable détention CD_NOTE_UNVRS_ASSU non trouvée - valeur par défaut : 0
2025-12-22 22:16:33 - client_scoring - INFO - Variable détention CD_NOTE_UNVRS_CRED préparée
2025-12-22 22:16:33 - client_scoring - WARNING - Variable détention CD_NOTE_UNVRS_EPRGN non trouvée - valeur par défaut : 0
2025-12-22 22:16:33 - client_scoring - WARNING - Variable détention CD_NOTE_UNVRS_SERV non trouvée - valeur par défaut : 0
2025-12-22 22:16:33 - client_scoring - WARNING - Variable détention CD_NOTE_POIDS_UNVRS non trouvée - valeur par défaut : 0
2025-12-22 22:16:33 - client_scoring - INFO - Calcul pondération et normalisation PNB par cluster
2025-12-22 22:16:33 - client_scoring - INFO - Score client calculé avec 4 composantes
2025-12-22 22:16:33 - client_scoring - INFO - Calcul potentiels clients (top 25% par cluster)
2025-12-22 22:16:33 - client_scoring - INFO - Potentiels calculés basés sur 246 clients top 25%
2025-12-22 22:16:33 - client_scoring - INFO - Calcul segmentation finale
2025-12-22 22:16:33 - client_scoring - INFO - === MÉTRIQUES DE QUALITÉ SCORING ===
2025-12-22 22:16:33 - client_scoring - INFO - Clients scorés : 1,000
2025-12-22 22:16:33 - client_scoring - INFO - Clusters analysés : 10
2025-12-22 22:16:33 - client_scoring - INFO - Score client moyen : 0.538
2025-12-22 22:16:33 - client_scoring - INFO - Potentiel total : 1,961,723€
2025-12-22 22:16:33 - client_scoring - INFO - Potentiel moyen/client : 1,962€
2025-12-22 22:16:33 - client_scoring - INFO - Couverture scoring : 100.0%
2025-12-22 22:16:33 - client_scoring - INFO - Couverture potentiel : 93.1%
2025-12-22 22:16:33 - client_scoring - INFO - Distribution segments :
2025-12-22 22:16:33 - client_scoring - INFO -   - A developper: 382 clients (38.2%)
2025-12-22 22:16:33 - client_scoring - INFO -   - A stimuler: 311 clients (31.1%)
2025-12-22 22:16:33 - client_scoring - INFO -   - A construire: 251 clients (25.1%)
2025-12-22 22:16:33 - client_scoring - INFO -   - A entretenir: 56 clients (5.6%)
2025-12-22 22:16:33 - client_scoring - INFO - Top 3 clusters par potentiel moyen :
2025-12-22 22:16:33 - client_scoring - INFO -   - 53-57_C0: 3,016€ (111 clients)
2025-12-22 22:16:33 - client_scoring - INFO -   - 28-32_C0: 2,444€ (84 clients)
2025-12-22 22:16:33 - client_scoring - INFO -   - 43-47_C0: 2,403€ (139 clients)
2025-12-22 22:16:33 - client_scoring - INFO - Scoring terminé en 0.09s - 1000 clients scorés
2025-12-22 22:16:33 - client_scoring - INFO - ClientScoringEngine initialisé - Top clients: 25.0%
2025-12-22 22:16:33 - client_scoring - INFO - Début calcul scores clients intra-cluster
2025-12-22 22:16:33 - client_scoring - INFO - Données clusterisées : (1000, 12)
2025-12-22 22:16:33 - client_scoring - INFO - Données financières : (1000, 8)
2025-12-22 22:16:33 - client_scoring - INFO - Données fusionnées : (1000, 19)
2025-12-22 22:16:33 - client_scoring - INFO - Nettoyage colonne CLUSTER_GLOBAL
2025-12-22 22:16:33 - client_scoring - INFO - Validation groupby réussie : 10 groupes
2025-12-22 22:16:33 - client_scoring - INFO - Clients clusterisés retenus : 1000
2025-12-22 22:16:33 - client_scoring - INFO - Clusters uniques : 10
2025-12-22 22:16:33 - client_scoring - INFO - Préparation données financières
2025-12-22 22:16:33 - client_scoring - INFO - Colonnes PNB disponibles : ['PNB_COLL', 'PNB_CRED', 'PNB_SERV', 'PNB_ASSU']
2025-12-22 22:16:33 - client_scoring - WARNING - Variable EP_LIQUIDE non trouvée - valeur par défaut : 0
2025-12-22 22:16:33 - client_scoring - WARNING - Variable EP_STABLE non trouvée - valeur par défaut : 0
2025-12-22 22:16:33 - client_scoring - WARNING - Variable SLD_DAV non trouvée - valeur par défaut : 0
2025-12-22 22:16:33 - client_scoring - WARNING - Variable détention CD_NOTE_UNVRS_ASSU non trouvée - valeur par défaut : 0
2025-12-22 22:16:33 - client_scoring - INFO - Variable détention CD_NOTE_UNVRS_CRED préparée
2025-12-22 22:16:33 - client_scoring - WARNING - Variable détention CD_NOTE_UNVRS_EPRGN non trouvée - valeur par défaut : 0
2025-12-22 22:16:33 - client_scoring - WARNING - Variable détention CD_NOTE_UNVRS_SERV non trouvée - valeur par défaut : 0
2025-12-22 22:16:33 - client_scoring - WARNING - Variable détention CD_NOTE_POIDS_UNVRS non trouvée - valeur par défaut : 0
2025-12-22 22:16:33 - client_scoring - INFO - Calcul pondération et normalisation PNB par cluster
2025-12-22 22:16:33 - client_scoring - INFO - Score client calculé avec 4 composantes
2025-12-22 22:16:33 - client_scoring - INFO - Calcul potentiels clients (top 25% par cluster)
2025-12-22 22:16:33 - client_scoring - INFO - Potentiels calculés basés sur 246 clients top 25%
2025-12-22 22:16:33 - client_scoring - INFO - Calcul segmentation finale
2025-12-22 22:16:33 - client_scoring - INFO - === MÉTRIQUES DE QUALITÉ SCORING ===
2025-12-22 22:16:33 - client_scoring - INFO - Clients scorés : 1,000
2025-12-22 22:16:33 - client_scoring - INFO - Clusters analysés : 10
2025-12-22 22:16:33 - client_scoring - INFO - Score client moyen : 0.538
2025-12-22 22:16:33 - client_scoring - INFO - Potentiel total : 1,961,723€
2025-12-22 22:16:33 - client_scoring - INFO - Potentiel moyen/client : 1,962€
2025-12-22 22:16:33 - client_scoring - INFO - Couverture scoring : 100.0%
2025-12-22 22:16:33 - client_scoring - INFO - Couverture potentiel : 93.1%
2025-12-22 22:16:33 - client_scoring - INFO - Distribution segments :
2025-12-22 22:16:33 - client_scoring - INFO -   - A developper: 382 clients (38.2%)
2025-12-22 22:16:33 - client_scoring - INFO -   - A stimuler: 311 clients (31.1%)
2025-12-22 22:16:33 - client_scoring - INFO -   - A construire: 251 clients (25.1%)
2025-12-22 22:16:33 - client_scoring - INFO -   - A entretenir: 56 clients (5.6%)
2025-12-22 22:16:33 - client_scoring - INFO - Top 3 clusters par potentiel moyen :
2025-12-22 22:16:33 - client_scoring - INFO -   - 53-57_C0: 3,016€ (111 clients)
2025-12-22 22:16:33 - client_scoring - INFO -   - 28-32_C0: 2,444€ (84 clients)
2025-12-22 22:16:33 - client_scoring - INFO -   - 43-47_C0: 2,403€ (139 clients)
2025-12-22 22:16:33 - client_scoring - INFO - Scoring terminé en 0.10s - 1000 clients scorés
2025-12-22 22:16:34 - client_scoring - INFO - ClientScoringEngine initialisé - Top clients: 25.0%
2025-12-22 22:16:34 - client_scoring - INFO - Début calcul scores clients intra-cluster
2025-12-22 22:16:34 - client_scoring - INFO - Données clusterisées : (1000, 12)
2025-12-22 22:16:34 - client_scoring - INFO - Données financières : (1000, 8)
2025-12-22 22:16:34 - client_scoring - INFO - Données fusionnées : (1000, 19)
2025-12-22 22:16:34 - client_scoring - INFO - Nettoyage colonne CLUSTER_GLOBAL
2025-12-22 22:16:34 - client_scoring - INFO - Validation groupby réussie : 10 groupes
2025-12-22 22:16:34 - client_scoring - INFO - Clients clusterisés retenus : 1000
2025-12-22 22:16:34 - client_scoring - INFO - Clusters uniques : 10
2025-12-22 22:16:34 - client_scoring - INFO - Préparation données financières
2025-12-22 22:16:34 - client_scoring - INFO - Colonnes PNB disponibles : ['PNB_COLL', 'PNB_CRED', 'PNB_SERV', 'PNB_ASSU']
2025-12-22 22:16:34 - client_scoring - WARNING - Variable EP_LIQUIDE non trouvée - valeur par défaut : 0
2025-12-22 22:16:34 - client_scoring - WARNING - Variable EP_STABLE non trouvée - valeur par défaut : 0
2025-12-22 22:16:34 - client_scoring - WARNING - Variable SLD_DAV non trouvée - valeur par défaut : 0
2025-12-22 22:16:34 - client_scoring - WARNING - Variable détention CD_NOTE_UNVRS_ASSU non trouvée - valeur par défaut : 0
2025-12-22 22:16:34 - client_scoring - INFO - Variable détention CD_NOTE_UNVRS_CRED préparée
2025-12-22 22:16:34 - client_scoring - WARNING - Variable détention CD_NOTE_UNVRS_EPRGN non trouvée - valeur par défaut : 0
2025-12-22 22:16:34 - client_scoring - WARNING - Variable détention CD_NOTE_UNVRS_SERV non trouvée - valeur par défaut : 0
2025-12-22 22:16:34 - client_scoring - WARNING - Variable détention CD_NOTE_POIDS_UNVRS non trouvée - valeur par défaut : 0
2025-12-22 22:16:34 - client_scoring - INFO - Calcul pondération et normalisation PNB par cluster
2025-12-22 22:16:34 - client_scoring - INFO - Score client calculé avec 4 composantes
2025-12-22 22:16:34 - client_scoring - INFO - Calcul potentiels clients (top 25% par cluster)
2025-12-22 22:16:34 - client_scoring - INFO - Potentiels calculés basés sur 246 clients top 25%
2025-12-22 22:16:34 - client_scoring - INFO - Calcul segmentation finale
2025-12-22 22:16:34 - client_scoring - INFO - === MÉTRIQUES DE QUALITÉ SCORING ===
2025-12-22 22:16:34 - client_scoring - INFO - Clients scorés : 1,000
2025-12-22 22:16:34 - client_scoring - INFO - Clusters analysés : 10
2025-12-22 22:16:34 - client_scoring - INFO - Score client moyen : 0.538
2025-12-22 22:16:34 - client_scoring - INFO - Potentiel total : 1,961,723€
2025-12-22 22:16:34 - client_scoring - INFO - Potentiel moyen/client : 1,962€
2025-12-22 22:16:34 - client_scoring - INFO - Couverture scoring : 100.0%
2025-12-22 22:16:34 - client_scoring - INFO - Couverture potentiel : 93.1%
2025-12-22 22:16:34 - client_scoring - INFO - Distribution segments :
2025-12-22 22:16:34 - client_scoring - INFO -   - A developper: 382 clients (38.2%)
2025-12-22 22:16:34 - client_scoring - INFO -   - A stimuler: 311 clients (31.1%)
2025-12-22 22:16:34 - client_scoring - INFO -   - A construire: 251 clients (25.1%)
2025-12-22 22:16:34 - client_scoring - INFO -   - A entretenir: 56 clients (5.6%)
2025-12-22 22:16:34 - client_scoring - INFO - Top 3 clusters par potentiel moyen :
2025-12-22 22:16:34 - client_scoring - INFO -   - 53-57_C0: 3,016€ (111 clients)
2025-12-22 22:16:34 - client_scoring - INFO -   - 28-32_C0: 2,444€ (84 clients)
2025-12-22 22:16:34 - client_scoring - INFO -   - 43-47_C0: 2,403€ (139 clients)
2025-12-22 22:16:34 - client_scoring - INFO - Scoring terminé en 0.10s - 1000 clients scorés
2025-12-22 22:16:34 - client_scoring - INFO - ClientScoringEngine initialisé - Top clients: 25.0%
2025-12-22 22:16:34 - client_scoring - INFO - Début calcul scores clients intra-cluster
2025-12-22 22:16:34 - client_scoring - INFO - Données clusterisées : (400, 12)
2025-12-22 22:16:34 - client_scoring - INFO - Données financières : (1000, 8)
2025-12-22 22:16:34 - client_scoring - INFO - Données fusionnées : (400, 19)
2025-12-22 22:16:34 - client_scoring - INFO - Nettoyage colonne CLUSTER_GLOBAL
2025-12-22 22:16:34 - client_scoring - INFO - Validation groupby réussie : 10 groupes
2025-12-22 22:16:34 - client_scoring - INFO - Clients clusterisés retenus : 400
2025-12-22 22:16:34 - client_scoring - INFO - Clusters uniques : 10
2025-12-22 22:16:34 - client_scoring - INFO - Préparation données financières
2025-12-22 22:16:34 - client_scoring - INFO - Colonnes PNB disponibles : ['PNB_COLL', 'PNB_CRED', 'PNB_SERV', 'PNB_ASSU']
2025-12-22 22:16:34 - client_scoring - WARNING - Variable EP_LIQUIDE non trouvée - valeur par défaut : 0
2025-12-22 22:16:34 - client_scoring - WARNING - Variable EP_STABLE non trouvée - valeur par défaut : 0
2025-12-22 22:16:34 - client_scoring - WARNING - Variable SLD_DAV non trouvée - valeur par défaut : 0
2025-12-22 22:16:34 - client_scoring - WARNING - Variable détention CD_NOTE_UNVRS_ASSU non trouvée - valeur par défaut : 0
2025-12-22 22:16:34 - client_scoring - INFO - Variable détention CD_NOTE_UNVRS_CRED préparée
2025-12-22 22:16:34 - client_scoring - WARNING - Variable détention CD_NOTE_UNVRS_EPRGN non trouvée - valeur par défaut : 0
2025-12-22 22:16:34 - client_scoring - WARNING - Variable détention CD_NOTE_UNVRS_SERV non trouvée - valeur par défaut : 0
2025-12-22 22:16:34 - client_scoring - WARNING - Variable détention CD_NOTE_POIDS_UNVRS non trouvée - valeur par défaut : 0
2025-12-22 22:16:34 - client_scoring - INFO - Calcul pondération et normalisation PNB par cluster
2025-12-22 22:16:34 - client_scoring - INFO - Score client calculé avec 4 composantes
2025-12-22 22:16:34 - client_scoring - INFO - Calcul potentiels clients (top 25% par cluster)
2025-12-22 22:16:35 - client_scoring - INFO - Potentiels calculés basés sur 96 clients top 25%
2025-12-22 22:16:35 - client_scoring - INFO - Calcul segmentation finale
2025-12-22 22:16:35 - client_scoring - INFO - === MÉTRIQUES DE QUALITÉ SCORING ===
2025-12-22 22:16:35 - client_scoring - INFO - Clients scorés : 400
2025-12-22 22:16:35 - client_scoring - INFO - Clusters analysés : 10
2025-12-22 22:16:35 - client_scoring - INFO - Score client moyen : 0.415
2025-12-22 22:16:35 - client_scoring - INFO - Potentiel total : 909,671€
2025-12-22 22:16:35 - client_scoring - INFO - Potentiel moyen/client : 2,274€
2025-12-22 22:16:35 - client_scoring - INFO - Couverture scoring : 100.0%
2025-12-22 22:16:35 - client_scoring - INFO - Couverture potentiel : 93.2%
2025-12-22 22:16:35 - client_scoring - INFO - Distribution segments :
2025-12-22 22:16:35 - client_scoring - INFO -   - A developper: 153 clients (38.2%)
2025-12-22 22:16:35 - client_scoring - INFO -   - A stimuler: 124 clients (31.0%)
2025-12-22 22:16:35 - client_scoring - INFO -   - A construire: 101 clients (25.2%)
2025-12-22 22:16:35 - client_scoring - INFO -   - A entretenir: 22 clients (5.5%)
2025-12-22 22:16:35 - client_scoring - INFO - Top 3 clusters par potentiel moyen :
2025-12-22 22:16:35 - client_scoring - INFO -   - 18-22_C0: 3,403€ (27 clients)
2025-12-22 22:16:35 - client_scoring - INFO -   - 53-57_C0: 3,271€ (47 clients)
2025-12-22 22:16:35 - client_scoring - INFO -   - 43-47_C0: 2,591€ (57 clients)
2025-12-22 22:16:35 - client_scoring - INFO - Scoring terminé en 0.08s - 400 clients scorés
2025-12-22 22:16:47 - client_scoring - INFO - Logger client_scoring configuré - Fichier: /Users/taieb/Documents/GITHUB REPO/ML_banking_segmentation/logs/client_scoring_20251222.log
2025-12-22 22:16:47 - client_scoring - INFO - ClientScoringEngine initialisé - Top clients: 25.0%
2025-12-22 22:16:47 - client_scoring - INFO - Début calcul scores clients intra-cluster
2025-12-22 22:16:47 - client_scoring - INFO - Données clusterisées : (0, 5)
2025-12-22 22:16:47 - client_scoring - INFO - Données financières : (0, 5)
2025-12-22 22:16:47 - client_scoring - ERROR - Colonnes manquantes dans df_financial: ['ID_DWR_CLI_CIAL']
2025-12-22 22:18:11 - client_scoring - INFO - Logger client_scoring configuré - Fichier: /Users/taieb/Documents/GITHUB REPO/ML_banking_segmentation/logs/client_scoring_20251222.log
2025-12-22 22:18:11 - client_scoring - INFO - ClientScoringEngine initialisé - Top clients: 25.0%
2025-12-22 22:18:11 - client_scoring - INFO - Début calcul scores clients intra-cluster
2025-12-22 22:18:11 - client_scoring - INFO - Données clusterisées : (1500, 12)
2025-12-22 22:18:11 - client_scoring - INFO - Données financières : (1500, 8)
2025-12-22 22:18:11 - client_scoring - INFO - Données fusionnées : (1500, 19)
2025-12-22 22:18:11 - client_scoring - INFO - Nettoyage colonne CLUSTER_GLOBAL
2025-12-22 22:18:12 - client_scoring - INFO - Validation groupby réussie : 10 groupes
2025-12-22 22:18:12 - client_scoring - INFO - Clients clusterisés retenus : 1500
2025-12-22 22:18:12 - client_scoring - INFO - Clusters uniques : 10
2025-12-22 22:18:12 - client_scoring - INFO - Préparation données financières
2025-12-22 22:18:12 - client_scoring - INFO - Colonnes PNB disponibles : ['PNB_COLL', 'PNB_CRED', 'PNB_SERV', 'PNB_ASSU']
2025-12-22 22:18:12 - client_scoring - WARNING - Variable EP_LIQUIDE non trouvée - valeur par défaut : 0
2025-12-22 22:18:12 - client_scoring - WARNING - Variable EP_STABLE non trouvée - valeur par défaut : 0
2025-12-22 22:18:12 - client_scoring - WARNING - Variable SLD_DAV non trouvée - valeur par défaut : 0
2025-12-22 22:18:12 - client_scoring - WARNING - Variable détention CD_NOTE_UNVRS_ASSU non trouvée - valeur par défaut : 0
2025-12-22 22:18:12 - client_scoring - INFO - Variable détention CD_NOTE_UNVRS_CRED préparée
2025-12-22 22:18:12 - client_scoring - WARNING - Variable détention CD_NOTE_UNVRS_EPRGN non trouvée - valeur par défaut : 0
2025-12-22 22:18:12 - client_scoring - WARNING - Variable détention CD_NOTE_UNVRS_SERV non trouvée - valeur par défaut : 0
2025-12-22 22:18:12 - client_scoring - WARNING - Variable détention CD_NOTE_POIDS_UNVRS non trouvée - valeur par défaut : 0
2025-12-22 22:18:12 - client_scoring - INFO - Calcul pondération et normalisation PNB par cluster
2025-12-22 22:18:12 - client_scoring - INFO - Score client calculé avec 4 composantes
2025-12-22 22:18:12 - client_scoring - INFO - Calcul potentiels clients (top 25% par cluster)
2025-12-22 22:18:12 - client_scoring - INFO - Potentiels calculés basés sur 372 clients top 25%
2025-12-22 22:18:12 - client_scoring - INFO - Calcul segmentation finale
2025-12-22 22:18:12 - client_scoring - INFO - === MÉTRIQUES DE QUALITÉ SCORING ===
2025-12-22 22:18:12 - client_scoring - INFO - Clients scorés : 1,500
2025-12-22 22:18:12 - client_scoring - INFO - Clusters analysés : 10
2025-12-22 22:18:12 - client_scoring - INFO - Score client moyen : 0.549
2025-12-22 22:18:12 - client_scoring - INFO - Potentiel total : 3,630,108€
2025-12-22 22:18:12 - client_scoring - INFO - Potentiel moyen/client : 2,420€
2025-12-22 22:18:12 - client_scoring - INFO - Couverture scoring : 100.0%
2025-12-22 22:18:12 - client_scoring - INFO - Couverture potentiel : 95.2%
2025-12-22 22:18:12 - client_scoring - INFO - Distribution segments :
2025-12-22 22:18:12 - client_scoring - INFO -   - A developper: 561 clients (37.4%)
2025-12-22 22:18:12 - client_scoring - INFO -   - A stimuler: 460 clients (30.7%)
2025-12-22 22:18:12 - client_scoring - INFO -   - A construire: 376 clients (25.1%)
2025-12-22 22:18:12 - client_scoring - INFO -   - A entretenir: 103 clients (6.9%)
2025-12-22 22:18:12 - client_scoring - INFO - Top 3 clusters par potentiel moyen :
2025-12-22 22:18:12 - client_scoring - INFO -   - 33-37_C0: 2,830€ (162 clients)
2025-12-22 22:18:12 - client_scoring - INFO -   - 43-47_C0: 2,825€ (193 clients)
2025-12-22 22:18:12 - client_scoring - INFO -   - 63+_C0: 2,781€ (160 clients)
2025-12-22 22:18:12 - client_scoring - INFO - Scoring terminé en 0.12s - 1500 clients scorés
2025-12-22 22:18:12 - client_scoring - INFO - ClientScoringEngine initialisé - Top clients: 25.0%
2025-12-22 22:18:12 - client_scoring - INFO - Début calcul scores clients intra-cluster
2025-12-22 22:18:12 - client_scoring - INFO - Données clusterisées : (1500, 12)
2025-12-22 22:18:12 - client_scoring - INFO - Données financières : (1500, 8)
2025-12-22 22:18:12 - client_scoring - INFO - Données fusionnées : (1500, 19)
2025-12-22 22:18:12 - client_scoring - INFO - Nettoyage colonne CLUSTER_GLOBAL
2025-12-22 22:18:12 - client_scoring - INFO - Validation groupby réussie : 10 groupes
2025-12-22 22:18:12 - client_scoring - INFO - Clients clusterisés retenus : 1500
2025-12-22 22:18:12 - client_scoring - INFO - Clusters uniques : 10
2025-12-22 22:18:12 - client_scoring - INFO - Préparation données financières
2025-12-22 22:18:12 - client_scoring - INFO - Colonnes PNB disponibles : ['PNB_COLL', 'PNB_CRED', 'PNB_SERV', 'PNB_ASSU']
2025-12-22 22:18:12 - client_scoring - WARNING - Variable EP_LIQUIDE non trouvée - valeur par défaut : 0
2025-12-22 22:18:12 - client_scoring - WARNING - Variable EP_STABLE non trouvée - valeur par défaut : 0
2025-12-22 22:18:12 - client_scoring - WARNING - Variable SLD_DAV non trouvée - valeur par défaut : 0
2025-12-22 22:18:12 - client_scoring - WARNING - Variable détention CD_NOTE_UNVRS_ASSU non trouvée - valeur par défaut : 0
2025-12-22 22:18:12 - client_scoring - INFO - Variable détention CD_NOTE_UNVRS_CRED préparée
2025-12-22 22:18:12 - client_scoring - WARNING - Variable détention CD_NOTE_UNVRS_EPRGN non trouvée - valeur par défaut : 0
2025-12-22 22:18:12 - client_scoring - WARNING - Variable détention CD_NOTE_UNVRS_SERV non trouvée - valeur par défaut : 0
2025-12-22 22:18:12 - client_scoring - WARNING - Variable détention CD_NOTE_POIDS_UNVRS non trouvée - valeur par défaut : 0
2025-12-22 22:18:12 - client_scoring - INFO - Calcul pondération et normalisation PNB par cluster
2025-12-22 22:18:12 - client_scoring - INFO - Score client calculé avec 4 composantes
2025-12-22 22:18:12 - client_scoring - INFO - Calcul potentiels clients (top 25% par cluster)
2025-12-22 22:18:12 - client_scoring - INFO - Potentiels calculés basés sur 372 clients top 25%
2025-12-22 22:18:12 - client_scoring - INFO - Calcul segmentation finale
2025-12-22 22:18:12 - client_scoring - INFO - === MÉTRIQUES DE QUALITÉ SCORING ===
2025-12-22 22:18:12 - client_scoring - INFO - Clients scorés : 1,500
2025-12-22 22:18:12 - client_scoring - INFO - Clusters analysés : 10
2025-12-22 22:18:12 - client_scoring - INFO - Score client moyen : 0.549
2025-12-22 22:18:12 - client_scoring - INFO - Potentiel total : 3,630,108€
2025-12-22 22:18:12 - client_scoring - INFO - Potentiel moyen/client : 2,420€
2025-12-22 22:18:12 - client_scoring - INFO - Couverture scoring : 100.0%
2025-12-22 22:18:12 - client_scoring - INFO - Couverture potentiel : 95.2%
2025-12-22 22:18:12 - client_scoring - INFO - Distribution segments :
2025-12-22 22:18:12 - client_scoring - INFO -   - A developper: 561 clients (37.4%)
2025-12-22 22:18:12 - client_scoring - INFO -   - A stimuler: 460 clients (30.7%)
2025-12-22 22:18:12 - client_scoring - INFO -   - A construire: 376 clients (25.1%)
2025-12-22 22:18:12 - client_scoring - INFO -   - A entretenir: 103 clients (6.9%)
2025-12-22 22:18:12 - client_scoring - INFO - Top 3 clusters par potentiel moyen :
2025-12-22 22:18:12 - client_scoring - INFO -   - 33-37_C0: 2,830€ (162 clients)
2025-12-22 22:18:12 - client_scoring - INFO -   - 43-47_C0: 2,825€ (193 clients)
2025-12-22 22:18:12 - client_scoring - INFO -   - 63+_C0: 2,781€ (160 clients)
2025-12-22 22:18:12 - client_scoring - INFO - Scoring terminé en 0.11s - 1500 clients scorés
2025-12-22 22:18:12 - client_scoring - INFO - ClientScoringEngine initialisé - Top clients: 25.0%
2025-12-22 22:18:12 - client_scoring - INFO - Début calcul scores clients intra-cluster
2025-12-22 22:18:12 - client_scoring - INFO - Données clusterisées : (1500, 12)
2025-12-22 22:18:12 - client_scoring - INFO - Données financières : (1500, 8)
2025-12-22 22:18:12 - client_scoring - INFO - Données fusionnées : (1500, 19)
2025-12-22 22:18:12 - client_scoring - INFO - Nettoyage colonne CLUSTER_GLOBAL
2025-12-22 22:18:12 - client_scoring - INFO - Validation groupby réussie : 10 groupes
2025-12-22 22:18:12 - client_scoring - INFO - Clients clusterisés retenus : 1500
2025-12-22 22:18:12 - client_scoring - INFO - Clusters uniques : 10
2025-12-22 22:18:12 - client_scoring - INFO - Préparation données financières
2025-12-22 22:18:12 - client_scoring - INFO - Colonnes PNB disponibles : ['PNB_COLL', 'PNB_CRED', 'PNB_SERV', 'PNB_ASSU']
2025-12-22 22:18:12 - client_scoring - WARNING - Variable EP_LIQUIDE non trouvée - valeur par défaut : 0
2025-12-22 22:18:12 - client_scoring - WARNING - Variable EP_STABLE non trouvée - valeur par défaut : 0
2025-12-22 22:18:12 - client_scoring - WARNING - Variable SLD_DAV non trouvée - valeur par défaut : 0
2025-12-22 22:18:12 - client_scoring - WARNING - Variable détention CD_NOTE_UNVRS_ASSU non trouvée - valeur par défaut : 0
2025-12-22 22:18:12 - client_scoring - INFO - Variable détention CD_NOTE_UNVRS_CRED préparée
2025-12-22 22:18:12 - client_scoring - WARNING - Variable détention CD_NOTE_UNVRS_EPRGN non trouvée - valeur par défaut : 0
2025-12-22 22:18:12 - client_scoring - WARNING - Variable détention CD_NOTE_UNVRS_SERV non trouvée - valeur par défaut : 0
2025-12-22 22:18:12 - client_scoring - WARNING - Variable détention CD_NOTE_POIDS_UNVRS non trouvée - valeur par défaut : 0
2025-12-22 22:18:12 - client_scoring - INFO - Calcul pondération et normalisation PNB par cluster
2025-12-22 22:18:12 - client_scoring - INFO - Score client calculé avec 4 composantes
2025-12-22 22:18:12 - client_scoring - INFO - Calcul potentiels clients (top 25% par cluster)
2025-12-22 22:18:12 - client_scoring - INFO - Potentiels calculés basés sur 372 clients top 25%
2025-12-22 22:18:12 - client_scoring - INFO - Calcul segmentation finale
2025-12-22 22:18:12 - client_scoring - INFO - === MÉTRIQUES DE QUALITÉ SCORING ===
2025-12-22 22:18:12 - client_scoring - INFO - Clients scorés : 1,500
2025-12-22 22:18:12 - client_scoring - INFO - Clusters analysés : 10
2025-12-22 22:18:12 - client_scoring - INFO - Score client moyen : 0.549
2025-12-22 22:18:12 - client_scoring - INFO - Potentiel total : 3,630,108€
2025-12-22 22:18:12 - client_scoring - INFO - Potentiel moyen/client : 2,420€
2025-12-22 22:18:12 - client_scoring - INFO - Couverture scoring : 100.0%
2025-12-22 22:18:12 - client_scoring - INFO - Couverture potentiel : 95.2%
2025-12-22 22:18:12 - client_scoring - INFO - Distribution segments :
2025-12-22 22:18:12 - client_scoring - INFO -   - A developper: 561 clients (37.4%)
2025-12-22 22:18:12 - client_scoring - INFO -   - A stimuler: 460 clients (30.7%)
2025-12-22 22:18:12 - client_scoring - INFO -   - A construire: 376 clients (25.1%)
2025-12-22 22:18:12 - client_scoring - INFO -   - A entretenir: 103 clients (6.9%)
2025-12-22 22:18:12 - client_scoring - INFO - Top 3 clusters par potentiel moyen :
2025-12-22 22:18:12 - client_scoring - INFO -   - 33-37_C0: 2,830€ (162 clients)
2025-12-22 22:18:12 - client_scoring - INFO -   - 43-47_C0: 2,825€ (193 clients)
2025-12-22 22:18:12 - client_scoring - INFO -   - 63+_C0: 2,781€ (160 clients)
2025-12-22 22:18:12 - client_scoring - INFO - Scoring terminé en 0.11s - 1500 clients scorés
2025-12-22 22:18:12 - client_scoring - INFO - ClientScoringEngine initialisé - Top clients: 25.0%
2025-12-22 22:18:12 - client_scoring - INFO - ClientScoringEngine initialisé - Top clients: 25.0%
2025-12-22 22:18:12 - client_scoring - INFO - Début calcul scores clients intra-cluster
2025-12-22 22:18:12 - client_scoring - INFO - Données clusterisées : (1500, 12)
2025-12-22 22:18:12 - client_scoring - INFO - Données financières : (1500, 8)
2025-12-22 22:18:12 - client_scoring - INFO - Données fusionnées : (1500, 19)
2025-12-22 22:18:12 - client_scoring - INFO - Nettoyage colonne CLUSTER_GLOBAL
2025-12-22 22:18:12 - client_scoring - INFO - Validation groupby réussie : 10 groupes
2025-12-22 22:18:12 - client_scoring - INFO - Clients clusterisés retenus : 1500
2025-12-22 22:18:12 - client_scoring - INFO - Clusters uniques : 10
2025-12-22 22:18:12 - client_scoring - INFO - Préparation données financières
2025-12-22 22:18:12 - client_scoring - INFO - Colonnes PNB disponibles : ['PNB_COLL', 'PNB_CRED', 'PNB_SERV', 'PNB_ASSU']
2025-12-22 22:18:12 - client_scoring - WARNING - Variable EP_LIQUIDE non trouvée - valeur par défaut : 0
2025-12-22 22:18:12 - client_scoring - WARNING - Variable EP_STABLE non trouvée - valeur par défaut : 0
2025-12-22 22:18:12 - client_scoring - WARNING - Variable SLD_DAV non trouvée - valeur par défaut : 0
2025-12-22 22:18:12 - client_scoring - WARNING - Variable détention CD_NOTE_UNVRS_ASSU non trouvée - valeur par défaut : 0
2025-12-22 22:18:12 - client_scoring - INFO - Variable détention CD_NOTE_UNVRS_CRED préparée
2025-12-22 22:18:12 - client_scoring - WARNING - Variable détention CD_NOTE_UNVRS_EPRGN non trouvée - valeur par défaut : 0
2025-12-22 22:18:12 - client_scoring - WARNING - Variable détention CD_NOTE_UNVRS_SERV non trouvée - valeur par défaut : 0
2025-12-22 22:18:12 - client_scoring - WARNING - Variable détention CD_NOTE_POIDS_UNVRS non trouvée - valeur par défaut : 0
2025-12-22 22:18:12 - client_scoring - INFO - Calcul pondération et normalisation PNB par cluster
2025-12-22 22:18:12 - client_scoring - INFO - Score client calculé avec 4 composantes
2025-12-22 22:18:12 - client_scoring - INFO - Calcul potentiels clients (top 25% par cluster)
2025-12-22 22:18:12 - client_scoring - INFO - Potentiels calculés basés sur 372 clients top 25%
2025-12-22 22:18:12 - client_scoring - INFO - Calcul segmentation finale
2025-12-22 22:18:12 - client_scoring - INFO - === MÉTRIQUES DE QUALITÉ SCORING ===
2025-12-22 22:18:12 - client_scoring - INFO - Clients scorés : 1,500
2025-12-22 22:18:12 - client_scoring - INFO - Clusters analysés : 10
2025-12-22 22:18:12 - client_scoring - INFO - Score client moyen : 0.549
2025-12-22 22:18:12 - client_scoring - INFO - Potentiel total : 3,630,108€
2025-12-22 22:18:12 - client_scoring - INFO - Potentiel moyen/client : 2,420€
2025-12-22 22:18:12 - client_scoring - INFO - Couverture scoring : 100.0%
2025-12-22 22:18:12 - client_scoring - INFO - Couverture potentiel : 95.2%
2025-12-22 22:18:12 - client_scoring - INFO - Distribution segments :
2025-12-22 22:18:12 - client_scoring - INFO -   - A developper: 561 clients (37.4%)
2025-12-22 22:18:12 - client_scoring - INFO -   - A stimuler: 460 clients (30.7%)
2025-12-22 22:18:12 - client_scoring - INFO -   - A construire: 376 clients (25.1%)
2025-12-22 22:18:12 - client_scoring - INFO -   - A entretenir: 103 clients (6.9%)
2025-12-22 22:18:12 - client_scoring - INFO - Top 3 clusters par potentiel moyen :
2025-12-22 22:18:12 - client_scoring - INFO -   - 33-37_C0: 2,830€ (162 clients)
2025-12-22 22:18:12 - client_scoring - INFO -   - 43-47_C0: 2,825€ (193 clients)
2025-12-22 22:18:12 - client_scoring - INFO -   - 63+_C0: 2,781€ (160 clients)
2025-12-22 22:18:12 - client_scoring - INFO - Scoring terminé en 0.11s - 1500 clients scorés
2025-12-22 22:18:12 - client_scoring - INFO - ClientScoringEngine initialisé - Top clients: 25.0%
2025-12-22 22:18:12 - client_scoring - INFO - Début calcul scores clients intra-cluster
2025-12-22 22:18:12 - client_scoring - INFO - Données clusterisées : (1500, 12)
2025-12-22 22:18:12 - client_scoring - INFO - Données financières : (1500, 8)
2025-12-22 22:18:12 - client_scoring - INFO - Données fusionnées : (1500, 19)
2025-12-22 22:18:12 - client_scoring - INFO - Nettoyage colonne CLUSTER_GLOBAL
2025-12-22 22:18:12 - client_scoring - INFO - Validation groupby réussie : 10 groupes
2025-12-22 22:18:12 - client_scoring - INFO - Clients clusterisés retenus : 1500
2025-12-22 22:18:12 - client_scoring - INFO - Clusters uniques : 10
2025-12-22 22:18:12 - client_scoring - INFO - Préparation données financières
2025-12-22 22:18:12 - client_scoring - INFO - Colonnes PNB disponibles : ['PNB_COLL', 'PNB_CRED', 'PNB_SERV', 'PNB_ASSU']
2025-12-22 22:18:12 - client_scoring - WARNING - Variable EP_LIQUIDE non trouvée - valeur par défaut : 0
2025-12-22 22:18:12 - client_scoring - WARNING - Variable EP_STABLE non trouvée - valeur par défaut : 0
2025-12-22 22:18:12 - client_scoring - WARNING - Variable SLD_DAV non trouvée - valeur par défaut : 0
2025-12-22 22:18:12 - client_scoring - WARNING - Variable détention CD_NOTE_UNVRS_ASSU non trouvée - valeur par défaut : 0
2025-12-22 22:18:12 - client_scoring - INFO - Variable détention CD_NOTE_UNVRS_CRED préparée
2025-12-22 22:18:12 - client_scoring - WARNING - Variable détention CD_NOTE_UNVRS_EPRGN non trouvée - valeur par défaut : 0
2025-12-22 22:18:12 - client_scoring - WARNING - Variable détention CD_NOTE_UNVRS_SERV non trouvée - valeur par défaut : 0
2025-12-22 22:18:12 - client_scoring - WARNING - Variable détention CD_NOTE_POIDS_UNVRS non trouvée - valeur par défaut : 0
2025-12-22 22:18:12 - client_scoring - INFO - Calcul pondération et normalisation PNB par cluster
2025-12-22 22:18:12 - client_scoring - INFO - Score client calculé avec 4 composantes
2025-12-22 22:18:12 - client_scoring - INFO - Calcul potentiels clients (top 25% par cluster)
2025-12-22 22:18:12 - client_scoring - INFO - Potentiels calculés basés sur 372 clients top 25%
2025-12-22 22:18:12 - client_scoring - INFO - Calcul segmentation finale
2025-12-22 22:18:12 - client_scoring - INFO - === MÉTRIQUES DE QUALITÉ SCORING ===
2025-12-22 22:18:12 - client_scoring - INFO - Clients scorés : 1,500
2025-12-22 22:18:12 - client_scoring - INFO - Clusters analysés : 10
2025-12-22 22:18:12 - client_scoring - INFO - Score client moyen : 0.549
2025-12-22 22:18:12 - client_scoring - INFO - Potentiel total : 3,630,108€
2025-12-22 22:18:12 - client_scoring - INFO - Potentiel moyen/client : 2,420€
2025-12-22 22:18:12 - client_scoring - INFO - Couverture scoring : 100.0%
2025-12-22 22:18:12 - client_scoring - INFO - Couverture potentiel : 95.2%
2025-12-22 22:18:12 - client_scoring - INFO - Distribution segments :
2025-12-22 22:18:12 - client_scoring - INFO -   - A developper: 561 clients (37.4%)
2025-12-22 22:18:12 - client_scoring - INFO -   - A stimuler: 460 clients (30.7%)
2025-12-22 22:18:12 - client_scoring - INFO -   - A construire: 376 clients (25.1%)
2025-12-22 22:18:12 - client_scoring - INFO -   - A entretenir: 103 clients (6.9%)
2025-12-22 22:18:12 - client_scoring - INFO - Top 3 clusters par potentiel moyen :
2025-12-22 22:18:12 - client_scoring - INFO -   - 33-37_C0: 2,830€ (162 clients)
2025-12-22 22:18:12 - client_scoring - INFO -   - 43-47_C0: 2,825€ (193 clients)
2025-12-22 22:18:12 - client_scoring - INFO -   - 63+_C0: 2,781€ (160 clients)
2025-12-22 22:18:12 - client_scoring - INFO - Scoring terminé en 0.11s - 1500 clients scorés
2025-12-22 22:18:12 - client_scoring - INFO - ClientScoringEngine initialisé - Top clients: 25.0%
2025-12-22 22:18:12 - client_scoring - INFO - Début calcul scores clients intra-cluster
2025-12-22 22:18:12 - client_scoring - INFO - Données clusterisées : (1500, 12)
2025-12-22 22:18:12 - client_scoring - INFO - Données financières : (1500, 8)
2025-12-22 22:18:12 - client_scoring - INFO - Données fusionnées : (1500, 19)
2025-12-22 22:18:12 - client_scoring - INFO - Nettoyage colonne CLUSTER_GLOBAL
2025-12-22 22:18:12 - client_scoring - INFO - Validation groupby réussie : 10 groupes
2025-12-22 22:18:12 - client_scoring - INFO - Clients clusterisés retenus : 1500
2025-12-22 22:18:12 - client_scoring - INFO - Clusters uniques : 10
2025-12-22 22:18:12 - client_scoring - INFO - Préparation données financières
2025-12-22 22:18:12 - client_scoring - INFO - Colonnes PNB disponibles : ['PNB_COLL', 'PNB_CRED', 'PNB_SERV', 'PNB_ASSU']
2025-12-22 22:18:12 - client_scoring - WARNING - Variable EP_LIQUIDE non trouvée - valeur par défaut : 0
2025-12-22 22:18:12 - client_scoring - WARNING - Variable EP_STABLE non trouvée - valeur par défaut : 0
2025-12-22 22:18:12 - client_scoring - WARNING - Variable SLD_DAV non trouvée - valeur par défaut : 0
2025-12-22 22:18:12 - client_scoring - WARNING - Variable détention CD_NOTE_UNVRS_ASSU non trouvée - valeur par défaut : 0
2025-12-22 22:18:12 - client_scoring - INFO - Variable détention CD_NOTE_UNVRS_CRED préparée
2025-12-22 22:18:12 - client_scoring - WARNING - Variable détention CD_NOTE_UNVRS_EPRGN non trouvée - valeur par défaut : 0
2025-12-22 22:18:12 - client_scoring - WARNING - Variable détention CD_NOTE_UNVRS_SERV non trouvée - valeur par défaut : 0
2025-12-22 22:18:12 - client_scoring - WARNING - Variable détention CD_NOTE_POIDS_UNVRS non trouvée - valeur par défaut : 0
2025-12-22 22:18:12 - client_scoring - INFO - Calcul pondération et normalisation PNB par cluster
2025-12-22 22:18:12 - client_scoring - INFO - Score client calculé avec 4 composantes
2025-12-22 22:18:12 - client_scoring - INFO - Calcul potentiels clients (top 25% par cluster)
2025-12-22 22:18:12 - client_scoring - INFO - Potentiels calculés basés sur 372 clients top 25%
2025-12-22 22:18:12 - client_scoring - INFO - Calcul segmentation finale
2025-12-22 22:18:12 - client_scoring - INFO - === MÉTRIQUES DE QUALITÉ SCORING ===
2025-12-22 22:18:12 - client_scoring - INFO - Clients scorés : 1,500
2025-12-22 22:18:12 - client_scoring - INFO - Clusters analysés : 10
2025-12-22 22:18:12 - client_scoring - INFO - Score client moyen : 0.549
2025-12-22 22:18:12 - client_scoring - INFO - Potentiel total : 3,630,108€
2025-12-22 22:18:12 - client_scoring - INFO - Potentiel moyen/client : 2,420€
2025-12-22 22:18:12 - client_scoring - INFO - Couverture scoring : 100.0%
2025-12-22 22:18:12 - client_scoring - INFO - Couverture potentiel : 95.2%
2025-12-22 22:18:12 - client_scoring - INFO - Distribution segments :
2025-12-22 22:18:12 - client_scoring - INFO -   - A developper: 561 clients (37.4%)
2025-12-22 22:18:12 - client_scoring - INFO -   - A stimuler: 460 clients (30.7%)
2025-12-22 22:18:12 - client_scoring - INFO -   - A construire: 376 clients (25.1%)
2025-12-22 22:18:12 - client_scoring - INFO -   - A entretenir: 103 clients (6.9%)
2025-12-22 22:18:12 - client_scoring - INFO - Top 3 clusters par potentiel moyen :
2025-12-22 22:18:12 - client_scoring - INFO -   - 33-37_C0: 2,830€ (162 clients)
2025-12-22 22:18:12 - client_scoring - INFO -   - 43-47_C0: 2,825€ (193 clients)
2025-12-22 22:18:12 - client_scoring - INFO -   - 63+_C0: 2,781€ (160 clients)
2025-12-22 22:18:12 - client_scoring - INFO - Scoring terminé en 0.12s - 1500 clients scorés
2025-12-22 22:18:12 - client_scoring - INFO - ClientScoringEngine initialisé - Top clients: 25.0%
2025-12-22 22:18:12 - client_scoring - INFO - Début calcul scores clients intra-cluster
2025-12-22 22:18:12 - client_scoring - INFO - Données clusterisées : (0, 5)
2025-12-22 22:18:12 - client_scoring - INFO - Données financières : (0, 6)
2025-12-22 22:18:12 - client_scoring - INFO - Données fusionnées : (0, 10)
2025-12-22 22:18:12 - client_scoring - INFO - Nettoyage colonne CLUSTER_GLOBAL
2025-12-22 22:18:12 - client_scoring - INFO - Validation groupby réussie : 0 groupes
2025-12-22 22:18:12 - client_scoring - INFO - Clients clusterisés retenus : 0
2025-12-22 22:18:12 - client_scoring - INFO - Clusters uniques : 0
2025-12-22 22:18:12 - client_scoring - INFO - Préparation données financières
2025-12-22 22:18:12 - client_scoring - INFO - Colonnes PNB disponibles : ['PNB_COLL', 'PNB_CRED', 'PNB_SERV', 'PNB_ASSU']
2025-12-22 22:18:12 - client_scoring - WARNING - Variable EP_LIQUIDE non trouvée - valeur par défaut : 0
2025-12-22 22:18:12 - client_scoring - WARNING - Variable EP_STABLE non trouvée - valeur par défaut : 0
2025-12-22 22:18:12 - client_scoring - WARNING - Variable SLD_DAV non trouvée - valeur par défaut : 0
2025-12-22 22:18:12 - client_scoring - WARNING - Variable CD_NOTE_MIRE non trouvée - valeur par défaut : 0
2025-12-22 22:18:12 - client_scoring - WARNING - Variable détention CD_NOTE_UNVRS_ASSU non trouvée - valeur par défaut : 0
2025-12-22 22:18:12 - client_scoring - WARNING - Variable détention CD_NOTE_UNVRS_CRED non trouvée - valeur par défaut : 0
2025-12-22 22:18:12 - client_scoring - WARNING - Variable détention CD_NOTE_UNVRS_EPRGN non trouvée - valeur par défaut : 0
2025-12-22 22:18:12 - client_scoring - WARNING - Variable détention CD_NOTE_UNVRS_SERV non trouvée - valeur par défaut : 0
2025-12-22 22:18:12 - client_scoring - WARNING - Variable détention CD_NOTE_POIDS_UNVRS non trouvée - valeur par défaut : 0
2025-12-22 22:18:12 - client_scoring - INFO - Calcul pondération et normalisation PNB par cluster
2025-12-22 22:18:12 - client_scoring - INFO - Score client calculé avec 4 composantes
2025-12-22 22:18:12 - client_scoring - INFO - Calcul potentiels clients (top 25% par cluster)
2025-12-22 22:18:12 - client_scoring - ERROR - Erreur calcul potentiels: "None of [Index(['I', 'D', '_', 'D', 'W', 'R', '_', 'C', 'L', 'I',\n       ...\n       'I', 'E', 'N', 'T', '_', 'S', 'C', 'O', 'R', 'E'],\n      dtype='object', length=456)] are in the [index]"
2025-12-22 22:18:12 - client_scoring - INFO - Calcul segmentation finale
2025-12-22 22:18:12 - client_scoring - ERROR - Métriques scoring : Aucune donnée pour les métriques
2025-12-22 22:18:12 - client_scoring - INFO - Scoring terminé en 0.04s - 0 clients scorés
2025-12-22 22:18:13 - client_scoring - INFO - ClientScoringEngine initialisé - Top clients: 25.0%
2025-12-22 22:18:13 - client_scoring - INFO - Début calcul scores clients intra-cluster
2025-12-22 22:18:13 - client_scoring - INFO - Données clusterisées : (2000, 12)
2025-12-22 22:18:13 - client_scoring - INFO - Données financières : (2000, 8)
2025-12-22 22:18:13 - client_scoring - INFO - Données fusionnées : (2000, 19)
2025-12-22 22:18:13 - client_scoring - INFO - Nettoyage colonne CLUSTER_GLOBAL
2025-12-22 22:18:13 - client_scoring - INFO - Validation groupby réussie : 10 groupes
2025-12-22 22:18:13 - client_scoring - INFO - Clients clusterisés retenus : 2000
2025-12-22 22:18:13 - client_scoring - INFO - Clusters uniques : 10
2025-12-22 22:18:13 - client_scoring - INFO - Préparation données financières
2025-12-22 22:18:13 - client_scoring - INFO - Colonnes PNB disponibles : ['PNB_COLL', 'PNB_CRED', 'PNB_SERV', 'PNB_ASSU']
2025-12-22 22:18:13 - client_scoring - WARNING - Variable EP_LIQUIDE non trouvée - valeur par défaut : 0
2025-12-22 22:18:13 - client_scoring - WARNING - Variable EP_STABLE non trouvée - valeur par défaut : 0
2025-12-22 22:18:13 - client_scoring - WARNING - Variable SLD_DAV non trouvée - valeur par défaut : 0
2025-12-22 22:18:13 - client_scoring - WARNING - Variable détention CD_NOTE_UNVRS_ASSU non trouvée - valeur par défaut : 0
2025-12-22 22:18:13 - client_scoring - INFO - Variable détention CD_NOTE_UNVRS_CRED préparée
2025-12-22 22:18:13 - client_scoring - WARNING - Variable détention CD_NOTE_UNVRS_EPRGN non trouvée - valeur par défaut : 0
2025-12-22 22:18:13 - client_scoring - WARNING - Variable détention CD_NOTE_UNVRS_SERV non trouvée - valeur par défaut : 0
2025-12-22 22:18:13 - client_scoring - WARNING - Variable détention CD_NOTE_POIDS_UNVRS non trouvée - valeur par défaut : 0
2025-12-22 22:18:13 - client_scoring - INFO - Calcul pondération et normalisation PNB par cluster
2025-12-22 22:18:13 - client_scoring - INFO - Score client calculé avec 4 composantes
2025-12-22 22:18:13 - client_scoring - INFO - Calcul potentiels clients (top 25% par cluster)
2025-12-22 22:18:13 - client_scoring - INFO - Potentiels calculés basés sur 495 clients top 25%
2025-12-22 22:18:13 - client_scoring - INFO - Calcul segmentation finale
2025-12-22 22:18:13 - client_scoring - INFO - === MÉTRIQUES DE QUALITÉ SCORING ===
2025-12-22 22:18:13 - client_scoring - INFO - Clients scorés : 2,000
2025-12-22 22:18:13 - client_scoring - INFO - Clusters analysés : 10
2025-12-22 22:18:13 - client_scoring - INFO - Score client moyen : 0.564
2025-12-22 22:18:13 - client_scoring - INFO - Potentiel total : 4,029,085€
2025-12-22 22:18:13 - client_scoring - INFO - Potentiel moyen/client : 2,015€
2025-12-22 22:18:13 - client_scoring - INFO - Couverture scoring : 100.0%
2025-12-22 22:18:13 - client_scoring - INFO - Couverture potentiel : 94.8%
2025-12-22 22:18:13 - client_scoring - INFO - Distribution segments :
2025-12-22 22:18:13 - client_scoring - INFO -   - A developper: 758 clients (37.9%)
2025-12-22 22:18:13 - client_scoring - INFO -   - A stimuler: 611 clients (30.6%)
2025-12-22 22:18:13 - client_scoring - INFO -   - A construire: 502 clients (25.1%)
2025-12-22 22:18:13 - client_scoring - INFO -   - A entretenir: 129 clients (6.5%)
2025-12-22 22:18:13 - client_scoring - INFO - Top 3 clusters par potentiel moyen :
2025-12-22 22:18:13 - client_scoring - INFO -   - 53-57_C0: 2,666€ (211 clients)
2025-12-22 22:18:13 - client_scoring - INFO -   - 48-52_C0: 2,198€ (257 clients)
2025-12-22 22:18:13 - client_scoring - INFO -   - 58-62_C0: 2,172€ (163 clients)
2025-12-22 22:18:13 - client_scoring - INFO - Scoring terminé en 0.13s - 2000 clients scorés
2025-12-22 22:18:15 - client_scoring - INFO - ClientScoringEngine initialisé - Top clients: 25.0%
2025-12-22 22:18:15 - client_scoring - INFO - Début calcul scores clients intra-cluster
2025-12-22 22:18:15 - client_scoring - INFO - Données clusterisées : (2000, 12)
2025-12-22 22:18:15 - client_scoring - INFO - Données financières : (2000, 8)
2025-12-22 22:18:15 - client_scoring - INFO - Données fusionnées : (2000, 19)
2025-12-22 22:18:15 - client_scoring - INFO - Nettoyage colonne CLUSTER_GLOBAL
2025-12-22 22:18:15 - client_scoring - INFO - Validation groupby réussie : 10 groupes
2025-12-22 22:18:15 - client_scoring - INFO - Clients clusterisés retenus : 2000
2025-12-22 22:18:15 - client_scoring - INFO - Clusters uniques : 10
2025-12-22 22:18:15 - client_scoring - INFO - Préparation données financières
2025-12-22 22:18:15 - client_scoring - INFO - Colonnes PNB disponibles : ['PNB_COLL', 'PNB_CRED', 'PNB_SERV', 'PNB_ASSU']
2025-12-22 22:18:15 - client_scoring - WARNING - Variable EP_LIQUIDE non trouvée - valeur par défaut : 0
2025-12-22 22:18:15 - client_scoring - WARNING - Variable EP_STABLE non trouvée - valeur par défaut : 0
2025-12-22 22:18:15 - client_scoring - WARNING - Variable SLD_DAV non trouvée - valeur par défaut : 0
2025-12-22 22:18:15 - client_scoring - WARNING - Variable détention CD_NOTE_UNVRS_ASSU non trouvée - valeur par défaut : 0
2025-12-22 22:18:15 - client_scoring - INFO - Variable détention CD_NOTE_UNVRS_CRED préparée
2025-12-22 22:18:15 - client_scoring - WARNING - Variable détention CD_NOTE_UNVRS_EPRGN non trouvée - valeur par défaut : 0
2025-12-22 22:18:15 - client_scoring - WARNING - Variable détention CD_NOTE_UNVRS_SERV non trouvée - valeur par défaut : 0
2025-12-22 22:18:15 - client_scoring - WARNING - Variable détention CD_NOTE_POIDS_UNVRS non trouvée - valeur par défaut : 0
2025-12-22 22:18:15 - client_scoring - INFO - Calcul pondération et normalisation PNB par cluster
2025-12-22 22:18:15 - client_scoring - INFO - Score client calculé avec 4 composantes
2025-12-22 22:18:15 - client_scoring - INFO - Calcul potentiels clients (top 25% par cluster)
2025-12-22 22:18:15 - client_scoring - INFO - Potentiels calculés basés sur 495 clients top 25%
2025-12-22 22:18:15 - client_scoring - INFO - Calcul segmentation finale
2025-12-22 22:18:15 - client_scoring - INFO - === MÉTRIQUES DE QUALITÉ SCORING ===
2025-12-22 22:18:15 - client_scoring - INFO - Clients scorés : 2,000
2025-12-22 22:18:15 - client_scoring - INFO - Clusters analysés : 10
2025-12-22 22:18:15 - client_scoring - INFO - Score client moyen : 0.564
2025-12-22 22:18:15 - client_scoring - INFO - Potentiel total : 4,029,085€
2025-12-22 22:18:15 - client_scoring - INFO - Potentiel moyen/client : 2,015€
2025-12-22 22:18:15 - client_scoring - INFO - Couverture scoring : 100.0%
2025-12-22 22:18:15 - client_scoring - INFO - Couverture potentiel : 94.8%
2025-12-22 22:18:15 - client_scoring - INFO - Distribution segments :
2025-12-22 22:18:15 - client_scoring - INFO -   - A developper: 758 clients (37.9%)
2025-12-22 22:18:15 - client_scoring - INFO -   - A stimuler: 611 clients (30.6%)
2025-12-22 22:18:15 - client_scoring - INFO -   - A construire: 502 clients (25.1%)
2025-12-22 22:18:15 - client_scoring - INFO -   - A entretenir: 129 clients (6.5%)
2025-12-22 22:18:15 - client_scoring - INFO - Top 3 clusters par potentiel moyen :
2025-12-22 22:18:15 - client_scoring - INFO -   - 53-57_C0: 2,666€ (211 clients)
2025-12-22 22:18:15 - client_scoring - INFO -   - 48-52_C0: 2,198€ (257 clients)
2025-12-22 22:18:15 - client_scoring - INFO -   - 58-62_C0: 2,172€ (163 clients)
2025-12-22 22:18:15 - client_scoring - INFO - Scoring terminé en 0.11s - 2000 clients scorés
2025-12-22 22:18:15 - client_scoring - INFO - ClientScoringEngine initialisé - Top clients: 25.0%
2025-12-22 22:18:15 - client_scoring - INFO - Début calcul scores clients intra-cluster
2025-12-22 22:18:15 - client_scoring - INFO - Données clusterisées : (2000, 12)
2025-12-22 22:18:15 - client_scoring - INFO - Données financières : (2000, 8)
2025-12-22 22:18:15 - client_scoring - INFO - Données fusionnées : (2000, 19)
2025-12-22 22:18:15 - client_scoring - INFO - Nettoyage colonne CLUSTER_GLOBAL
2025-12-22 22:18:15 - client_scoring - INFO - Validation groupby réussie : 10 groupes
2025-12-22 22:18:15 - client_scoring - INFO - Clients clusterisés retenus : 2000
2025-12-22 22:18:15 - client_scoring - INFO - Clusters uniques : 10
2025-12-22 22:18:15 - client_scoring - INFO - Préparation données financières
2025-12-22 22:18:15 - client_scoring - INFO - Colonnes PNB disponibles : ['PNB_COLL', 'PNB_CRED', 'PNB_SERV', 'PNB_ASSU']
2025-12-22 22:18:15 - client_scoring - WARNING - Variable EP_LIQUIDE non trouvée - valeur par défaut : 0
2025-12-22 22:18:15 - client_scoring - WARNING - Variable EP_STABLE non trouvée - valeur par défaut : 0
2025-12-22 22:18:15 - client_scoring - WARNING - Variable SLD_DAV non trouvée - valeur par défaut : 0
2025-12-22 22:18:15 - client_scoring - WARNING - Variable détention CD_NOTE_UNVRS_ASSU non trouvée - valeur par défaut : 0
2025-12-22 22:18:15 - client_scoring - INFO - Variable détention CD_NOTE_UNVRS_CRED préparée
2025-12-22 22:18:15 - client_scoring - WARNING - Variable détention CD_NOTE_UNVRS_EPRGN non trouvée - valeur par défaut : 0
2025-12-22 22:18:15 - client_scoring - WARNING - Variable détention CD_NOTE_UNVRS_SERV non trouvée - valeur par défaut : 0
2025-12-22 22:18:15 - client_scoring - WARNING - Variable détention CD_NOTE_POIDS_UNVRS non trouvée - valeur par défaut : 0
2025-12-22 22:18:15 - client_scoring - INFO - Calcul pondération et normalisation PNB par cluster
2025-12-22 22:18:15 - client_scoring - INFO - Score client calculé avec 4 composantes
2025-12-22 22:18:15 - client_scoring - INFO - Calcul potentiels clients (top 25% par cluster)
2025-12-22 22:18:15 - client_scoring - INFO - Potentiels calculés basés sur 495 clients top 25%
2025-12-22 22:18:15 - client_scoring - INFO - Calcul segmentation finale
2025-12-22 22:18:15 - client_scoring - INFO - === MÉTRIQUES DE QUALITÉ SCORING ===
2025-12-22 22:18:15 - client_scoring - INFO - Clients scorés : 2,000
2025-12-22 22:18:15 - client_scoring - INFO - Clusters analysés : 10
2025-12-22 22:18:15 - client_scoring - INFO - Score client moyen : 0.564
2025-12-22 22:18:15 - client_scoring - INFO - Potentiel total : 4,029,085€
2025-12-22 22:18:15 - client_scoring - INFO - Potentiel moyen/client : 2,015€
2025-12-22 22:18:15 - client_scoring - INFO - Couverture scoring : 100.0%
2025-12-22 22:18:15 - client_scoring - INFO - Couverture potentiel : 94.8%
2025-12-22 22:18:15 - client_scoring - INFO - Distribution segments :
2025-12-22 22:18:15 - client_scoring - INFO -   - A developper: 758 clients (37.9%)
2025-12-22 22:18:15 - client_scoring - INFO -   - A stimuler: 611 clients (30.6%)
2025-12-22 22:18:15 - client_scoring - INFO -   - A construire: 502 clients (25.1%)
2025-12-22 22:18:15 - client_scoring - INFO -   - A entretenir: 129 clients (6.5%)
2025-12-22 22:18:15 - client_scoring - INFO - Top 3 clusters par potentiel moyen :
2025-12-22 22:18:15 - client_scoring - INFO -   - 53-57_C0: 2,666€ (211 clients)
2025-12-22 22:18:15 - client_scoring - INFO -   - 48-52_C0: 2,198€ (257 clients)
2025-12-22 22:18:15 - client_scoring - INFO -   - 58-62_C0: 2,172€ (163 clients)
2025-12-22 22:18:15 - client_scoring - INFO - Scoring terminé en 0.17s - 2000 clients scorés
2025-12-22 22:18:15 - client_scoring - INFO - ClientScoringEngine initialisé - Top clients: 25.0%
2025-12-22 22:18:15 - client_scoring - INFO - Début calcul scores clients intra-cluster
2025-12-22 22:18:15 - client_scoring - INFO - Données clusterisées : (200, 12)
2025-12-22 22:18:15 - client_scoring - INFO - Données financières : (2000, 8)
2025-12-22 22:18:15 - client_scoring - INFO - Données fusionnées : (200, 19)
2025-12-22 22:18:15 - client_scoring - INFO - Nettoyage colonne CLUSTER_GLOBAL
2025-12-22 22:18:15 - client_scoring - INFO - Validation groupby réussie : 10 groupes
2025-12-22 22:18:15 - client_scoring - INFO - Clients clusterisés retenus : 200
2025-12-22 22:18:15 - client_scoring - INFO - Clusters uniques : 10
2025-12-22 22:18:15 - client_scoring - INFO - Préparation données financières
2025-12-22 22:18:15 - client_scoring - INFO - Colonnes PNB disponibles : ['PNB_COLL', 'PNB_CRED', 'PNB_SERV', 'PNB_ASSU']
2025-12-22 22:18:15 - client_scoring - WARNING - Variable EP_LIQUIDE non trouvée - valeur par défaut : 0
2025-12-22 22:18:15 - client_scoring - WARNING - Variable EP_STABLE non trouvée - valeur par défaut : 0
2025-12-22 22:18:15 - client_scoring - WARNING - Variable SLD_DAV non trouvée - valeur par défaut : 0
2025-12-22 22:18:15 - client_scoring - WARNING - Variable détention CD_NOTE_UNVRS_ASSU non trouvée - valeur par défaut : 0
2025-12-22 22:18:15 - client_scoring - INFO - Variable détention CD_NOTE_UNVRS_CRED préparée
2025-12-22 22:18:15 - client_scoring - WARNING - Variable détention CD_NOTE_UNVRS_EPRGN non trouvée - valeur par défaut : 0
2025-12-22 22:18:15 - client_scoring - WARNING - Variable détention CD_NOTE_UNVRS_SERV non trouvée - valeur par défaut : 0
2025-12-22 22:18:15 - client_scoring - WARNING - Variable détention CD_NOTE_POIDS_UNVRS non trouvée - valeur par défaut : 0
2025-12-22 22:18:15 - client_scoring - INFO - Calcul pondération et normalisation PNB par cluster
2025-12-22 22:18:15 - client_scoring - INFO - Score client calculé avec 4 composantes
2025-12-22 22:18:15 - client_scoring - INFO - Calcul potentiels clients (top 25% par cluster)
2025-12-22 22:18:16 - client_scoring - INFO - Potentiels calculés basés sur 47 clients top 25%
2025-12-22 22:18:16 - client_scoring - INFO - Calcul segmentation finale
2025-12-22 22:18:16 - client_scoring - INFO - === MÉTRIQUES DE QUALITÉ SCORING ===
2025-12-22 22:18:16 - client_scoring - INFO - Clients scorés : 200
2025-12-22 22:18:16 - client_scoring - INFO - Clusters analysés : 10
2025-12-22 22:18:16 - client_scoring - INFO - Score client moyen : 0.433
2025-12-22 22:18:16 - client_scoring - INFO - Potentiel total : 439,705€
2025-12-22 22:18:16 - client_scoring - INFO - Potentiel moyen/client : 2,199€
2025-12-22 22:18:16 - client_scoring - INFO - Couverture scoring : 100.0%
2025-12-22 22:18:16 - client_scoring - INFO - Couverture potentiel : 93.5%
2025-12-22 22:18:16 - client_scoring - INFO - Distribution segments :
2025-12-22 22:18:16 - client_scoring - INFO -   - A stimuler: 72 clients (36.0%)
2025-12-22 22:18:16 - client_scoring - INFO -   - A developper: 66 clients (33.0%)
2025-12-22 22:18:16 - client_scoring - INFO -   - A construire: 52 clients (26.0%)
2025-12-22 22:18:16 - client_scoring - INFO -   - A entretenir: 10 clients (5.0%)
2025-12-22 22:18:16 - client_scoring - INFO - Top 3 clusters par potentiel moyen :
2025-12-22 22:18:16 - client_scoring - INFO -   - 18-22_C0: 3,976€ (10 clients)
2025-12-22 22:18:16 - client_scoring - INFO -   - 58-62_C0: 3,324€ (17 clients)
2025-12-22 22:18:16 - client_scoring - INFO -   - 53-57_C0: 3,122€ (17 clients)
2025-12-22 22:18:16 - client_scoring - INFO - Scoring terminé en 0.09s - 200 clients scorés
2025-12-22 22:18:16 - client_scoring - INFO - ClientScoringEngine initialisé - Top clients: 25.0%
2025-12-22 22:18:16 - client_scoring - INFO - Début calcul scores clients intra-cluster
2025-12-22 22:18:16 - client_scoring - INFO - Données clusterisées : (2000, 12)
2025-12-22 22:18:16 - client_scoring - INFO - Données financières : (2000, 8)
2025-12-22 22:18:16 - client_scoring - INFO - Données fusionnées : (2000, 19)
2025-12-22 22:18:16 - client_scoring - INFO - Nettoyage colonne CLUSTER_GLOBAL
2025-12-22 22:18:16 - client_scoring - INFO - Validation groupby réussie : 10 groupes
2025-12-22 22:18:16 - client_scoring - INFO - Clients clusterisés retenus : 2000
2025-12-22 22:18:16 - client_scoring - INFO - Clusters uniques : 10
2025-12-22 22:18:16 - client_scoring - INFO - Préparation données financières
2025-12-22 22:18:16 - client_scoring - INFO - Colonnes PNB disponibles : ['PNB_COLL', 'PNB_CRED', 'PNB_SERV', 'PNB_ASSU']
2025-12-22 22:18:16 - client_scoring - WARNING - Variable EP_LIQUIDE non trouvée - valeur par défaut : 0
2025-12-22 22:18:16 - client_scoring - WARNING - Variable EP_STABLE non trouvée - valeur par défaut : 0
2025-12-22 22:18:16 - client_scoring - WARNING - Variable SLD_DAV non trouvée - valeur par défaut : 0
2025-12-22 22:18:16 - client_scoring - WARNING - Variable détention CD_NOTE_UNVRS_ASSU non trouvée - valeur par défaut : 0
2025-12-22 22:18:16 - client_scoring - INFO - Variable détention CD_NOTE_UNVRS_CRED préparée
2025-12-22 22:18:16 - client_scoring - WARNING - Variable détention CD_NOTE_UNVRS_EPRGN non trouvée - valeur par défaut : 0
2025-12-22 22:18:16 - client_scoring - WARNING - Variable détention CD_NOTE_UNVRS_SERV non trouvée - valeur par défaut : 0
2025-12-22 22:18:16 - client_scoring - WARNING - Variable détention CD_NOTE_POIDS_UNVRS non trouvée - valeur par défaut : 0
2025-12-22 22:18:16 - client_scoring - INFO - Calcul pondération et normalisation PNB par cluster
2025-12-22 22:18:16 - client_scoring - INFO - Score client calculé avec 4 composantes
2025-12-22 22:18:16 - client_scoring - INFO - Calcul potentiels clients (top 25% par cluster)
2025-12-22 22:18:16 - client_scoring - INFO - Potentiels calculés basés sur 495 clients top 25%
2025-12-22 22:18:16 - client_scoring - INFO - Calcul segmentation finale
2025-12-22 22:18:16 - client_scoring - INFO - === MÉTRIQUES DE QUALITÉ SCORING ===
2025-12-22 22:18:16 - client_scoring - INFO - Clients scorés : 2,000
2025-12-22 22:18:16 - client_scoring - INFO - Clusters analysés : 10
2025-12-22 22:18:16 - client_scoring - INFO - Score client moyen : 0.564
2025-12-22 22:18:16 - client_scoring - INFO - Potentiel total : 4,029,085€
2025-12-22 22:18:16 - client_scoring - INFO - Potentiel moyen/client : 2,015€
2025-12-22 22:18:16 - client_scoring - INFO - Couverture scoring : 100.0%
2025-12-22 22:18:16 - client_scoring - INFO - Couverture potentiel : 94.8%
2025-12-22 22:18:16 - client_scoring - INFO - Distribution segments :
2025-12-22 22:18:16 - client_scoring - INFO -   - A developper: 758 clients (37.9%)
2025-12-22 22:18:16 - client_scoring - INFO -   - A stimuler: 611 clients (30.6%)
2025-12-22 22:18:16 - client_scoring - INFO -   - A construire: 502 clients (25.1%)
2025-12-22 22:18:16 - client_scoring - INFO -   - A entretenir: 129 clients (6.5%)
2025-12-22 22:18:16 - client_scoring - INFO - Top 3 clusters par potentiel moyen :
2025-12-22 22:18:16 - client_scoring - INFO -   - 53-57_C0: 2,666€ (211 clients)
2025-12-22 22:18:16 - client_scoring - INFO -   - 48-52_C0: 2,198€ (257 clients)
2025-12-22 22:18:16 - client_scoring - INFO -   - 58-62_C0: 2,172€ (163 clients)
2025-12-22 22:18:16 - client_scoring - INFO - Scoring terminé en 0.11s - 2000 clients scorés
2025-12-22 22:18:17 - client_scoring - INFO - ClientScoringEngine initialisé - Top clients: 25.0%
2025-12-22 22:18:17 - client_scoring - INFO - Début calcul scores clients intra-cluster
2025-12-22 22:18:17 - client_scoring - INFO - Données clusterisées : (2000, 12)
2025-12-22 22:18:17 - client_scoring - INFO - Données financières : (2000, 8)
2025-12-22 22:18:17 - client_scoring - INFO - Données fusionnées : (2000, 19)
2025-12-22 22:18:17 - client_scoring - INFO - Nettoyage colonne CLUSTER_GLOBAL
2025-12-22 22:18:17 - client_scoring - INFO - Validation groupby réussie : 10 groupes
2025-12-22 22:18:17 - client_scoring - INFO - Clients clusterisés retenus : 2000
2025-12-22 22:18:17 - client_scoring - INFO - Clusters uniques : 10
2025-12-22 22:18:17 - client_scoring - INFO - Préparation données financières
2025-12-22 22:18:17 - client_scoring - INFO - Colonnes PNB disponibles : ['PNB_COLL', 'PNB_CRED', 'PNB_SERV', 'PNB_ASSU']
2025-12-22 22:18:17 - client_scoring - WARNING - Variable EP_LIQUIDE non trouvée - valeur par défaut : 0
2025-12-22 22:18:17 - client_scoring - WARNING - Variable EP_STABLE non trouvée - valeur par défaut : 0
2025-12-22 22:18:17 - client_scoring - WARNING - Variable SLD_DAV non trouvée - valeur par défaut : 0
2025-12-22 22:18:17 - client_scoring - WARNING - Variable détention CD_NOTE_UNVRS_ASSU non trouvée - valeur par défaut : 0
2025-12-22 22:18:17 - client_scoring - INFO - Variable détention CD_NOTE_UNVRS_CRED préparée
2025-12-22 22:18:17 - client_scoring - WARNING - Variable détention CD_NOTE_UNVRS_EPRGN non trouvée - valeur par défaut : 0
2025-12-22 22:18:17 - client_scoring - WARNING - Variable détention CD_NOTE_UNVRS_SERV non trouvée - valeur par défaut : 0
2025-12-22 22:18:17 - client_scoring - WARNING - Variable détention CD_NOTE_POIDS_UNVRS non trouvée - valeur par défaut : 0
2025-12-22 22:18:17 - client_scoring - INFO - Calcul pondération et normalisation PNB par cluster
2025-12-22 22:18:17 - client_scoring - INFO - Score client calculé avec 4 composantes
2025-12-22 22:18:17 - client_scoring - INFO - Calcul potentiels clients (top 25% par cluster)
2025-12-22 22:18:17 - client_scoring - INFO - Potentiels calculés basés sur 495 clients top 25%
2025-12-22 22:18:17 - client_scoring - INFO - Calcul segmentation finale
2025-12-22 22:18:17 - client_scoring - INFO - === MÉTRIQUES DE QUALITÉ SCORING ===
2025-12-22 22:18:17 - client_scoring - INFO - Clients scorés : 2,000
2025-12-22 22:18:17 - client_scoring - INFO - Clusters analysés : 10
2025-12-22 22:18:17 - client_scoring - INFO - Score client moyen : 0.564
2025-12-22 22:18:17 - client_scoring - INFO - Potentiel total : 4,029,085€
2025-12-22 22:18:17 - client_scoring - INFO - Potentiel moyen/client : 2,015€
2025-12-22 22:18:17 - client_scoring - INFO - Couverture scoring : 100.0%
2025-12-22 22:18:17 - client_scoring - INFO - Couverture potentiel : 94.8%
2025-12-22 22:18:17 - client_scoring - INFO - Distribution segments :
2025-12-22 22:18:17 - client_scoring - INFO -   - A developper: 758 clients (37.9%)
2025-12-22 22:18:17 - client_scoring - INFO -   - A stimuler: 611 clients (30.6%)
2025-12-22 22:18:17 - client_scoring - INFO -   - A construire: 502 clients (25.1%)
2025-12-22 22:18:17 - client_scoring - INFO -   - A entretenir: 129 clients (6.5%)
2025-12-22 22:18:17 - client_scoring - INFO - Top 3 clusters par potentiel moyen :
2025-12-22 22:18:17 - client_scoring - INFO -   - 53-57_C0: 2,666€ (211 clients)
2025-12-22 22:18:17 - client_scoring - INFO -   - 48-52_C0: 2,198€ (257 clients)
2025-12-22 22:18:17 - client_scoring - INFO -   - 58-62_C0: 2,172€ (163 clients)
2025-12-22 22:18:17 - client_scoring - INFO - Scoring terminé en 0.11s - 2000 clients scorés
2025-12-22 22:18:18 - client_scoring - INFO - ClientScoringEngine initialisé - Top clients: 25.0%
2025-12-22 22:18:18 - client_scoring - INFO - Début calcul scores clients intra-cluster
2025-12-22 22:18:18 - client_scoring - INFO - Données clusterisées : (2000, 12)
2025-12-22 22:18:18 - client_scoring - INFO - Données financières : (2000, 8)
2025-12-22 22:18:18 - client_scoring - INFO - Données fusionnées : (2000, 19)
2025-12-22 22:18:18 - client_scoring - INFO - Nettoyage colonne CLUSTER_GLOBAL
2025-12-22 22:18:18 - client_scoring - INFO - Validation groupby réussie : 10 groupes
2025-12-22 22:18:18 - client_scoring - INFO - Clients clusterisés retenus : 2000
2025-12-22 22:18:18 - client_scoring - INFO - Clusters uniques : 10
2025-12-22 22:18:18 - client_scoring - INFO - Préparation données financières
2025-12-22 22:18:18 - client_scoring - INFO - Colonnes PNB disponibles : ['PNB_COLL', 'PNB_CRED', 'PNB_SERV', 'PNB_ASSU']
2025-12-22 22:18:18 - client_scoring - WARNING - Variable EP_LIQUIDE non trouvée - valeur par défaut : 0
2025-12-22 22:18:18 - client_scoring - WARNING - Variable EP_STABLE non trouvée - valeur par défaut : 0
2025-12-22 22:18:18 - client_scoring - WARNING - Variable SLD_DAV non trouvée - valeur par défaut : 0
2025-12-22 22:18:18 - client_scoring - WARNING - Variable détention CD_NOTE_UNVRS_ASSU non trouvée - valeur par défaut : 0
2025-12-22 22:18:18 - client_scoring - INFO - Variable détention CD_NOTE_UNVRS_CRED préparée
2025-12-22 22:18:18 - client_scoring - WARNING - Variable détention CD_NOTE_UNVRS_EPRGN non trouvée - valeur par défaut : 0
2025-12-22 22:18:18 - client_scoring - WARNING - Variable détention CD_NOTE_UNVRS_SERV non trouvée - valeur par défaut : 0
2025-12-22 22:18:18 - client_scoring - WARNING - Variable détention CD_NOTE_POIDS_UNVRS non trouvée - valeur par défaut : 0
2025-12-22 22:18:18 - client_scoring - INFO - Calcul pondération et normalisation PNB par cluster
2025-12-22 22:18:18 - client_scoring - INFO - Score client calculé avec 4 composantes
2025-12-22 22:18:18 - client_scoring - INFO - Calcul potentiels clients (top 25% par cluster)
2025-12-22 22:18:18 - client_scoring - INFO - Potentiels calculés basés sur 495 clients top 25%
2025-12-22 22:18:18 - client_scoring - INFO - Calcul segmentation finale
2025-12-22 22:18:18 - client_scoring - INFO - === MÉTRIQUES DE QUALITÉ SCORING ===
2025-12-22 22:18:18 - client_scoring - INFO - Clients scorés : 2,000
2025-12-22 22:18:18 - client_scoring - INFO - Clusters analysés : 10
2025-12-22 22:18:18 - client_scoring - INFO - Score client moyen : 0.564
2025-12-22 22:18:18 - client_scoring - INFO - Potentiel total : 4,029,085€
2025-12-22 22:18:18 - client_scoring - INFO - Potentiel moyen/client : 2,015€
2025-12-22 22:18:18 - client_scoring - INFO - Couverture scoring : 100.0%
2025-12-22 22:18:18 - client_scoring - INFO - Couverture potentiel : 94.8%
2025-12-22 22:18:18 - client_scoring - INFO - Distribution segments :
2025-12-22 22:18:18 - client_scoring - INFO -   - A developper: 758 clients (37.9%)
2025-12-22 22:18:18 - client_scoring - INFO -   - A stimuler: 611 clients (30.6%)
2025-12-22 22:18:18 - client_scoring - INFO -   - A construire: 502 clients (25.1%)
2025-12-22 22:18:18 - client_scoring - INFO -   - A entretenir: 129 clients (6.5%)
2025-12-22 22:18:18 - client_scoring - INFO - Top 3 clusters par potentiel moyen :
2025-12-22 22:18:18 - client_scoring - INFO -   - 53-57_C0: 2,666€ (211 clients)
2025-12-22 22:18:18 - client_scoring - INFO -   - 48-52_C0: 2,198€ (257 clients)
2025-12-22 22:18:18 - client_scoring - INFO -   - 58-62_C0: 2,172€ (163 clients)
2025-12-22 22:18:18 - client_scoring - INFO - Scoring terminé en 0.11s - 2000 clients scorés
2025-12-22 22:18:19 - client_scoring - INFO - ClientScoringEngine initialisé - Top clients: 25.0%
2025-12-22 22:18:19 - client_scoring - INFO - Début calcul scores clients intra-cluster
2025-12-22 22:18:19 - client_scoring - INFO - Données clusterisées : (2000, 12)
2025-12-22 22:18:19 - client_scoring - INFO - Données financières : (2000, 8)
2025-12-22 22:18:19 - client_scoring - INFO - Données fusionnées : (2000, 19)
2025-12-22 22:18:19 - client_scoring - INFO - Nettoyage colonne CLUSTER_GLOBAL
2025-12-22 22:18:19 - client_scoring - INFO - Validation groupby réussie : 10 groupes
2025-12-22 22:18:19 - client_scoring - INFO - Clients clusterisés retenus : 2000
2025-12-22 22:18:19 - client_scoring - INFO - Clusters uniques : 10
2025-12-22 22:18:19 - client_scoring - INFO - Préparation données financières
2025-12-22 22:18:19 - client_scoring - INFO - Colonnes PNB disponibles : ['PNB_COLL', 'PNB_CRED', 'PNB_SERV', 'PNB_ASSU']
2025-12-22 22:18:19 - client_scoring - WARNING - Variable EP_LIQUIDE non trouvée - valeur par défaut : 0
2025-12-22 22:18:19 - client_scoring - WARNING - Variable EP_STABLE non trouvée - valeur par défaut : 0
2025-12-22 22:18:19 - client_scoring - WARNING - Variable SLD_DAV non trouvée - valeur par défaut : 0
2025-12-22 22:18:19 - client_scoring - WARNING - Variable détention CD_NOTE_UNVRS_ASSU non trouvée - valeur par défaut : 0
2025-12-22 22:18:19 - client_scoring - INFO - Variable détention CD_NOTE_UNVRS_CRED préparée
2025-12-22 22:18:19 - client_scoring - WARNING - Variable détention CD_NOTE_UNVRS_EPRGN non trouvée - valeur par défaut : 0
2025-12-22 22:18:19 - client_scoring - WARNING - Variable détention CD_NOTE_UNVRS_SERV non trouvée - valeur par défaut : 0
2025-12-22 22:18:19 - client_scoring - WARNING - Variable détention CD_NOTE_POIDS_UNVRS non trouvée - valeur par défaut : 0
2025-12-22 22:18:19 - client_scoring - INFO - Calcul pondération et normalisation PNB par cluster
2025-12-22 22:18:19 - client_scoring - INFO - Score client calculé avec 4 composantes
2025-12-22 22:18:19 - client_scoring - INFO - Calcul potentiels clients (top 25% par cluster)
2025-12-22 22:18:19 - client_scoring - INFO - Potentiels calculés basés sur 495 clients top 25%
2025-12-22 22:18:19 - client_scoring - INFO - Calcul segmentation finale
2025-12-22 22:18:19 - client_scoring - INFO - === MÉTRIQUES DE QUALITÉ SCORING ===
2025-12-22 22:18:19 - client_scoring - INFO - Clients scorés : 2,000
2025-12-22 22:18:19 - client_scoring - INFO - Clusters analysés : 10
2025-12-22 22:18:19 - client_scoring - INFO - Score client moyen : 0.564
2025-12-22 22:18:19 - client_scoring - INFO - Potentiel total : 4,029,085€
2025-12-22 22:18:19 - client_scoring - INFO - Potentiel moyen/client : 2,015€
2025-12-22 22:18:19 - client_scoring - INFO - Couverture scoring : 100.0%
2025-12-22 22:18:19 - client_scoring - INFO - Couverture potentiel : 94.8%
2025-12-22 22:18:19 - client_scoring - INFO - Distribution segments :
2025-12-22 22:18:19 - client_scoring - INFO -   - A developper: 758 clients (37.9%)
2025-12-22 22:18:19 - client_scoring - INFO -   - A stimuler: 611 clients (30.6%)
2025-12-22 22:18:19 - client_scoring - INFO -   - A construire: 502 clients (25.1%)
2025-12-22 22:18:19 - client_scoring - INFO -   - A entretenir: 129 clients (6.5%)
2025-12-22 22:18:19 - client_scoring - INFO - Top 3 clusters par potentiel moyen :
2025-12-22 22:18:19 - client_scoring - INFO -   - 53-57_C0: 2,666€ (211 clients)
2025-12-22 22:18:19 - client_scoring - INFO -   - 48-52_C0: 2,198€ (257 clients)
2025-12-22 22:18:19 - client_scoring - INFO -   - 58-62_C0: 2,172€ (163 clients)
2025-12-22 22:18:19 - client_scoring - INFO - Scoring terminé en 0.11s - 2000 clients scorés
2025-12-22 22:18:19 - client_scoring - INFO - ClientScoringEngine initialisé - Top clients: 25.0%
2025-12-22 22:18:19 - client_scoring - INFO - Début calcul scores clients intra-cluster
2025-12-22 22:18:19 - client_scoring - INFO - Données clusterisées : (2000, 12)
2025-12-22 22:18:19 - client_scoring - INFO - Données financières : (2000, 8)
2025-12-22 22:18:19 - client_scoring - INFO - Données fusionnées : (2000, 19)
2025-12-22 22:18:19 - client_scoring - INFO - Nettoyage colonne CLUSTER_GLOBAL
2025-12-22 22:18:19 - client_scoring - INFO - Validation groupby réussie : 10 groupes
2025-12-22 22:18:19 - client_scoring - INFO - Clients clusterisés retenus : 2000
2025-12-22 22:18:19 - client_scoring - INFO - Clusters uniques : 10
2025-12-22 22:18:19 - client_scoring - INFO - Préparation données financières
2025-12-22 22:18:19 - client_scoring - INFO - Colonnes PNB disponibles : ['PNB_COLL', 'PNB_CRED', 'PNB_SERV', 'PNB_ASSU']
2025-12-22 22:18:19 - client_scoring - WARNING - Variable EP_LIQUIDE non trouvée - valeur par défaut : 0
2025-12-22 22:18:19 - client_scoring - WARNING - Variable EP_STABLE non trouvée - valeur par défaut : 0
2025-12-22 22:18:19 - client_scoring - WARNING - Variable SLD_DAV non trouvée - valeur par défaut : 0
2025-12-22 22:18:19 - client_scoring - WARNING - Variable détention CD_NOTE_UNVRS_ASSU non trouvée - valeur par défaut : 0
2025-12-22 22:18:19 - client_scoring - INFO - Variable détention CD_NOTE_UNVRS_CRED préparée
2025-12-22 22:18:19 - client_scoring - WARNING - Variable détention CD_NOTE_UNVRS_EPRGN non trouvée - valeur par défaut : 0
2025-12-22 22:18:19 - client_scoring - WARNING - Variable détention CD_NOTE_UNVRS_SERV non trouvée - valeur par défaut : 0
2025-12-22 22:18:19 - client_scoring - WARNING - Variable détention CD_NOTE_POIDS_UNVRS non trouvée - valeur par défaut : 0
2025-12-22 22:18:19 - client_scoring - INFO - Calcul pondération et normalisation PNB par cluster
2025-12-22 22:18:19 - client_scoring - INFO - Score client calculé avec 4 composantes
2025-12-22 22:18:19 - client_scoring - INFO - Calcul potentiels clients (top 25% par cluster)
2025-12-22 22:18:19 - client_scoring - INFO - Potentiels calculés basés sur 495 clients top 25%
2025-12-22 22:18:19 - client_scoring - INFO - Calcul segmentation finale
2025-12-22 22:18:19 - client_scoring - INFO - === MÉTRIQUES DE QUALITÉ SCORING ===
2025-12-22 22:18:19 - client_scoring - INFO - Clients scorés : 2,000
2025-12-22 22:18:19 - client_scoring - INFO - Clusters analysés : 10
2025-12-22 22:18:19 - client_scoring - INFO - Score client moyen : 0.564
2025-12-22 22:18:19 - client_scoring - INFO - Potentiel total : 4,029,085€
2025-12-22 22:18:19 - client_scoring - INFO - Potentiel moyen/client : 2,015€
2025-12-22 22:18:19 - client_scoring - INFO - Couverture scoring : 100.0%
2025-12-22 22:18:19 - client_scoring - INFO - Couverture potentiel : 94.8%
2025-12-22 22:18:19 - client_scoring - INFO - Distribution segments :
2025-12-22 22:18:19 - client_scoring - INFO -   - A developper: 758 clients (37.9%)
2025-12-22 22:18:19 - client_scoring - INFO -   - A stimuler: 611 clients (30.6%)
2025-12-22 22:18:19 - client_scoring - INFO -   - A construire: 502 clients (25.1%)
2025-12-22 22:18:19 - client_scoring - INFO -   - A entretenir: 129 clients (6.5%)
2025-12-22 22:18:19 - client_scoring - INFO - Top 3 clusters par potentiel moyen :
2025-12-22 22:18:19 - client_scoring - INFO -   - 53-57_C0: 2,666€ (211 clients)
2025-12-22 22:18:19 - client_scoring - INFO -   - 48-52_C0: 2,198€ (257 clients)
2025-12-22 22:18:19 - client_scoring - INFO -   - 58-62_C0: 2,172€ (163 clients)
2025-12-22 22:18:19 - client_scoring - INFO - Scoring terminé en 0.12s - 2000 clients scorés
2025-12-22 22:18:20 - client_scoring - INFO - ClientScoringEngine initialisé - Top clients: 25.0%
2025-12-22 22:18:20 - client_scoring - INFO - Début calcul scores clients intra-cluster
2025-12-22 22:18:20 - client_scoring - INFO - Données clusterisées : (1000, 12)
2025-12-22 22:18:20 - client_scoring - INFO - Données financières : (1000, 8)
2025-12-22 22:18:20 - client_scoring - INFO - Données fusionnées : (1000, 19)
2025-12-22 22:18:20 - client_scoring - INFO - Nettoyage colonne CLUSTER_GLOBAL
2025-12-22 22:18:20 - client_scoring - INFO - Validation groupby réussie : 10 groupes
2025-12-22 22:18:20 - client_scoring - INFO - Clients clusterisés retenus : 1000
2025-12-22 22:18:20 - client_scoring - INFO - Clusters uniques : 10
2025-12-22 22:18:20 - client_scoring - INFO - Préparation données financières
2025-12-22 22:18:20 - client_scoring - INFO - Colonnes PNB disponibles : ['PNB_COLL', 'PNB_CRED', 'PNB_SERV', 'PNB_ASSU']
2025-12-22 22:18:20 - client_scoring - WARNING - Variable EP_LIQUIDE non trouvée - valeur par défaut : 0
2025-12-22 22:18:20 - client_scoring - WARNING - Variable EP_STABLE non trouvée - valeur par défaut : 0
2025-12-22 22:18:20 - client_scoring - WARNING - Variable SLD_DAV non trouvée - valeur par défaut : 0
2025-12-22 22:18:20 - client_scoring - WARNING - Variable détention CD_NOTE_UNVRS_ASSU non trouvée - valeur par défaut : 0
2025-12-22 22:18:20 - client_scoring - INFO - Variable détention CD_NOTE_UNVRS_CRED préparée
2025-12-22 22:18:20 - client_scoring - WARNING - Variable détention CD_NOTE_UNVRS_EPRGN non trouvée - valeur par défaut : 0
2025-12-22 22:18:20 - client_scoring - WARNING - Variable détention CD_NOTE_UNVRS_SERV non trouvée - valeur par défaut : 0
2025-12-22 22:18:20 - client_scoring - WARNING - Variable détention CD_NOTE_POIDS_UNVRS non trouvée - valeur par défaut : 0
2025-12-22 22:18:20 - client_scoring - INFO - Calcul pondération et normalisation PNB par cluster
2025-12-22 22:18:20 - client_scoring - INFO - Score client calculé avec 4 composantes
2025-12-22 22:18:20 - client_scoring - INFO - Calcul potentiels clients (top 25% par cluster)
2025-12-22 22:18:20 - client_scoring - INFO - Potentiels calculés basés sur 246 clients top 25%
2025-12-22 22:18:20 - client_scoring - INFO - Calcul segmentation finale
2025-12-22 22:18:20 - client_scoring - INFO - === MÉTRIQUES DE QUALITÉ SCORING ===
2025-12-22 22:18:20 - client_scoring - INFO - Clients scorés : 1,000
2025-12-22 22:18:20 - client_scoring - INFO - Clusters analysés : 10
2025-12-22 22:18:20 - client_scoring - INFO - Score client moyen : 0.538
2025-12-22 22:18:20 - client_scoring - INFO - Potentiel total : 1,961,723€
2025-12-22 22:18:20 - client_scoring - INFO - Potentiel moyen/client : 1,962€
2025-12-22 22:18:20 - client_scoring - INFO - Couverture scoring : 100.0%
2025-12-22 22:18:20 - client_scoring - INFO - Couverture potentiel : 93.1%
2025-12-22 22:18:20 - client_scoring - INFO - Distribution segments :
2025-12-22 22:18:20 - client_scoring - INFO -   - A developper: 382 clients (38.2%)
2025-12-22 22:18:20 - client_scoring - INFO -   - A stimuler: 311 clients (31.1%)
2025-12-22 22:18:20 - client_scoring - INFO -   - A construire: 251 clients (25.1%)
2025-12-22 22:18:20 - client_scoring - INFO -   - A entretenir: 56 clients (5.6%)
2025-12-22 22:18:20 - client_scoring - INFO - Top 3 clusters par potentiel moyen :
2025-12-22 22:18:20 - client_scoring - INFO -   - 53-57_C0: 3,016€ (111 clients)
2025-12-22 22:18:20 - client_scoring - INFO -   - 28-32_C0: 2,444€ (84 clients)
2025-12-22 22:18:20 - client_scoring - INFO -   - 43-47_C0: 2,403€ (139 clients)
2025-12-22 22:18:20 - client_scoring - INFO - Scoring terminé en 0.10s - 1000 clients scorés
2025-12-22 22:18:20 - client_scoring - INFO - ClientScoringEngine initialisé - Top clients: 25.0%
2025-12-22 22:18:20 - client_scoring - INFO - Début calcul scores clients intra-cluster
2025-12-22 22:18:20 - client_scoring - INFO - Données clusterisées : (1000, 12)
2025-12-22 22:18:20 - client_scoring - INFO - Données financières : (1000, 8)
2025-12-22 22:18:20 - client_scoring - INFO - Données fusionnées : (1000, 19)
2025-12-22 22:18:20 - client_scoring - INFO - Nettoyage colonne CLUSTER_GLOBAL
2025-12-22 22:18:20 - client_scoring - INFO - Validation groupby réussie : 10 groupes
2025-12-22 22:18:20 - client_scoring - INFO - Clients clusterisés retenus : 1000
2025-12-22 22:18:20 - client_scoring - INFO - Clusters uniques : 10
2025-12-22 22:18:20 - client_scoring - INFO - Préparation données financières
2025-12-22 22:18:20 - client_scoring - INFO - Colonnes PNB disponibles : ['PNB_COLL', 'PNB_CRED', 'PNB_SERV', 'PNB_ASSU']
2025-12-22 22:18:20 - client_scoring - WARNING - Variable EP_LIQUIDE non trouvée - valeur par défaut : 0
2025-12-22 22:18:20 - client_scoring - WARNING - Variable EP_STABLE non trouvée - valeur par défaut : 0
2025-12-22 22:18:20 - client_scoring - WARNING - Variable SLD_DAV non trouvée - valeur par défaut : 0
2025-12-22 22:18:20 - client_scoring - WARNING - Variable détention CD_NOTE_UNVRS_ASSU non trouvée - valeur par défaut : 0
2025-12-22 22:18:20 - client_scoring - INFO - Variable détention CD_NOTE_UNVRS_CRED préparée
2025-12-22 22:18:20 - client_scoring - WARNING - Variable détention CD_NOTE_UNVRS_EPRGN non trouvée - valeur par défaut : 0
2025-12-22 22:18:20 - client_scoring - WARNING - Variable détention CD_NOTE_UNVRS_SERV non trouvée - valeur par défaut : 0
2025-12-22 22:18:20 - client_scoring - WARNING - Variable détention CD_NOTE_POIDS_UNVRS non trouvée - valeur par défaut : 0
2025-12-22 22:18:20 - client_scoring - INFO - Calcul pondération et normalisation PNB par cluster
2025-12-22 22:18:20 - client_scoring - INFO - Score client calculé avec 4 composantes
2025-12-22 22:18:20 - client_scoring - INFO - Calcul potentiels clients (top 25% par cluster)
2025-12-22 22:18:20 - client_scoring - INFO - Potentiels calculés basés sur 246 clients top 25%
2025-12-22 22:18:20 - client_scoring - INFO - Calcul segmentation finale
2025-12-22 22:18:20 - client_scoring - INFO - === MÉTRIQUES DE QUALITÉ SCORING ===
2025-12-22 22:18:20 - client_scoring - INFO - Clients scorés : 1,000
2025-12-22 22:18:20 - client_scoring - INFO - Clusters analysés : 10
2025-12-22 22:18:20 - client_scoring - INFO - Score client moyen : 0.538
2025-12-22 22:18:20 - client_scoring - INFO - Potentiel total : 1,961,723€
2025-12-22 22:18:20 - client_scoring - INFO - Potentiel moyen/client : 1,962€
2025-12-22 22:18:20 - client_scoring - INFO - Couverture scoring : 100.0%
2025-12-22 22:18:20 - client_scoring - INFO - Couverture potentiel : 93.1%
2025-12-22 22:18:20 - client_scoring - INFO - Distribution segments :
2025-12-22 22:18:20 - client_scoring - INFO -   - A developper: 382 clients (38.2%)
2025-12-22 22:18:20 - client_scoring - INFO -   - A stimuler: 311 clients (31.1%)
2025-12-22 22:18:20 - client_scoring - INFO -   - A construire: 251 clients (25.1%)
2025-12-22 22:18:20 - client_scoring - INFO -   - A entretenir: 56 clients (5.6%)
2025-12-22 22:18:20 - client_scoring - INFO - Top 3 clusters par potentiel moyen :
2025-12-22 22:18:20 - client_scoring - INFO -   - 53-57_C0: 3,016€ (111 clients)
2025-12-22 22:18:20 - client_scoring - INFO -   - 28-32_C0: 2,444€ (84 clients)
2025-12-22 22:18:20 - client_scoring - INFO -   - 43-47_C0: 2,403€ (139 clients)
2025-12-22 22:18:20 - client_scoring - INFO - Scoring terminé en 0.17s - 1000 clients scorés
2025-12-22 22:18:21 - client_scoring - INFO - ClientScoringEngine initialisé - Top clients: 25.0%
2025-12-22 22:18:21 - client_scoring - INFO - Début calcul scores clients intra-cluster
2025-12-22 22:18:21 - client_scoring - INFO - Données clusterisées : (1000, 12)
2025-12-22 22:18:21 - client_scoring - INFO - Données financières : (1000, 8)
2025-12-22 22:18:21 - client_scoring - INFO - Données fusionnées : (1000, 19)
2025-12-22 22:18:21 - client_scoring - INFO - Nettoyage colonne CLUSTER_GLOBAL
2025-12-22 22:18:21 - client_scoring - INFO - Validation groupby réussie : 10 groupes
2025-12-22 22:18:21 - client_scoring - INFO - Clients clusterisés retenus : 1000
2025-12-22 22:18:21 - client_scoring - INFO - Clusters uniques : 10
2025-12-22 22:18:21 - client_scoring - INFO - Préparation données financières
2025-12-22 22:18:21 - client_scoring - INFO - Colonnes PNB disponibles : ['PNB_COLL', 'PNB_CRED', 'PNB_SERV', 'PNB_ASSU']
2025-12-22 22:18:21 - client_scoring - WARNING - Variable EP_LIQUIDE non trouvée - valeur par défaut : 0
2025-12-22 22:18:21 - client_scoring - WARNING - Variable EP_STABLE non trouvée - valeur par défaut : 0
2025-12-22 22:18:21 - client_scoring - WARNING - Variable SLD_DAV non trouvée - valeur par défaut : 0
2025-12-22 22:18:21 - client_scoring - WARNING - Variable détention CD_NOTE_UNVRS_ASSU non trouvée - valeur par défaut : 0
2025-12-22 22:18:21 - client_scoring - INFO - Variable détention CD_NOTE_UNVRS_CRED préparée
2025-12-22 22:18:21 - client_scoring - WARNING - Variable détention CD_NOTE_UNVRS_EPRGN non trouvée - valeur par défaut : 0
2025-12-22 22:18:21 - client_scoring - WARNING - Variable détention CD_NOTE_UNVRS_SERV non trouvée - valeur par défaut : 0
2025-12-22 22:18:21 - client_scoring - WARNING - Variable détention CD_NOTE_POIDS_UNVRS non trouvée - valeur par défaut : 0
2025-12-22 22:18:21 - client_scoring - INFO - Calcul pondération et normalisation PNB par cluster
2025-12-22 22:18:21 - client_scoring - INFO - Score client calculé avec 4 composantes
2025-12-22 22:18:21 - client_scoring - INFO - Calcul potentiels clients (top 25% par cluster)
2025-12-22 22:18:21 - client_scoring - INFO - Potentiels calculés basés sur 246 clients top 25%
2025-12-22 22:18:21 - client_scoring - INFO - Calcul segmentation finale
2025-12-22 22:18:21 - client_scoring - INFO - === MÉTRIQUES DE QUALITÉ SCORING ===
2025-12-22 22:18:21 - client_scoring - INFO - Clients scorés : 1,000
2025-12-22 22:18:21 - client_scoring - INFO - Clusters analysés : 10
2025-12-22 22:18:21 - client_scoring - INFO - Score client moyen : 0.538
2025-12-22 22:18:21 - client_scoring - INFO - Potentiel total : 1,961,723€
2025-12-22 22:18:21 - client_scoring - INFO - Potentiel moyen/client : 1,962€
2025-12-22 22:18:21 - client_scoring - INFO - Couverture scoring : 100.0%
2025-12-22 22:18:21 - client_scoring - INFO - Couverture potentiel : 93.1%
2025-12-22 22:18:21 - client_scoring - INFO - Distribution segments :
2025-12-22 22:18:21 - client_scoring - INFO -   - A developper: 382 clients (38.2%)
2025-12-22 22:18:21 - client_scoring - INFO -   - A stimuler: 311 clients (31.1%)
2025-12-22 22:18:21 - client_scoring - INFO -   - A construire: 251 clients (25.1%)
2025-12-22 22:18:21 - client_scoring - INFO -   - A entretenir: 56 clients (5.6%)
2025-12-22 22:18:21 - client_scoring - INFO - Top 3 clusters par potentiel moyen :
2025-12-22 22:18:21 - client_scoring - INFO -   - 53-57_C0: 3,016€ (111 clients)
2025-12-22 22:18:21 - client_scoring - INFO -   - 28-32_C0: 2,444€ (84 clients)
2025-12-22 22:18:21 - client_scoring - INFO -   - 43-47_C0: 2,403€ (139 clients)
2025-12-22 22:18:21 - client_scoring - INFO - Scoring terminé en 0.09s - 1000 clients scorés
2025-12-22 22:18:21 - client_scoring - INFO - ClientScoringEngine initialisé - Top clients: 25.0%
2025-12-22 22:18:21 - client_scoring - INFO - Début calcul scores clients intra-cluster
2025-12-22 22:18:21 - client_scoring - INFO - Données clusterisées : (400, 12)
2025-12-22 22:18:21 - client_scoring - INFO - Données financières : (1000, 8)
2025-12-22 22:18:21 - client_scoring - INFO - Données fusionnées : (400, 19)
2025-12-22 22:18:21 - client_scoring - INFO - Nettoyage colonne CLUSTER_GLOBAL
2025-12-22 22:18:21 - client_scoring - INFO - Validation groupby réussie : 10 groupes
2025-12-22 22:18:21 - client_scoring - INFO - Clients clusterisés retenus : 400
2025-12-22 22:18:21 - client_scoring - INFO - Clusters uniques : 10
2025-12-22 22:18:21 - client_scoring - INFO - Préparation données financières
2025-12-22 22:18:21 - client_scoring - INFO - Colonnes PNB disponibles : ['PNB_COLL', 'PNB_CRED', 'PNB_SERV', 'PNB_ASSU']
2025-12-22 22:18:21 - client_scoring - WARNING - Variable EP_LIQUIDE non trouvée - valeur par défaut : 0
2025-12-22 22:18:21 - client_scoring - WARNING - Variable EP_STABLE non trouvée - valeur par défaut : 0
2025-12-22 22:18:21 - client_scoring - WARNING - Variable SLD_DAV non trouvée - valeur par défaut : 0
2025-12-22 22:18:21 - client_scoring - WARNING - Variable détention CD_NOTE_UNVRS_ASSU non trouvée - valeur par défaut : 0
2025-12-22 22:18:21 - client_scoring - INFO - Variable détention CD_NOTE_UNVRS_CRED préparée
2025-12-22 22:18:21 - client_scoring - WARNING - Variable détention CD_NOTE_UNVRS_EPRGN non trouvée - valeur par défaut : 0
2025-12-22 22:18:21 - client_scoring - WARNING - Variable détention CD_NOTE_UNVRS_SERV non trouvée - valeur par défaut : 0
2025-12-22 22:18:21 - client_scoring - WARNING - Variable détention CD_NOTE_POIDS_UNVRS non trouvée - valeur par défaut : 0
2025-12-22 22:18:21 - client_scoring - INFO - Calcul pondération et normalisation PNB par cluster
2025-12-22 22:18:21 - client_scoring - INFO - Score client calculé avec 4 composantes
2025-12-22 22:18:21 - client_scoring - INFO - Calcul potentiels clients (top 25% par cluster)
2025-12-22 22:18:21 - client_scoring - INFO - Potentiels calculés basés sur 96 clients top 25%
2025-12-22 22:18:21 - client_scoring - INFO - Calcul segmentation finale
2025-12-22 22:18:21 - client_scoring - INFO - === MÉTRIQUES DE QUALITÉ SCORING ===
2025-12-22 22:18:21 - client_scoring - INFO - Clients scorés : 400
2025-12-22 22:18:21 - client_scoring - INFO - Clusters analysés : 10
2025-12-22 22:18:21 - client_scoring - INFO - Score client moyen : 0.415
2025-12-22 22:18:21 - client_scoring - INFO - Potentiel total : 909,671€
2025-12-22 22:18:21 - client_scoring - INFO - Potentiel moyen/client : 2,274€
2025-12-22 22:18:21 - client_scoring - INFO - Couverture scoring : 100.0%
2025-12-22 22:18:21 - client_scoring - INFO - Couverture potentiel : 93.2%
2025-12-22 22:18:21 - client_scoring - INFO - Distribution segments :
2025-12-22 22:18:21 - client_scoring - INFO -   - A developper: 153 clients (38.2%)
2025-12-22 22:18:21 - client_scoring - INFO -   - A stimuler: 124 clients (31.0%)
2025-12-22 22:18:21 - client_scoring - INFO -   - A construire: 101 clients (25.2%)
2025-12-22 22:18:21 - client_scoring - INFO -   - A entretenir: 22 clients (5.5%)
2025-12-22 22:18:21 - client_scoring - INFO - Top 3 clusters par potentiel moyen :
2025-12-22 22:18:21 - client_scoring - INFO -   - 18-22_C0: 3,403€ (27 clients)
2025-12-22 22:18:21 - client_scoring - INFO -   - 53-57_C0: 3,271€ (47 clients)
2025-12-22 22:18:21 - client_scoring - INFO -   - 43-47_C0: 2,591€ (57 clients)
2025-12-22 22:18:21 - client_scoring - INFO - Scoring terminé en 0.08s - 400 clients scorés
2025-12-22 22:24:59 - client_scoring - INFO - Logger client_scoring configuré - Fichier: /Users/taieb/Documents/GITHUB REPO/ML_banking_segmentation/logs/client_scoring_20251222.log
2025-12-22 22:24:59 - client_scoring - INFO - ClientScoringEngine initialisé - Top clients: 25.0%
2025-12-22 22:24:59 - client_scoring - INFO - Début calcul scores clients intra-cluster
2025-12-22 22:24:59 - client_scoring - INFO - Données clusterisées : (1000, 12)
2025-12-22 22:24:59 - client_scoring - INFO - Données financières : (1000, 8)
2025-12-22 22:24:59 - client_scoring - INFO - Données fusionnées : (1000, 19)
2025-12-22 22:24:59 - client_scoring - INFO - Nettoyage colonne CLUSTER_GLOBAL
2025-12-22 22:24:59 - client_scoring - INFO - Validation groupby réussie : 10 groupes
2025-12-22 22:24:59 - client_scoring - INFO - Clients clusterisés retenus : 1000
2025-12-22 22:24:59 - client_scoring - INFO - Clusters uniques : 10
2025-12-22 22:24:59 - client_scoring - INFO - Préparation données financières
2025-12-22 22:24:59 - client_scoring - INFO - Colonnes PNB disponibles : ['PNB_COLL', 'PNB_CRED', 'PNB_SERV', 'PNB_ASSU']
2025-12-22 22:24:59 - client_scoring - WARNING - Variable EP_LIQUIDE non trouvée - valeur par défaut : 0
2025-12-22 22:24:59 - client_scoring - WARNING - Variable EP_STABLE non trouvée - valeur par défaut : 0
2025-12-22 22:24:59 - client_scoring - WARNING - Variable SLD_DAV non trouvée - valeur par défaut : 0
2025-12-22 22:24:59 - client_scoring - WARNING - Variable détention CD_NOTE_UNVRS_ASSU non trouvée - valeur par défaut : 0
2025-12-22 22:24:59 - client_scoring - INFO - Variable détention CD_NOTE_UNVRS_CRED préparée
2025-12-22 22:24:59 - client_scoring - WARNING - Variable détention CD_NOTE_UNVRS_EPRGN non trouvée - valeur par défaut : 0
2025-12-22 22:24:59 - client_scoring - WARNING - Variable détention CD_NOTE_UNVRS_SERV non trouvée - valeur par défaut : 0
2025-12-22 22:24:59 - client_scoring - WARNING - Variable détention CD_NOTE_POIDS_UNVRS non trouvée - valeur par défaut : 0
2025-12-22 22:24:59 - client_scoring - INFO - Calcul pondération et normalisation PNB par cluster
2025-12-22 22:24:59 - client_scoring - INFO - Score client calculé avec 4 composantes
2025-12-22 22:24:59 - client_scoring - INFO - Calcul potentiels clients (top 25% par cluster)
2025-12-22 22:24:59 - client_scoring - INFO - Potentiels calculés basés sur 246 clients top 25%
2025-12-22 22:24:59 - client_scoring - INFO - Calcul segmentation finale
2025-12-22 22:24:59 - client_scoring - INFO - === MÉTRIQUES DE QUALITÉ SCORING ===
2025-12-22 22:24:59 - client_scoring - INFO - Clients scorés : 1,000
2025-12-22 22:24:59 - client_scoring - INFO - Clusters analysés : 10
2025-12-22 22:24:59 - client_scoring - INFO - Score client moyen : 0.538
2025-12-22 22:24:59 - client_scoring - INFO - Potentiel total : 1,961,723€
2025-12-22 22:24:59 - client_scoring - INFO - Potentiel moyen/client : 1,962€
2025-12-22 22:24:59 - client_scoring - INFO - Couverture scoring : 100.0%
2025-12-22 22:24:59 - client_scoring - INFO - Couverture potentiel : 93.1%
2025-12-22 22:24:59 - client_scoring - INFO - Distribution segments :
2025-12-22 22:24:59 - client_scoring - INFO -   - A developper: 382 clients (38.2%)
2025-12-22 22:24:59 - client_scoring - INFO -   - A stimuler: 311 clients (31.1%)
2025-12-22 22:24:59 - client_scoring - INFO -   - A construire: 251 clients (25.1%)
2025-12-22 22:24:59 - client_scoring - INFO -   - A entretenir: 56 clients (5.6%)
2025-12-22 22:24:59 - client_scoring - INFO - Top 3 clusters par potentiel moyen :
2025-12-22 22:24:59 - client_scoring - INFO -   - 53-57_C0: 3,016€ (111 clients)
2025-12-22 22:24:59 - client_scoring - INFO -   - 28-32_C0: 2,444€ (84 clients)
2025-12-22 22:24:59 - client_scoring - INFO -   - 43-47_C0: 2,403€ (139 clients)
2025-12-22 22:24:59 - client_scoring - INFO - Scoring terminé en 0.08s - 1000 clients scorés
2025-12-22 22:25:00 - client_scoring - INFO - ClientScoringEngine initialisé - Top clients: 25.0%
2025-12-22 22:25:00 - client_scoring - INFO - Début calcul scores clients intra-cluster
2025-12-22 22:25:00 - client_scoring - INFO - Données clusterisées : (1000, 15)
2025-12-22 22:25:00 - client_scoring - INFO - Données financières : (1000, 8)
2025-12-22 22:25:00 - client_scoring - INFO - Données fusionnées : (1000, 22)
2025-12-22 22:25:00 - client_scoring - INFO - Nettoyage colonne CLUSTER_GLOBAL
2025-12-22 22:25:00 - client_scoring - INFO - Validation groupby réussie : 13 groupes
2025-12-22 22:25:00 - client_scoring - INFO - Clients clusterisés retenus : 1000
2025-12-22 22:25:00 - client_scoring - INFO - Clusters uniques : 13
2025-12-22 22:25:00 - client_scoring - INFO - Préparation données financières
2025-12-22 22:25:00 - client_scoring - INFO - Colonnes PNB disponibles : ['PNB_COLL', 'PNB_CRED', 'PNB_SERV', 'PNB_ASSU']
2025-12-22 22:25:00 - client_scoring - WARNING - Variable EP_LIQUIDE non trouvée - valeur par défaut : 0
2025-12-22 22:25:00 - client_scoring - WARNING - Variable EP_STABLE non trouvée - valeur par défaut : 0
2025-12-22 22:25:00 - client_scoring - WARNING - Variable SLD_DAV non trouvée - valeur par défaut : 0
2025-12-22 22:25:00 - client_scoring - WARNING - Variable détention CD_NOTE_UNVRS_ASSU non trouvée - valeur par défaut : 0
2025-12-22 22:25:00 - client_scoring - INFO - Variable détention CD_NOTE_UNVRS_CRED préparée
2025-12-22 22:25:00 - client_scoring - WARNING - Variable détention CD_NOTE_UNVRS_EPRGN non trouvée - valeur par défaut : 0
2025-12-22 22:25:00 - client_scoring - WARNING - Variable détention CD_NOTE_UNVRS_SERV non trouvée - valeur par défaut : 0
2025-12-22 22:25:00 - client_scoring - WARNING - Variable détention CD_NOTE_POIDS_UNVRS non trouvée - valeur par défaut : 0
2025-12-22 22:25:00 - client_scoring - INFO - Calcul pondération et normalisation PNB par cluster
2025-12-22 22:25:00 - client_scoring - INFO - Score client calculé avec 4 composantes
2025-12-22 22:25:00 - client_scoring - INFO - Calcul potentiels clients (top 25% par cluster)
2025-12-22 22:25:00 - client_scoring - INFO - Potentiels calculés basés sur 245 clients top 25%
2025-12-22 22:25:00 - client_scoring - INFO - Calcul segmentation finale
2025-12-22 22:25:00 - client_scoring - INFO - === MÉTRIQUES DE QUALITÉ SCORING ===
2025-12-22 22:25:00 - client_scoring - INFO - Clients scorés : 1,000
2025-12-22 22:25:00 - client_scoring - INFO - Clusters analysés : 13
2025-12-22 22:25:00 - client_scoring - INFO - Score client moyen : 0.523
2025-12-22 22:25:00 - client_scoring - INFO - Potentiel total : 2,060,573€
2025-12-22 22:25:00 - client_scoring - INFO - Potentiel moyen/client : 2,061€
2025-12-22 22:25:00 - client_scoring - INFO - Couverture scoring : 100.0%
2025-12-22 22:25:00 - client_scoring - INFO - Couverture potentiel : 92.1%
2025-12-22 22:25:00 - client_scoring - INFO - Distribution segments :
2025-12-22 22:25:00 - client_scoring - INFO -   - A developper: 380 clients (38.0%)
2025-12-22 22:25:00 - client_scoring - INFO -   - A stimuler: 312 clients (31.2%)
2025-12-22 22:25:00 - client_scoring - INFO -   - A construire: 252 clients (25.2%)
2025-12-22 22:25:00 - client_scoring - INFO -   - A entretenir: 56 clients (5.6%)
2025-12-22 22:25:00 - client_scoring - INFO - Top 3 clusters par potentiel moyen :
2025-12-22 22:25:00 - client_scoring - INFO -   - 28-32_C0: 3,166€ (54 clients)
2025-12-22 22:25:00 - client_scoring - INFO -   - 63+_C1: 3,070€ (13 clients)
2025-12-22 22:25:00 - client_scoring - INFO -   - 53-57_C0: 3,016€ (111 clients)
2025-12-22 22:25:00 - client_scoring - INFO - Scoring terminé en 0.10s - 1000 clients scorés
2025-12-22 22:25:16 - client_scoring - INFO - Logger client_scoring configuré - Fichier: /Users/taieb/Documents/GITHUB REPO/ML_banking_segmentation/logs/client_scoring_20251222.log
2025-12-22 22:25:16 - client_scoring - INFO - ClientScoringEngine initialisé - Top clients: 25.0%
2025-12-22 22:25:16 - client_scoring - INFO - Début calcul scores clients intra-cluster
2025-12-22 22:25:16 - client_scoring - INFO - Données clusterisées : (1500, 12)
2025-12-22 22:25:16 - client_scoring - INFO - Données financières : (1500, 8)
2025-12-22 22:25:16 - client_scoring - INFO - Données fusionnées : (1500, 19)
2025-12-22 22:25:16 - client_scoring - INFO - Nettoyage colonne CLUSTER_GLOBAL
2025-12-22 22:25:16 - client_scoring - INFO - Validation groupby réussie : 10 groupes
2025-12-22 22:25:16 - client_scoring - INFO - Clients clusterisés retenus : 1500
2025-12-22 22:25:16 - client_scoring - INFO - Clusters uniques : 10
2025-12-22 22:25:16 - client_scoring - INFO - Préparation données financières
2025-12-22 22:25:16 - client_scoring - INFO - Colonnes PNB disponibles : ['PNB_COLL', 'PNB_CRED', 'PNB_SERV', 'PNB_ASSU']
2025-12-22 22:25:16 - client_scoring - WARNING - Variable EP_LIQUIDE non trouvée - valeur par défaut : 0
2025-12-22 22:25:16 - client_scoring - WARNING - Variable EP_STABLE non trouvée - valeur par défaut : 0
2025-12-22 22:25:16 - client_scoring - WARNING - Variable SLD_DAV non trouvée - valeur par défaut : 0
2025-12-22 22:25:16 - client_scoring - WARNING - Variable détention CD_NOTE_UNVRS_ASSU non trouvée - valeur par défaut : 0
2025-12-22 22:25:16 - client_scoring - INFO - Variable détention CD_NOTE_UNVRS_CRED préparée
2025-12-22 22:25:16 - client_scoring - WARNING - Variable détention CD_NOTE_UNVRS_EPRGN non trouvée - valeur par défaut : 0
2025-12-22 22:25:16 - client_scoring - WARNING - Variable détention CD_NOTE_UNVRS_SERV non trouvée - valeur par défaut : 0
2025-12-22 22:25:16 - client_scoring - WARNING - Variable détention CD_NOTE_POIDS_UNVRS non trouvée - valeur par défaut : 0
2025-12-22 22:25:16 - client_scoring - INFO - Calcul pondération et normalisation PNB par cluster
2025-12-22 22:25:16 - client_scoring - INFO - Score client calculé avec 4 composantes
2025-12-22 22:25:16 - client_scoring - INFO - Calcul potentiels clients (top 25% par cluster)
2025-12-22 22:25:17 - client_scoring - INFO - Potentiels calculés basés sur 372 clients top 25%
2025-12-22 22:25:17 - client_scoring - INFO - Calcul segmentation finale
2025-12-22 22:25:17 - client_scoring - INFO - === MÉTRIQUES DE QUALITÉ SCORING ===
2025-12-22 22:25:17 - client_scoring - INFO - Clients scorés : 1,500
2025-12-22 22:25:17 - client_scoring - INFO - Clusters analysés : 10
2025-12-22 22:25:17 - client_scoring - INFO - Score client moyen : 0.549
2025-12-22 22:25:17 - client_scoring - INFO - Potentiel total : 3,630,108€
2025-12-22 22:25:17 - client_scoring - INFO - Potentiel moyen/client : 2,420€
2025-12-22 22:25:17 - client_scoring - INFO - Couverture scoring : 100.0%
2025-12-22 22:25:17 - client_scoring - INFO - Couverture potentiel : 95.2%
2025-12-22 22:25:17 - client_scoring - INFO - Distribution segments :
2025-12-22 22:25:17 - client_scoring - INFO -   - A developper: 561 clients (37.4%)
2025-12-22 22:25:17 - client_scoring - INFO -   - A stimuler: 460 clients (30.7%)
2025-12-22 22:25:17 - client_scoring - INFO -   - A construire: 376 clients (25.1%)
2025-12-22 22:25:17 - client_scoring - INFO -   - A entretenir: 103 clients (6.9%)
2025-12-22 22:25:17 - client_scoring - INFO - Top 3 clusters par potentiel moyen :
2025-12-22 22:25:17 - client_scoring - INFO -   - 33-37_C0: 2,830€ (162 clients)
2025-12-22 22:25:17 - client_scoring - INFO -   - 43-47_C0: 2,825€ (193 clients)
2025-12-22 22:25:17 - client_scoring - INFO -   - 63+_C0: 2,781€ (160 clients)
2025-12-22 22:25:17 - client_scoring - INFO - Scoring terminé en 0.09s - 1500 clients scorés
2025-12-22 22:25:17 - client_scoring - INFO - ClientScoringEngine initialisé - Top clients: 25.0%
2025-12-22 22:25:17 - client_scoring - INFO - Début calcul scores clients intra-cluster
2025-12-22 22:25:17 - client_scoring - INFO - Données clusterisées : (1500, 12)
2025-12-22 22:25:17 - client_scoring - INFO - Données financières : (1500, 8)
2025-12-22 22:25:17 - client_scoring - INFO - Données fusionnées : (1500, 19)
2025-12-22 22:25:17 - client_scoring - INFO - Nettoyage colonne CLUSTER_GLOBAL
2025-12-22 22:25:17 - client_scoring - INFO - Validation groupby réussie : 10 groupes
2025-12-22 22:25:17 - client_scoring - INFO - Clients clusterisés retenus : 1500
2025-12-22 22:25:17 - client_scoring - INFO - Clusters uniques : 10
2025-12-22 22:25:17 - client_scoring - INFO - Préparation données financières
2025-12-22 22:25:17 - client_scoring - INFO - Colonnes PNB disponibles : ['PNB_COLL', 'PNB_CRED', 'PNB_SERV', 'PNB_ASSU']
2025-12-22 22:25:17 - client_scoring - WARNING - Variable EP_LIQUIDE non trouvée - valeur par défaut : 0
2025-12-22 22:25:17 - client_scoring - WARNING - Variable EP_STABLE non trouvée - valeur par défaut : 0
2025-12-22 22:25:17 - client_scoring - WARNING - Variable SLD_DAV non trouvée - valeur par défaut : 0
2025-12-22 22:25:17 - client_scoring - WARNING - Variable détention CD_NOTE_UNVRS_ASSU non trouvée - valeur par défaut : 0
2025-12-22 22:25:17 - client_scoring - INFO - Variable détention CD_NOTE_UNVRS_CRED préparée
2025-12-22 22:25:17 - client_scoring - WARNING - Variable détention CD_NOTE_UNVRS_EPRGN non trouvée - valeur par défaut : 0
2025-12-22 22:25:17 - client_scoring - WARNING - Variable détention CD_NOTE_UNVRS_SERV non trouvée - valeur par défaut : 0
2025-12-22 22:25:17 - client_scoring - WARNING - Variable détention CD_NOTE_POIDS_UNVRS non trouvée - valeur par défaut : 0
2025-12-22 22:25:17 - client_scoring - INFO - Calcul pondération et normalisation PNB par cluster
2025-12-22 22:25:17 - client_scoring - INFO - Score client calculé avec 4 composantes
2025-12-22 22:25:17 - client_scoring - INFO - Calcul potentiels clients (top 25% par cluster)
2025-12-22 22:25:17 - client_scoring - INFO - Potentiels calculés basés sur 372 clients top 25%
2025-12-22 22:25:17 - client_scoring - INFO - Calcul segmentation finale
2025-12-22 22:25:17 - client_scoring - INFO - === MÉTRIQUES DE QUALITÉ SCORING ===
2025-12-22 22:25:17 - client_scoring - INFO - Clients scorés : 1,500
2025-12-22 22:25:17 - client_scoring - INFO - Clusters analysés : 10
2025-12-22 22:25:17 - client_scoring - INFO - Score client moyen : 0.549
2025-12-22 22:25:17 - client_scoring - INFO - Potentiel total : 3,630,108€
2025-12-22 22:25:17 - client_scoring - INFO - Potentiel moyen/client : 2,420€
2025-12-22 22:25:17 - client_scoring - INFO - Couverture scoring : 100.0%
2025-12-22 22:25:17 - client_scoring - INFO - Couverture potentiel : 95.2%
2025-12-22 22:25:17 - client_scoring - INFO - Distribution segments :
2025-12-22 22:25:17 - client_scoring - INFO -   - A developper: 561 clients (37.4%)
2025-12-22 22:25:17 - client_scoring - INFO -   - A stimuler: 460 clients (30.7%)
2025-12-22 22:25:17 - client_scoring - INFO -   - A construire: 376 clients (25.1%)
2025-12-22 22:25:17 - client_scoring - INFO -   - A entretenir: 103 clients (6.9%)
2025-12-22 22:25:17 - client_scoring - INFO - Top 3 clusters par potentiel moyen :
2025-12-22 22:25:17 - client_scoring - INFO -   - 33-37_C0: 2,830€ (162 clients)
2025-12-22 22:25:17 - client_scoring - INFO -   - 43-47_C0: 2,825€ (193 clients)
2025-12-22 22:25:17 - client_scoring - INFO -   - 63+_C0: 2,781€ (160 clients)
2025-12-22 22:25:17 - client_scoring - INFO - Scoring terminé en 0.10s - 1500 clients scorés
2025-12-22 22:25:17 - client_scoring - INFO - ClientScoringEngine initialisé - Top clients: 25.0%
2025-12-22 22:25:17 - client_scoring - INFO - Début calcul scores clients intra-cluster
2025-12-22 22:25:17 - client_scoring - INFO - Données clusterisées : (1500, 12)
2025-12-22 22:25:17 - client_scoring - INFO - Données financières : (1500, 8)
2025-12-22 22:25:17 - client_scoring - INFO - Données fusionnées : (1500, 19)
2025-12-22 22:25:17 - client_scoring - INFO - Nettoyage colonne CLUSTER_GLOBAL
2025-12-22 22:25:17 - client_scoring - INFO - Validation groupby réussie : 10 groupes
2025-12-22 22:25:17 - client_scoring - INFO - Clients clusterisés retenus : 1500
2025-12-22 22:25:17 - client_scoring - INFO - Clusters uniques : 10
2025-12-22 22:25:17 - client_scoring - INFO - Préparation données financières
2025-12-22 22:25:17 - client_scoring - INFO - Colonnes PNB disponibles : ['PNB_COLL', 'PNB_CRED', 'PNB_SERV', 'PNB_ASSU']
2025-12-22 22:25:17 - client_scoring - WARNING - Variable EP_LIQUIDE non trouvée - valeur par défaut : 0
2025-12-22 22:25:17 - client_scoring - WARNING - Variable EP_STABLE non trouvée - valeur par défaut : 0
2025-12-22 22:25:17 - client_scoring - WARNING - Variable SLD_DAV non trouvée - valeur par défaut : 0
2025-12-22 22:25:17 - client_scoring - WARNING - Variable détention CD_NOTE_UNVRS_ASSU non trouvée - valeur par défaut : 0
2025-12-22 22:25:17 - client_scoring - INFO - Variable détention CD_NOTE_UNVRS_CRED préparée
2025-12-22 22:25:17 - client_scoring - WARNING - Variable détention CD_NOTE_UNVRS_EPRGN non trouvée - valeur par défaut : 0
2025-12-22 22:25:17 - client_scoring - WARNING - Variable détention CD_NOTE_UNVRS_SERV non trouvée - valeur par défaut : 0
2025-12-22 22:25:17 - client_scoring - WARNING - Variable détention CD_NOTE_POIDS_UNVRS non trouvée - valeur par défaut : 0
2025-12-22 22:25:17 - client_scoring - INFO - Calcul pondération et normalisation PNB par cluster
2025-12-22 22:25:17 - client_scoring - INFO - Score client calculé avec 4 composantes
2025-12-22 22:25:17 - client_scoring - INFO - Calcul potentiels clients (top 25% par cluster)
2025-12-22 22:25:17 - client_scoring - INFO - Potentiels calculés basés sur 372 clients top 25%
2025-12-22 22:25:17 - client_scoring - INFO - Calcul segmentation finale
2025-12-22 22:25:17 - client_scoring - INFO - === MÉTRIQUES DE QUALITÉ SCORING ===
2025-12-22 22:25:17 - client_scoring - INFO - Clients scorés : 1,500
2025-12-22 22:25:17 - client_scoring - INFO - Clusters analysés : 10
2025-12-22 22:25:17 - client_scoring - INFO - Score client moyen : 0.549
2025-12-22 22:25:17 - client_scoring - INFO - Potentiel total : 3,630,108€
2025-12-22 22:25:17 - client_scoring - INFO - Potentiel moyen/client : 2,420€
2025-12-22 22:25:17 - client_scoring - INFO - Couverture scoring : 100.0%
2025-12-22 22:25:17 - client_scoring - INFO - Couverture potentiel : 95.2%
2025-12-22 22:25:17 - client_scoring - INFO - Distribution segments :
2025-12-22 22:25:17 - client_scoring - INFO -   - A developper: 561 clients (37.4%)
2025-12-22 22:25:17 - client_scoring - INFO -   - A stimuler: 460 clients (30.7%)
2025-12-22 22:25:17 - client_scoring - INFO -   - A construire: 376 clients (25.1%)
2025-12-22 22:25:17 - client_scoring - INFO -   - A entretenir: 103 clients (6.9%)
2025-12-22 22:25:17 - client_scoring - INFO - Top 3 clusters par potentiel moyen :
2025-12-22 22:25:17 - client_scoring - INFO -   - 33-37_C0: 2,830€ (162 clients)
2025-12-22 22:25:17 - client_scoring - INFO -   - 43-47_C0: 2,825€ (193 clients)
2025-12-22 22:25:17 - client_scoring - INFO -   - 63+_C0: 2,781€ (160 clients)
2025-12-22 22:25:17 - client_scoring - INFO - Scoring terminé en 0.09s - 1500 clients scorés
2025-12-22 22:25:17 - client_scoring - INFO - ClientScoringEngine initialisé - Top clients: 25.0%
2025-12-22 22:25:17 - client_scoring - INFO - ClientScoringEngine initialisé - Top clients: 25.0%
2025-12-22 22:25:17 - client_scoring - INFO - Début calcul scores clients intra-cluster
2025-12-22 22:25:17 - client_scoring - INFO - Données clusterisées : (1500, 12)
2025-12-22 22:25:17 - client_scoring - INFO - Données financières : (1500, 8)
2025-12-22 22:25:17 - client_scoring - INFO - Données fusionnées : (1500, 19)
2025-12-22 22:25:17 - client_scoring - INFO - Nettoyage colonne CLUSTER_GLOBAL
2025-12-22 22:25:17 - client_scoring - INFO - Validation groupby réussie : 10 groupes
2025-12-22 22:25:17 - client_scoring - INFO - Clients clusterisés retenus : 1500
2025-12-22 22:25:17 - client_scoring - INFO - Clusters uniques : 10
2025-12-22 22:25:17 - client_scoring - INFO - Préparation données financières
2025-12-22 22:25:17 - client_scoring - INFO - Colonnes PNB disponibles : ['PNB_COLL', 'PNB_CRED', 'PNB_SERV', 'PNB_ASSU']
2025-12-22 22:25:17 - client_scoring - WARNING - Variable EP_LIQUIDE non trouvée - valeur par défaut : 0
2025-12-22 22:25:17 - client_scoring - WARNING - Variable EP_STABLE non trouvée - valeur par défaut : 0
2025-12-22 22:25:17 - client_scoring - WARNING - Variable SLD_DAV non trouvée - valeur par défaut : 0
2025-12-22 22:25:17 - client_scoring - WARNING - Variable détention CD_NOTE_UNVRS_ASSU non trouvée - valeur par défaut : 0
2025-12-22 22:25:17 - client_scoring - INFO - Variable détention CD_NOTE_UNVRS_CRED préparée
2025-12-22 22:25:17 - client_scoring - WARNING - Variable détention CD_NOTE_UNVRS_EPRGN non trouvée - valeur par défaut : 0
2025-12-22 22:25:17 - client_scoring - WARNING - Variable détention CD_NOTE_UNVRS_SERV non trouvée - valeur par défaut : 0
2025-12-22 22:25:17 - client_scoring - WARNING - Variable détention CD_NOTE_POIDS_UNVRS non trouvée - valeur par défaut : 0
2025-12-22 22:25:17 - client_scoring - INFO - Calcul pondération et normalisation PNB par cluster
2025-12-22 22:25:17 - client_scoring - INFO - Score client calculé avec 4 composantes
2025-12-22 22:25:17 - client_scoring - INFO - Calcul potentiels clients (top 25% par cluster)
2025-12-22 22:25:17 - client_scoring - INFO - Potentiels calculés basés sur 372 clients top 25%
2025-12-22 22:25:17 - client_scoring - INFO - Calcul segmentation finale
2025-12-22 22:25:17 - client_scoring - INFO - === MÉTRIQUES DE QUALITÉ SCORING ===
2025-12-22 22:25:17 - client_scoring - INFO - Clients scorés : 1,500
2025-12-22 22:25:17 - client_scoring - INFO - Clusters analysés : 10
2025-12-22 22:25:17 - client_scoring - INFO - Score client moyen : 0.549
2025-12-22 22:25:17 - client_scoring - INFO - Potentiel total : 3,630,108€
2025-12-22 22:25:17 - client_scoring - INFO - Potentiel moyen/client : 2,420€
2025-12-22 22:25:17 - client_scoring - INFO - Couverture scoring : 100.0%
2025-12-22 22:25:17 - client_scoring - INFO - Couverture potentiel : 95.2%
2025-12-22 22:25:17 - client_scoring - INFO - Distribution segments :
2025-12-22 22:25:17 - client_scoring - INFO -   - A developper: 561 clients (37.4%)
2025-12-22 22:25:17 - client_scoring - INFO -   - A stimuler: 460 clients (30.7%)
2025-12-22 22:25:17 - client_scoring - INFO -   - A construire: 376 clients (25.1%)
2025-12-22 22:25:17 - client_scoring - INFO -   - A entretenir: 103 clients (6.9%)
2025-12-22 22:25:17 - client_scoring - INFO - Top 3 clusters par potentiel moyen :
2025-12-22 22:25:17 - client_scoring - INFO -   - 33-37_C0: 2,830€ (162 clients)
2025-12-22 22:25:17 - client_scoring - INFO -   - 43-47_C0: 2,825€ (193 clients)
2025-12-22 22:25:17 - client_scoring - INFO -   - 63+_C0: 2,781€ (160 clients)
2025-12-22 22:25:17 - client_scoring - INFO - Scoring terminé en 0.09s - 1500 clients scorés
2025-12-22 22:25:17 - client_scoring - INFO - ClientScoringEngine initialisé - Top clients: 25.0%
2025-12-22 22:25:17 - client_scoring - INFO - Début calcul scores clients intra-cluster
2025-12-22 22:25:17 - client_scoring - INFO - Données clusterisées : (1500, 12)
2025-12-22 22:25:17 - client_scoring - INFO - Données financières : (1500, 8)
2025-12-22 22:25:17 - client_scoring - INFO - Données fusionnées : (1500, 19)
2025-12-22 22:25:17 - client_scoring - INFO - Nettoyage colonne CLUSTER_GLOBAL
2025-12-22 22:25:17 - client_scoring - INFO - Validation groupby réussie : 10 groupes
2025-12-22 22:25:17 - client_scoring - INFO - Clients clusterisés retenus : 1500
2025-12-22 22:25:17 - client_scoring - INFO - Clusters uniques : 10
2025-12-22 22:25:17 - client_scoring - INFO - Préparation données financières
2025-12-22 22:25:17 - client_scoring - INFO - Colonnes PNB disponibles : ['PNB_COLL', 'PNB_CRED', 'PNB_SERV', 'PNB_ASSU']
2025-12-22 22:25:17 - client_scoring - WARNING - Variable EP_LIQUIDE non trouvée - valeur par défaut : 0
2025-12-22 22:25:17 - client_scoring - WARNING - Variable EP_STABLE non trouvée - valeur par défaut : 0
2025-12-22 22:25:17 - client_scoring - WARNING - Variable SLD_DAV non trouvée - valeur par défaut : 0
2025-12-22 22:25:17 - client_scoring - WARNING - Variable détention CD_NOTE_UNVRS_ASSU non trouvée - valeur par défaut : 0
2025-12-22 22:25:17 - client_scoring - INFO - Variable détention CD_NOTE_UNVRS_CRED préparée
2025-12-22 22:25:17 - client_scoring - WARNING - Variable détention CD_NOTE_UNVRS_EPRGN non trouvée - valeur par défaut : 0
2025-12-22 22:25:17 - client_scoring - WARNING - Variable détention CD_NOTE_UNVRS_SERV non trouvée - valeur par défaut : 0
2025-12-22 22:25:17 - client_scoring - WARNING - Variable détention CD_NOTE_POIDS_UNVRS non trouvée - valeur par défaut : 0
2025-12-22 22:25:17 - client_scoring - INFO - Calcul pondération et normalisation PNB par cluster
2025-12-22 22:25:17 - client_scoring - INFO - Score client calculé avec 4 composantes
2025-12-22 22:25:17 - client_scoring - INFO - Calcul potentiels clients (top 25% par cluster)
2025-12-22 22:25:17 - client_scoring - INFO - Potentiels calculés basés sur 372 clients top 25%
2025-12-22 22:25:17 - client_scoring - INFO - Calcul segmentation finale
2025-12-22 22:25:17 - client_scoring - INFO - === MÉTRIQUES DE QUALITÉ SCORING ===
2025-12-22 22:25:17 - client_scoring - INFO - Clients scorés : 1,500
2025-12-22 22:25:17 - client_scoring - INFO - Clusters analysés : 10
2025-12-22 22:25:17 - client_scoring - INFO - Score client moyen : 0.549
2025-12-22 22:25:17 - client_scoring - INFO - Potentiel total : 3,630,108€
2025-12-22 22:25:17 - client_scoring - INFO - Potentiel moyen/client : 2,420€
2025-12-22 22:25:17 - client_scoring - INFO - Couverture scoring : 100.0%
2025-12-22 22:25:17 - client_scoring - INFO - Couverture potentiel : 95.2%
2025-12-22 22:25:17 - client_scoring - INFO - Distribution segments :
2025-12-22 22:25:17 - client_scoring - INFO -   - A developper: 561 clients (37.4%)
2025-12-22 22:25:17 - client_scoring - INFO -   - A stimuler: 460 clients (30.7%)
2025-12-22 22:25:17 - client_scoring - INFO -   - A construire: 376 clients (25.1%)
2025-12-22 22:25:17 - client_scoring - INFO -   - A entretenir: 103 clients (6.9%)
2025-12-22 22:25:17 - client_scoring - INFO - Top 3 clusters par potentiel moyen :
2025-12-22 22:25:17 - client_scoring - INFO -   - 33-37_C0: 2,830€ (162 clients)
2025-12-22 22:25:17 - client_scoring - INFO -   - 43-47_C0: 2,825€ (193 clients)
2025-12-22 22:25:17 - client_scoring - INFO -   - 63+_C0: 2,781€ (160 clients)
2025-12-22 22:25:17 - client_scoring - INFO - Scoring terminé en 0.18s - 1500 clients scorés
2025-12-22 22:25:17 - client_scoring - INFO - ClientScoringEngine initialisé - Top clients: 25.0%
2025-12-22 22:25:17 - client_scoring - INFO - Début calcul scores clients intra-cluster
2025-12-22 22:25:17 - client_scoring - INFO - Données clusterisées : (1500, 12)
2025-12-22 22:25:17 - client_scoring - INFO - Données financières : (1500, 8)
2025-12-22 22:25:17 - client_scoring - INFO - Données fusionnées : (1500, 19)
2025-12-22 22:25:17 - client_scoring - INFO - Nettoyage colonne CLUSTER_GLOBAL
2025-12-22 22:25:17 - client_scoring - INFO - Validation groupby réussie : 10 groupes
2025-12-22 22:25:17 - client_scoring - INFO - Clients clusterisés retenus : 1500
2025-12-22 22:25:17 - client_scoring - INFO - Clusters uniques : 10
2025-12-22 22:25:17 - client_scoring - INFO - Préparation données financières
2025-12-22 22:25:17 - client_scoring - INFO - Colonnes PNB disponibles : ['PNB_COLL', 'PNB_CRED', 'PNB_SERV', 'PNB_ASSU']
2025-12-22 22:25:17 - client_scoring - WARNING - Variable EP_LIQUIDE non trouvée - valeur par défaut : 0
2025-12-22 22:25:17 - client_scoring - WARNING - Variable EP_STABLE non trouvée - valeur par défaut : 0
2025-12-22 22:25:17 - client_scoring - WARNING - Variable SLD_DAV non trouvée - valeur par défaut : 0
2025-12-22 22:25:17 - client_scoring - WARNING - Variable détention CD_NOTE_UNVRS_ASSU non trouvée - valeur par défaut : 0
2025-12-22 22:25:17 - client_scoring - INFO - Variable détention CD_NOTE_UNVRS_CRED préparée
2025-12-22 22:25:17 - client_scoring - WARNING - Variable détention CD_NOTE_UNVRS_EPRGN non trouvée - valeur par défaut : 0
2025-12-22 22:25:17 - client_scoring - WARNING - Variable détention CD_NOTE_UNVRS_SERV non trouvée - valeur par défaut : 0
2025-12-22 22:25:17 - client_scoring - WARNING - Variable détention CD_NOTE_POIDS_UNVRS non trouvée - valeur par défaut : 0
2025-12-22 22:25:17 - client_scoring - INFO - Calcul pondération et normalisation PNB par cluster
2025-12-22 22:25:17 - client_scoring - INFO - Score client calculé avec 4 composantes
2025-12-22 22:25:17 - client_scoring - INFO - Calcul potentiels clients (top 25% par cluster)
2025-12-22 22:25:17 - client_scoring - INFO - Potentiels calculés basés sur 372 clients top 25%
2025-12-22 22:25:17 - client_scoring - INFO - Calcul segmentation finale
2025-12-22 22:25:17 - client_scoring - INFO - === MÉTRIQUES DE QUALITÉ SCORING ===
2025-12-22 22:25:17 - client_scoring - INFO - Clients scorés : 1,500
2025-12-22 22:25:17 - client_scoring - INFO - Clusters analysés : 10
2025-12-22 22:25:17 - client_scoring - INFO - Score client moyen : 0.549
2025-12-22 22:25:17 - client_scoring - INFO - Potentiel total : 3,630,108€
2025-12-22 22:25:17 - client_scoring - INFO - Potentiel moyen/client : 2,420€
2025-12-22 22:25:17 - client_scoring - INFO - Couverture scoring : 100.0%
2025-12-22 22:25:17 - client_scoring - INFO - Couverture potentiel : 95.2%
2025-12-22 22:25:17 - client_scoring - INFO - Distribution segments :
2025-12-22 22:25:17 - client_scoring - INFO -   - A developper: 561 clients (37.4%)
2025-12-22 22:25:17 - client_scoring - INFO -   - A stimuler: 460 clients (30.7%)
2025-12-22 22:25:17 - client_scoring - INFO -   - A construire: 376 clients (25.1%)
2025-12-22 22:25:17 - client_scoring - INFO -   - A entretenir: 103 clients (6.9%)
2025-12-22 22:25:17 - client_scoring - INFO - Top 3 clusters par potentiel moyen :
2025-12-22 22:25:17 - client_scoring - INFO -   - 33-37_C0: 2,830€ (162 clients)
2025-12-22 22:25:17 - client_scoring - INFO -   - 43-47_C0: 2,825€ (193 clients)
2025-12-22 22:25:17 - client_scoring - INFO -   - 63+_C0: 2,781€ (160 clients)
2025-12-22 22:25:17 - client_scoring - INFO - Scoring terminé en 0.09s - 1500 clients scorés
2025-12-22 22:25:17 - client_scoring - INFO - ClientScoringEngine initialisé - Top clients: 25.0%
2025-12-22 22:25:17 - client_scoring - INFO - Début calcul scores clients intra-cluster
2025-12-22 22:25:17 - client_scoring - INFO - Données clusterisées : (0, 5)
2025-12-22 22:25:17 - client_scoring - INFO - Données financières : (0, 6)
2025-12-22 22:25:17 - client_scoring - INFO - Données fusionnées : (0, 10)
2025-12-22 22:25:17 - client_scoring - INFO - Nettoyage colonne CLUSTER_GLOBAL
2025-12-22 22:25:17 - client_scoring - INFO - Validation groupby réussie : 0 groupes
2025-12-22 22:25:17 - client_scoring - INFO - Clients clusterisés retenus : 0
2025-12-22 22:25:17 - client_scoring - INFO - Clusters uniques : 0
2025-12-22 22:25:17 - client_scoring - INFO - Préparation données financières
2025-12-22 22:25:17 - client_scoring - INFO - Colonnes PNB disponibles : ['PNB_COLL', 'PNB_CRED', 'PNB_SERV', 'PNB_ASSU']
2025-12-22 22:25:17 - client_scoring - WARNING - Variable EP_LIQUIDE non trouvée - valeur par défaut : 0
2025-12-22 22:25:17 - client_scoring - WARNING - Variable EP_STABLE non trouvée - valeur par défaut : 0
2025-12-22 22:25:17 - client_scoring - WARNING - Variable SLD_DAV non trouvée - valeur par défaut : 0
2025-12-22 22:25:17 - client_scoring - WARNING - Variable CD_NOTE_MIRE non trouvée - valeur par défaut : 0
2025-12-22 22:25:17 - client_scoring - WARNING - Variable détention CD_NOTE_UNVRS_ASSU non trouvée - valeur par défaut : 0
2025-12-22 22:25:17 - client_scoring - WARNING - Variable détention CD_NOTE_UNVRS_CRED non trouvée - valeur par défaut : 0
2025-12-22 22:25:17 - client_scoring - WARNING - Variable détention CD_NOTE_UNVRS_EPRGN non trouvée - valeur par défaut : 0
2025-12-22 22:25:17 - client_scoring - WARNING - Variable détention CD_NOTE_UNVRS_SERV non trouvée - valeur par défaut : 0
2025-12-22 22:25:17 - client_scoring - WARNING - Variable détention CD_NOTE_POIDS_UNVRS non trouvée - valeur par défaut : 0
2025-12-22 22:25:17 - client_scoring - INFO - Calcul pondération et normalisation PNB par cluster
2025-12-22 22:25:17 - client_scoring - INFO - Score client calculé avec 4 composantes
2025-12-22 22:25:17 - client_scoring - INFO - Calcul potentiels clients (top 25% par cluster)
2025-12-22 22:25:17 - client_scoring - ERROR - Erreur calcul potentiels: "None of [Index(['I', 'D', '_', 'D', 'W', 'R', '_', 'C', 'L', 'I',\n       ...\n       'I', 'E', 'N', 'T', '_', 'S', 'C', 'O', 'R', 'E'],\n      dtype='object', length=456)] are in the [index]"
2025-12-22 22:25:17 - client_scoring - INFO - Calcul segmentation finale
2025-12-22 22:25:17 - client_scoring - ERROR - Métriques scoring : Aucune donnée pour les métriques
2025-12-22 22:25:17 - client_scoring - INFO - Scoring terminé en 0.03s - 0 clients scorés
2025-12-22 22:25:18 - client_scoring - INFO - ClientScoringEngine initialisé - Top clients: 25.0%
2025-12-22 22:25:18 - client_scoring - INFO - Début calcul scores clients intra-cluster
2025-12-22 22:25:18 - client_scoring - INFO - Données clusterisées : (2000, 12)
2025-12-22 22:25:18 - client_scoring - INFO - Données financières : (2000, 8)
2025-12-22 22:25:18 - client_scoring - INFO - Données fusionnées : (2000, 19)
2025-12-22 22:25:18 - client_scoring - INFO - Nettoyage colonne CLUSTER_GLOBAL
2025-12-22 22:25:18 - client_scoring - INFO - Validation groupby réussie : 10 groupes
2025-12-22 22:25:18 - client_scoring - INFO - Clients clusterisés retenus : 2000
2025-12-22 22:25:18 - client_scoring - INFO - Clusters uniques : 10
2025-12-22 22:25:18 - client_scoring - INFO - Préparation données financières
2025-12-22 22:25:18 - client_scoring - INFO - Colonnes PNB disponibles : ['PNB_COLL', 'PNB_CRED', 'PNB_SERV', 'PNB_ASSU']
2025-12-22 22:25:18 - client_scoring - WARNING - Variable EP_LIQUIDE non trouvée - valeur par défaut : 0
2025-12-22 22:25:18 - client_scoring - WARNING - Variable EP_STABLE non trouvée - valeur par défaut : 0
2025-12-22 22:25:18 - client_scoring - WARNING - Variable SLD_DAV non trouvée - valeur par défaut : 0
2025-12-22 22:25:18 - client_scoring - WARNING - Variable détention CD_NOTE_UNVRS_ASSU non trouvée - valeur par défaut : 0
2025-12-22 22:25:18 - client_scoring - INFO - Variable détention CD_NOTE_UNVRS_CRED préparée
2025-12-22 22:25:18 - client_scoring - WARNING - Variable détention CD_NOTE_UNVRS_EPRGN non trouvée - valeur par défaut : 0
2025-12-22 22:25:18 - client_scoring - WARNING - Variable détention CD_NOTE_UNVRS_SERV non trouvée - valeur par défaut : 0
2025-12-22 22:25:18 - client_scoring - WARNING - Variable détention CD_NOTE_POIDS_UNVRS non trouvée - valeur par défaut : 0
2025-12-22 22:25:18 - client_scoring - INFO - Calcul pondération et normalisation PNB par cluster
2025-12-22 22:25:18 - client_scoring - INFO - Score client calculé avec 4 composantes
2025-12-22 22:25:18 - client_scoring - INFO - Calcul potentiels clients (top 25% par cluster)
2025-12-22 22:25:18 - client_scoring - INFO - Potentiels calculés basés sur 495 clients top 25%
2025-12-22 22:25:18 - client_scoring - INFO - Calcul segmentation finale
2025-12-22 22:25:18 - client_scoring - INFO - === MÉTRIQUES DE QUALITÉ SCORING ===
2025-12-22 22:25:18 - client_scoring - INFO - Clients scorés : 2,000
2025-12-22 22:25:18 - client_scoring - INFO - Clusters analysés : 10
2025-12-22 22:25:18 - client_scoring - INFO - Score client moyen : 0.564
2025-12-22 22:25:18 - client_scoring - INFO - Potentiel total : 4,029,085€
2025-12-22 22:25:18 - client_scoring - INFO - Potentiel moyen/client : 2,015€
2025-12-22 22:25:18 - client_scoring - INFO - Couverture scoring : 100.0%
2025-12-22 22:25:18 - client_scoring - INFO - Couverture potentiel : 94.8%
2025-12-22 22:25:18 - client_scoring - INFO - Distribution segments :
2025-12-22 22:25:18 - client_scoring - INFO -   - A developper: 758 clients (37.9%)
2025-12-22 22:25:18 - client_scoring - INFO -   - A stimuler: 611 clients (30.6%)
2025-12-22 22:25:18 - client_scoring - INFO -   - A construire: 502 clients (25.1%)
2025-12-22 22:25:18 - client_scoring - INFO -   - A entretenir: 129 clients (6.5%)
2025-12-22 22:25:18 - client_scoring - INFO - Top 3 clusters par potentiel moyen :
2025-12-22 22:25:18 - client_scoring - INFO -   - 53-57_C0: 2,666€ (211 clients)
2025-12-22 22:25:18 - client_scoring - INFO -   - 48-52_C0: 2,198€ (257 clients)
2025-12-22 22:25:18 - client_scoring - INFO -   - 58-62_C0: 2,172€ (163 clients)
2025-12-22 22:25:18 - client_scoring - INFO - Scoring terminé en 0.11s - 2000 clients scorés
2025-12-22 22:25:19 - client_scoring - INFO - ClientScoringEngine initialisé - Top clients: 25.0%
2025-12-22 22:25:19 - client_scoring - INFO - Début calcul scores clients intra-cluster
2025-12-22 22:25:19 - client_scoring - INFO - Données clusterisées : (2000, 12)
2025-12-22 22:25:19 - client_scoring - INFO - Données financières : (2000, 8)
2025-12-22 22:25:19 - client_scoring - INFO - Données fusionnées : (2000, 19)
2025-12-22 22:25:19 - client_scoring - INFO - Nettoyage colonne CLUSTER_GLOBAL
2025-12-22 22:25:19 - client_scoring - INFO - Validation groupby réussie : 10 groupes
2025-12-22 22:25:19 - client_scoring - INFO - Clients clusterisés retenus : 2000
2025-12-22 22:25:19 - client_scoring - INFO - Clusters uniques : 10
2025-12-22 22:25:19 - client_scoring - INFO - Préparation données financières
2025-12-22 22:25:19 - client_scoring - INFO - Colonnes PNB disponibles : ['PNB_COLL', 'PNB_CRED', 'PNB_SERV', 'PNB_ASSU']
2025-12-22 22:25:19 - client_scoring - WARNING - Variable EP_LIQUIDE non trouvée - valeur par défaut : 0
2025-12-22 22:25:19 - client_scoring - WARNING - Variable EP_STABLE non trouvée - valeur par défaut : 0
2025-12-22 22:25:19 - client_scoring - WARNING - Variable SLD_DAV non trouvée - valeur par défaut : 0
2025-12-22 22:25:19 - client_scoring - WARNING - Variable détention CD_NOTE_UNVRS_ASSU non trouvée - valeur par défaut : 0
2025-12-22 22:25:19 - client_scoring - INFO - Variable détention CD_NOTE_UNVRS_CRED préparée
2025-12-22 22:25:19 - client_scoring - WARNING - Variable détention CD_NOTE_UNVRS_EPRGN non trouvée - valeur par défaut : 0
2025-12-22 22:25:19 - client_scoring - WARNING - Variable détention CD_NOTE_UNVRS_SERV non trouvée - valeur par défaut : 0
2025-12-22 22:25:19 - client_scoring - WARNING - Variable détention CD_NOTE_POIDS_UNVRS non trouvée - valeur par défaut : 0
2025-12-22 22:25:19 - client_scoring - INFO - Calcul pondération et normalisation PNB par cluster
2025-12-22 22:25:19 - client_scoring - INFO - Score client calculé avec 4 composantes
2025-12-22 22:25:19 - client_scoring - INFO - Calcul potentiels clients (top 25% par cluster)
2025-12-22 22:25:19 - client_scoring - INFO - Potentiels calculés basés sur 495 clients top 25%
2025-12-22 22:25:19 - client_scoring - INFO - Calcul segmentation finale
2025-12-22 22:25:20 - client_scoring - INFO - === MÉTRIQUES DE QUALITÉ SCORING ===
2025-12-22 22:25:20 - client_scoring - INFO - Clients scorés : 2,000
2025-12-22 22:25:20 - client_scoring - INFO - Clusters analysés : 10
2025-12-22 22:25:20 - client_scoring - INFO - Score client moyen : 0.564
2025-12-22 22:25:20 - client_scoring - INFO - Potentiel total : 4,029,085€
2025-12-22 22:25:20 - client_scoring - INFO - Potentiel moyen/client : 2,015€
2025-12-22 22:25:20 - client_scoring - INFO - Couverture scoring : 100.0%
2025-12-22 22:25:20 - client_scoring - INFO - Couverture potentiel : 94.8%
2025-12-22 22:25:20 - client_scoring - INFO - Distribution segments :
2025-12-22 22:25:20 - client_scoring - INFO -   - A developper: 758 clients (37.9%)
2025-12-22 22:25:20 - client_scoring - INFO -   - A stimuler: 611 clients (30.6%)
2025-12-22 22:25:20 - client_scoring - INFO -   - A construire: 502 clients (25.1%)
2025-12-22 22:25:20 - client_scoring - INFO -   - A entretenir: 129 clients (6.5%)
2025-12-22 22:25:20 - client_scoring - INFO - Top 3 clusters par potentiel moyen :
2025-12-22 22:25:20 - client_scoring - INFO -   - 53-57_C0: 2,666€ (211 clients)
2025-12-22 22:25:20 - client_scoring - INFO -   - 48-52_C0: 2,198€ (257 clients)
2025-12-22 22:25:20 - client_scoring - INFO -   - 58-62_C0: 2,172€ (163 clients)
2025-12-22 22:25:20 - client_scoring - INFO - Scoring terminé en 0.12s - 2000 clients scorés
2025-12-22 22:25:20 - client_scoring - INFO - ClientScoringEngine initialisé - Top clients: 25.0%
2025-12-22 22:25:20 - client_scoring - INFO - Début calcul scores clients intra-cluster
2025-12-22 22:25:20 - client_scoring - INFO - Données clusterisées : (2000, 12)
2025-12-22 22:25:20 - client_scoring - INFO - Données financières : (2000, 8)
2025-12-22 22:25:20 - client_scoring - INFO - Données fusionnées : (2000, 19)
2025-12-22 22:25:20 - client_scoring - INFO - Nettoyage colonne CLUSTER_GLOBAL
2025-12-22 22:25:20 - client_scoring - INFO - Validation groupby réussie : 10 groupes
2025-12-22 22:25:20 - client_scoring - INFO - Clients clusterisés retenus : 2000
2025-12-22 22:25:20 - client_scoring - INFO - Clusters uniques : 10
2025-12-22 22:25:20 - client_scoring - INFO - Préparation données financières
2025-12-22 22:25:20 - client_scoring - INFO - Colonnes PNB disponibles : ['PNB_COLL', 'PNB_CRED', 'PNB_SERV', 'PNB_ASSU']
2025-12-22 22:25:20 - client_scoring - WARNING - Variable EP_LIQUIDE non trouvée - valeur par défaut : 0
2025-12-22 22:25:20 - client_scoring - WARNING - Variable EP_STABLE non trouvée - valeur par défaut : 0
2025-12-22 22:25:20 - client_scoring - WARNING - Variable SLD_DAV non trouvée - valeur par défaut : 0
2025-12-22 22:25:20 - client_scoring - WARNING - Variable détention CD_NOTE_UNVRS_ASSU non trouvée - valeur par défaut : 0
2025-12-22 22:25:20 - client_scoring - INFO - Variable détention CD_NOTE_UNVRS_CRED préparée
2025-12-22 22:25:20 - client_scoring - WARNING - Variable détention CD_NOTE_UNVRS_EPRGN non trouvée - valeur par défaut : 0
2025-12-22 22:25:20 - client_scoring - WARNING - Variable détention CD_NOTE_UNVRS_SERV non trouvée - valeur par défaut : 0
2025-12-22 22:25:20 - client_scoring - WARNING - Variable détention CD_NOTE_POIDS_UNVRS non trouvée - valeur par défaut : 0
2025-12-22 22:25:20 - client_scoring - INFO - Calcul pondération et normalisation PNB par cluster
2025-12-22 22:25:20 - client_scoring - INFO - Score client calculé avec 4 composantes
2025-12-22 22:25:20 - client_scoring - INFO - Calcul potentiels clients (top 25% par cluster)
2025-12-22 22:25:20 - client_scoring - INFO - Potentiels calculés basés sur 495 clients top 25%
2025-12-22 22:25:20 - client_scoring - INFO - Calcul segmentation finale
2025-12-22 22:25:20 - client_scoring - INFO - === MÉTRIQUES DE QUALITÉ SCORING ===
2025-12-22 22:25:20 - client_scoring - INFO - Clients scorés : 2,000
2025-12-22 22:25:20 - client_scoring - INFO - Clusters analysés : 10
2025-12-22 22:25:20 - client_scoring - INFO - Score client moyen : 0.564
2025-12-22 22:25:20 - client_scoring - INFO - Potentiel total : 4,029,085€
2025-12-22 22:25:20 - client_scoring - INFO - Potentiel moyen/client : 2,015€
2025-12-22 22:25:20 - client_scoring - INFO - Couverture scoring : 100.0%
2025-12-22 22:25:20 - client_scoring - INFO - Couverture potentiel : 94.8%
2025-12-22 22:25:20 - client_scoring - INFO - Distribution segments :
2025-12-22 22:25:20 - client_scoring - INFO -   - A developper: 758 clients (37.9%)
2025-12-22 22:25:20 - client_scoring - INFO -   - A stimuler: 611 clients (30.6%)
2025-12-22 22:25:20 - client_scoring - INFO -   - A construire: 502 clients (25.1%)
2025-12-22 22:25:20 - client_scoring - INFO -   - A entretenir: 129 clients (6.5%)
2025-12-22 22:25:20 - client_scoring - INFO - Top 3 clusters par potentiel moyen :
2025-12-22 22:25:20 - client_scoring - INFO -   - 53-57_C0: 2,666€ (211 clients)
2025-12-22 22:25:20 - client_scoring - INFO -   - 48-52_C0: 2,198€ (257 clients)
2025-12-22 22:25:20 - client_scoring - INFO -   - 58-62_C0: 2,172€ (163 clients)
2025-12-22 22:25:20 - client_scoring - INFO - Scoring terminé en 0.11s - 2000 clients scorés
2025-12-22 22:25:20 - client_scoring - INFO - ClientScoringEngine initialisé - Top clients: 25.0%
2025-12-22 22:25:20 - client_scoring - INFO - Début calcul scores clients intra-cluster
2025-12-22 22:25:20 - client_scoring - INFO - Données clusterisées : (200, 12)
2025-12-22 22:25:20 - client_scoring - INFO - Données financières : (2000, 8)
2025-12-22 22:25:20 - client_scoring - INFO - Données fusionnées : (200, 19)
2025-12-22 22:25:20 - client_scoring - INFO - Nettoyage colonne CLUSTER_GLOBAL
2025-12-22 22:25:20 - client_scoring - INFO - Validation groupby réussie : 10 groupes
2025-12-22 22:25:20 - client_scoring - INFO - Clients clusterisés retenus : 200
2025-12-22 22:25:20 - client_scoring - INFO - Clusters uniques : 10
2025-12-22 22:25:20 - client_scoring - INFO - Préparation données financières
2025-12-22 22:25:20 - client_scoring - INFO - Colonnes PNB disponibles : ['PNB_COLL', 'PNB_CRED', 'PNB_SERV', 'PNB_ASSU']
2025-12-22 22:25:20 - client_scoring - WARNING - Variable EP_LIQUIDE non trouvée - valeur par défaut : 0
2025-12-22 22:25:20 - client_scoring - WARNING - Variable EP_STABLE non trouvée - valeur par défaut : 0
2025-12-22 22:25:20 - client_scoring - WARNING - Variable SLD_DAV non trouvée - valeur par défaut : 0
2025-12-22 22:25:20 - client_scoring - WARNING - Variable détention CD_NOTE_UNVRS_ASSU non trouvée - valeur par défaut : 0
2025-12-22 22:25:20 - client_scoring - INFO - Variable détention CD_NOTE_UNVRS_CRED préparée
2025-12-22 22:25:20 - client_scoring - WARNING - Variable détention CD_NOTE_UNVRS_EPRGN non trouvée - valeur par défaut : 0
2025-12-22 22:25:20 - client_scoring - WARNING - Variable détention CD_NOTE_UNVRS_SERV non trouvée - valeur par défaut : 0
2025-12-22 22:25:20 - client_scoring - WARNING - Variable détention CD_NOTE_POIDS_UNVRS non trouvée - valeur par défaut : 0
2025-12-22 22:25:20 - client_scoring - INFO - Calcul pondération et normalisation PNB par cluster
2025-12-22 22:25:20 - client_scoring - INFO - Score client calculé avec 4 composantes
2025-12-22 22:25:20 - client_scoring - INFO - Calcul potentiels clients (top 25% par cluster)
2025-12-22 22:25:20 - client_scoring - INFO - Potentiels calculés basés sur 47 clients top 25%
2025-12-22 22:25:20 - client_scoring - INFO - Calcul segmentation finale
2025-12-22 22:25:20 - client_scoring - INFO - === MÉTRIQUES DE QUALITÉ SCORING ===
2025-12-22 22:25:20 - client_scoring - INFO - Clients scorés : 200
2025-12-22 22:25:20 - client_scoring - INFO - Clusters analysés : 10
2025-12-22 22:25:20 - client_scoring - INFO - Score client moyen : 0.433
2025-12-22 22:25:20 - client_scoring - INFO - Potentiel total : 439,705€
2025-12-22 22:25:20 - client_scoring - INFO - Potentiel moyen/client : 2,199€
2025-12-22 22:25:20 - client_scoring - INFO - Couverture scoring : 100.0%
2025-12-22 22:25:20 - client_scoring - INFO - Couverture potentiel : 93.5%
2025-12-22 22:25:20 - client_scoring - INFO - Distribution segments :
2025-12-22 22:25:20 - client_scoring - INFO -   - A stimuler: 72 clients (36.0%)
2025-12-22 22:25:20 - client_scoring - INFO -   - A developper: 66 clients (33.0%)
2025-12-22 22:25:20 - client_scoring - INFO -   - A construire: 52 clients (26.0%)
2025-12-22 22:25:20 - client_scoring - INFO -   - A entretenir: 10 clients (5.0%)
2025-12-22 22:25:20 - client_scoring - INFO - Top 3 clusters par potentiel moyen :
2025-12-22 22:25:20 - client_scoring - INFO -   - 18-22_C0: 3,976€ (10 clients)
2025-12-22 22:25:20 - client_scoring - INFO -   - 58-62_C0: 3,324€ (17 clients)
2025-12-22 22:25:20 - client_scoring - INFO -   - 53-57_C0: 3,122€ (17 clients)
2025-12-22 22:25:20 - client_scoring - INFO - Scoring terminé en 0.07s - 200 clients scorés
2025-12-22 22:25:21 - client_scoring - INFO - ClientScoringEngine initialisé - Top clients: 25.0%
2025-12-22 22:25:21 - client_scoring - INFO - Début calcul scores clients intra-cluster
2025-12-22 22:25:21 - client_scoring - INFO - Données clusterisées : (2000, 12)
2025-12-22 22:25:21 - client_scoring - INFO - Données financières : (2000, 8)
2025-12-22 22:25:21 - client_scoring - INFO - Données fusionnées : (2000, 19)
2025-12-22 22:25:21 - client_scoring - INFO - Nettoyage colonne CLUSTER_GLOBAL
2025-12-22 22:25:21 - client_scoring - INFO - Validation groupby réussie : 10 groupes
2025-12-22 22:25:21 - client_scoring - INFO - Clients clusterisés retenus : 2000
2025-12-22 22:25:21 - client_scoring - INFO - Clusters uniques : 10
2025-12-22 22:25:21 - client_scoring - INFO - Préparation données financières
2025-12-22 22:25:21 - client_scoring - INFO - Colonnes PNB disponibles : ['PNB_COLL', 'PNB_CRED', 'PNB_SERV', 'PNB_ASSU']
2025-12-22 22:25:21 - client_scoring - WARNING - Variable EP_LIQUIDE non trouvée - valeur par défaut : 0
2025-12-22 22:25:21 - client_scoring - WARNING - Variable EP_STABLE non trouvée - valeur par défaut : 0
2025-12-22 22:25:21 - client_scoring - WARNING - Variable SLD_DAV non trouvée - valeur par défaut : 0
2025-12-22 22:25:21 - client_scoring - WARNING - Variable détention CD_NOTE_UNVRS_ASSU non trouvée - valeur par défaut : 0
2025-12-22 22:25:21 - client_scoring - INFO - Variable détention CD_NOTE_UNVRS_CRED préparée
2025-12-22 22:25:21 - client_scoring - WARNING - Variable détention CD_NOTE_UNVRS_EPRGN non trouvée - valeur par défaut : 0
2025-12-22 22:25:21 - client_scoring - WARNING - Variable détention CD_NOTE_UNVRS_SERV non trouvée - valeur par défaut : 0
2025-12-22 22:25:21 - client_scoring - WARNING - Variable détention CD_NOTE_POIDS_UNVRS non trouvée - valeur par défaut : 0
2025-12-22 22:25:21 - client_scoring - INFO - Calcul pondération et normalisation PNB par cluster
2025-12-22 22:25:21 - client_scoring - INFO - Score client calculé avec 4 composantes
2025-12-22 22:25:21 - client_scoring - INFO - Calcul potentiels clients (top 25% par cluster)
2025-12-22 22:25:21 - client_scoring - INFO - Potentiels calculés basés sur 495 clients top 25%
2025-12-22 22:25:21 - client_scoring - INFO - Calcul segmentation finale
2025-12-22 22:25:21 - client_scoring - INFO - === MÉTRIQUES DE QUALITÉ SCORING ===
2025-12-22 22:25:21 - client_scoring - INFO - Clients scorés : 2,000
2025-12-22 22:25:21 - client_scoring - INFO - Clusters analysés : 10
2025-12-22 22:25:21 - client_scoring - INFO - Score client moyen : 0.564
2025-12-22 22:25:21 - client_scoring - INFO - Potentiel total : 4,029,085€
2025-12-22 22:25:21 - client_scoring - INFO - Potentiel moyen/client : 2,015€
2025-12-22 22:25:21 - client_scoring - INFO - Couverture scoring : 100.0%
2025-12-22 22:25:21 - client_scoring - INFO - Couverture potentiel : 94.8%
2025-12-22 22:25:21 - client_scoring - INFO - Distribution segments :
2025-12-22 22:25:21 - client_scoring - INFO -   - A developper: 758 clients (37.9%)
2025-12-22 22:25:21 - client_scoring - INFO -   - A stimuler: 611 clients (30.6%)
2025-12-22 22:25:21 - client_scoring - INFO -   - A construire: 502 clients (25.1%)
2025-12-22 22:25:21 - client_scoring - INFO -   - A entretenir: 129 clients (6.5%)
2025-12-22 22:25:21 - client_scoring - INFO - Top 3 clusters par potentiel moyen :
2025-12-22 22:25:21 - client_scoring - INFO -   - 53-57_C0: 2,666€ (211 clients)
2025-12-22 22:25:21 - client_scoring - INFO -   - 48-52_C0: 2,198€ (257 clients)
2025-12-22 22:25:21 - client_scoring - INFO -   - 58-62_C0: 2,172€ (163 clients)
2025-12-22 22:25:21 - client_scoring - INFO - Scoring terminé en 0.15s - 2000 clients scorés
2025-12-22 22:25:22 - client_scoring - INFO - ClientScoringEngine initialisé - Top clients: 25.0%
2025-12-22 22:25:22 - client_scoring - INFO - Début calcul scores clients intra-cluster
2025-12-22 22:25:22 - client_scoring - INFO - Données clusterisées : (2000, 12)
2025-12-22 22:25:22 - client_scoring - INFO - Données financières : (2000, 8)
2025-12-22 22:25:22 - client_scoring - INFO - Données fusionnées : (2000, 19)
2025-12-22 22:25:22 - client_scoring - INFO - Nettoyage colonne CLUSTER_GLOBAL
2025-12-22 22:25:22 - client_scoring - INFO - Validation groupby réussie : 10 groupes
2025-12-22 22:25:22 - client_scoring - INFO - Clients clusterisés retenus : 2000
2025-12-22 22:25:22 - client_scoring - INFO - Clusters uniques : 10
2025-12-22 22:25:22 - client_scoring - INFO - Préparation données financières
2025-12-22 22:25:22 - client_scoring - INFO - Colonnes PNB disponibles : ['PNB_COLL', 'PNB_CRED', 'PNB_SERV', 'PNB_ASSU']
2025-12-22 22:25:22 - client_scoring - WARNING - Variable EP_LIQUIDE non trouvée - valeur par défaut : 0
2025-12-22 22:25:22 - client_scoring - WARNING - Variable EP_STABLE non trouvée - valeur par défaut : 0
2025-12-22 22:25:22 - client_scoring - WARNING - Variable SLD_DAV non trouvée - valeur par défaut : 0
2025-12-22 22:25:22 - client_scoring - WARNING - Variable détention CD_NOTE_UNVRS_ASSU non trouvée - valeur par défaut : 0
2025-12-22 22:25:22 - client_scoring - INFO - Variable détention CD_NOTE_UNVRS_CRED préparée
2025-12-22 22:25:22 - client_scoring - WARNING - Variable détention CD_NOTE_UNVRS_EPRGN non trouvée - valeur par défaut : 0
2025-12-22 22:25:22 - client_scoring - WARNING - Variable détention CD_NOTE_UNVRS_SERV non trouvée - valeur par défaut : 0
2025-12-22 22:25:22 - client_scoring - WARNING - Variable détention CD_NOTE_POIDS_UNVRS non trouvée - valeur par défaut : 0
2025-12-22 22:25:22 - client_scoring - INFO - Calcul pondération et normalisation PNB par cluster
2025-12-22 22:25:22 - client_scoring - INFO - Score client calculé avec 4 composantes
2025-12-22 22:25:22 - client_scoring - INFO - Calcul potentiels clients (top 25% par cluster)
2025-12-22 22:25:22 - client_scoring - INFO - Potentiels calculés basés sur 495 clients top 25%
2025-12-22 22:25:22 - client_scoring - INFO - Calcul segmentation finale
2025-12-22 22:25:22 - client_scoring - INFO - === MÉTRIQUES DE QUALITÉ SCORING ===
2025-12-22 22:25:22 - client_scoring - INFO - Clients scorés : 2,000
2025-12-22 22:25:22 - client_scoring - INFO - Clusters analysés : 10
2025-12-22 22:25:22 - client_scoring - INFO - Score client moyen : 0.564
2025-12-22 22:25:22 - client_scoring - INFO - Potentiel total : 4,029,085€
2025-12-22 22:25:22 - client_scoring - INFO - Potentiel moyen/client : 2,015€
2025-12-22 22:25:22 - client_scoring - INFO - Couverture scoring : 100.0%
2025-12-22 22:25:22 - client_scoring - INFO - Couverture potentiel : 94.8%
2025-12-22 22:25:22 - client_scoring - INFO - Distribution segments :
2025-12-22 22:25:22 - client_scoring - INFO -   - A developper: 758 clients (37.9%)
2025-12-22 22:25:22 - client_scoring - INFO -   - A stimuler: 611 clients (30.6%)
2025-12-22 22:25:22 - client_scoring - INFO -   - A construire: 502 clients (25.1%)
2025-12-22 22:25:22 - client_scoring - INFO -   - A entretenir: 129 clients (6.5%)
2025-12-22 22:25:22 - client_scoring - INFO - Top 3 clusters par potentiel moyen :
2025-12-22 22:25:22 - client_scoring - INFO -   - 53-57_C0: 2,666€ (211 clients)
2025-12-22 22:25:22 - client_scoring - INFO -   - 48-52_C0: 2,198€ (257 clients)
2025-12-22 22:25:22 - client_scoring - INFO -   - 58-62_C0: 2,172€ (163 clients)
2025-12-22 22:25:22 - client_scoring - INFO - Scoring terminé en 0.14s - 2000 clients scorés
2025-12-22 22:25:22 - client_scoring - INFO - ClientScoringEngine initialisé - Top clients: 25.0%
2025-12-22 22:25:22 - client_scoring - INFO - Début calcul scores clients intra-cluster
2025-12-22 22:25:22 - client_scoring - INFO - Données clusterisées : (2000, 12)
2025-12-22 22:25:22 - client_scoring - INFO - Données financières : (2000, 8)
2025-12-22 22:25:22 - client_scoring - INFO - Données fusionnées : (2000, 19)
2025-12-22 22:25:22 - client_scoring - INFO - Nettoyage colonne CLUSTER_GLOBAL
2025-12-22 22:25:22 - client_scoring - INFO - Validation groupby réussie : 10 groupes
2025-12-22 22:25:22 - client_scoring - INFO - Clients clusterisés retenus : 2000
2025-12-22 22:25:22 - client_scoring - INFO - Clusters uniques : 10
2025-12-22 22:25:22 - client_scoring - INFO - Préparation données financières
2025-12-22 22:25:22 - client_scoring - INFO - Colonnes PNB disponibles : ['PNB_COLL', 'PNB_CRED', 'PNB_SERV', 'PNB_ASSU']
2025-12-22 22:25:22 - client_scoring - WARNING - Variable EP_LIQUIDE non trouvée - valeur par défaut : 0
2025-12-22 22:25:22 - client_scoring - WARNING - Variable EP_STABLE non trouvée - valeur par défaut : 0
2025-12-22 22:25:22 - client_scoring - WARNING - Variable SLD_DAV non trouvée - valeur par défaut : 0
2025-12-22 22:25:22 - client_scoring - WARNING - Variable détention CD_NOTE_UNVRS_ASSU non trouvée - valeur par défaut : 0
2025-12-22 22:25:22 - client_scoring - INFO - Variable détention CD_NOTE_UNVRS_CRED préparée
2025-12-22 22:25:22 - client_scoring - WARNING - Variable détention CD_NOTE_UNVRS_EPRGN non trouvée - valeur par défaut : 0
2025-12-22 22:25:22 - client_scoring - WARNING - Variable détention CD_NOTE_UNVRS_SERV non trouvée - valeur par défaut : 0
2025-12-22 22:25:22 - client_scoring - WARNING - Variable détention CD_NOTE_POIDS_UNVRS non trouvée - valeur par défaut : 0
2025-12-22 22:25:22 - client_scoring - INFO - Calcul pondération et normalisation PNB par cluster
2025-12-22 22:25:22 - client_scoring - INFO - Score client calculé avec 4 composantes
2025-12-22 22:25:22 - client_scoring - INFO - Calcul potentiels clients (top 25% par cluster)
2025-12-22 22:25:22 - client_scoring - INFO - Potentiels calculés basés sur 495 clients top 25%
2025-12-22 22:25:22 - client_scoring - INFO - Calcul segmentation finale
2025-12-22 22:25:22 - client_scoring - INFO - === MÉTRIQUES DE QUALITÉ SCORING ===
2025-12-22 22:25:22 - client_scoring - INFO - Clients scorés : 2,000
2025-12-22 22:25:22 - client_scoring - INFO - Clusters analysés : 10
2025-12-22 22:25:22 - client_scoring - INFO - Score client moyen : 0.564
2025-12-22 22:25:22 - client_scoring - INFO - Potentiel total : 4,029,085€
2025-12-22 22:25:22 - client_scoring - INFO - Potentiel moyen/client : 2,015€
2025-12-22 22:25:22 - client_scoring - INFO - Couverture scoring : 100.0%
2025-12-22 22:25:22 - client_scoring - INFO - Couverture potentiel : 94.8%
2025-12-22 22:25:22 - client_scoring - INFO - Distribution segments :
2025-12-22 22:25:22 - client_scoring - INFO -   - A developper: 758 clients (37.9%)
2025-12-22 22:25:22 - client_scoring - INFO -   - A stimuler: 611 clients (30.6%)
2025-12-22 22:25:22 - client_scoring - INFO -   - A construire: 502 clients (25.1%)
2025-12-22 22:25:22 - client_scoring - INFO -   - A entretenir: 129 clients (6.5%)
2025-12-22 22:25:22 - client_scoring - INFO - Top 3 clusters par potentiel moyen :
2025-12-22 22:25:22 - client_scoring - INFO -   - 53-57_C0: 2,666€ (211 clients)
2025-12-22 22:25:22 - client_scoring - INFO -   - 48-52_C0: 2,198€ (257 clients)
2025-12-22 22:25:22 - client_scoring - INFO -   - 58-62_C0: 2,172€ (163 clients)
2025-12-22 22:25:22 - client_scoring - INFO - Scoring terminé en 0.10s - 2000 clients scorés
2025-12-22 22:25:23 - client_scoring - INFO - ClientScoringEngine initialisé - Top clients: 25.0%
2025-12-22 22:25:23 - client_scoring - INFO - Début calcul scores clients intra-cluster
2025-12-22 22:25:23 - client_scoring - INFO - Données clusterisées : (2000, 12)
2025-12-22 22:25:23 - client_scoring - INFO - Données financières : (2000, 8)
2025-12-22 22:25:23 - client_scoring - INFO - Données fusionnées : (2000, 19)
2025-12-22 22:25:23 - client_scoring - INFO - Nettoyage colonne CLUSTER_GLOBAL
2025-12-22 22:25:23 - client_scoring - INFO - Validation groupby réussie : 10 groupes
2025-12-22 22:25:23 - client_scoring - INFO - Clients clusterisés retenus : 2000
2025-12-22 22:25:23 - client_scoring - INFO - Clusters uniques : 10
2025-12-22 22:25:23 - client_scoring - INFO - Préparation données financières
2025-12-22 22:25:23 - client_scoring - INFO - Colonnes PNB disponibles : ['PNB_COLL', 'PNB_CRED', 'PNB_SERV', 'PNB_ASSU']
2025-12-22 22:25:23 - client_scoring - WARNING - Variable EP_LIQUIDE non trouvée - valeur par défaut : 0
2025-12-22 22:25:23 - client_scoring - WARNING - Variable EP_STABLE non trouvée - valeur par défaut : 0
2025-12-22 22:25:23 - client_scoring - WARNING - Variable SLD_DAV non trouvée - valeur par défaut : 0
2025-12-22 22:25:23 - client_scoring - WARNING - Variable détention CD_NOTE_UNVRS_ASSU non trouvée - valeur par défaut : 0
2025-12-22 22:25:23 - client_scoring - INFO - Variable détention CD_NOTE_UNVRS_CRED préparée
2025-12-22 22:25:23 - client_scoring - WARNING - Variable détention CD_NOTE_UNVRS_EPRGN non trouvée - valeur par défaut : 0
2025-12-22 22:25:23 - client_scoring - WARNING - Variable détention CD_NOTE_UNVRS_SERV non trouvée - valeur par défaut : 0
2025-12-22 22:25:23 - client_scoring - WARNING - Variable détention CD_NOTE_POIDS_UNVRS non trouvée - valeur par défaut : 0
2025-12-22 22:25:23 - client_scoring - INFO - Calcul pondération et normalisation PNB par cluster
2025-12-22 22:25:23 - client_scoring - INFO - Score client calculé avec 4 composantes
2025-12-22 22:25:23 - client_scoring - INFO - Calcul potentiels clients (top 25% par cluster)
2025-12-22 22:25:23 - client_scoring - INFO - Potentiels calculés basés sur 495 clients top 25%
2025-12-22 22:25:23 - client_scoring - INFO - Calcul segmentation finale
2025-12-22 22:25:23 - client_scoring - INFO - === MÉTRIQUES DE QUALITÉ SCORING ===
2025-12-22 22:25:23 - client_scoring - INFO - Clients scorés : 2,000
2025-12-22 22:25:23 - client_scoring - INFO - Clusters analysés : 10
2025-12-22 22:25:23 - client_scoring - INFO - Score client moyen : 0.564
2025-12-22 22:25:23 - client_scoring - INFO - Potentiel total : 4,029,085€
2025-12-22 22:25:23 - client_scoring - INFO - Potentiel moyen/client : 2,015€
2025-12-22 22:25:23 - client_scoring - INFO - Couverture scoring : 100.0%
2025-12-22 22:25:23 - client_scoring - INFO - Couverture potentiel : 94.8%
2025-12-22 22:25:23 - client_scoring - INFO - Distribution segments :
2025-12-22 22:25:23 - client_scoring - INFO -   - A developper: 758 clients (37.9%)
2025-12-22 22:25:23 - client_scoring - INFO -   - A stimuler: 611 clients (30.6%)
2025-12-22 22:25:23 - client_scoring - INFO -   - A construire: 502 clients (25.1%)
2025-12-22 22:25:23 - client_scoring - INFO -   - A entretenir: 129 clients (6.5%)
2025-12-22 22:25:23 - client_scoring - INFO - Top 3 clusters par potentiel moyen :
2025-12-22 22:25:23 - client_scoring - INFO -   - 53-57_C0: 2,666€ (211 clients)
2025-12-22 22:25:23 - client_scoring - INFO -   - 48-52_C0: 2,198€ (257 clients)
2025-12-22 22:25:23 - client_scoring - INFO -   - 58-62_C0: 2,172€ (163 clients)
2025-12-22 22:25:23 - client_scoring - INFO - Scoring terminé en 0.11s - 2000 clients scorés
2025-12-22 22:25:23 - client_scoring - INFO - ClientScoringEngine initialisé - Top clients: 25.0%
2025-12-22 22:25:23 - client_scoring - INFO - Début calcul scores clients intra-cluster
2025-12-22 22:25:23 - client_scoring - INFO - Données clusterisées : (2000, 12)
2025-12-22 22:25:23 - client_scoring - INFO - Données financières : (2000, 8)
2025-12-22 22:25:23 - client_scoring - INFO - Données fusionnées : (2000, 19)
2025-12-22 22:25:23 - client_scoring - INFO - Nettoyage colonne CLUSTER_GLOBAL
2025-12-22 22:25:23 - client_scoring - INFO - Validation groupby réussie : 10 groupes
2025-12-22 22:25:23 - client_scoring - INFO - Clients clusterisés retenus : 2000
2025-12-22 22:25:23 - client_scoring - INFO - Clusters uniques : 10
2025-12-22 22:25:23 - client_scoring - INFO - Préparation données financières
2025-12-22 22:25:23 - client_scoring - INFO - Colonnes PNB disponibles : ['PNB_COLL', 'PNB_CRED', 'PNB_SERV', 'PNB_ASSU']
2025-12-22 22:25:23 - client_scoring - WARNING - Variable EP_LIQUIDE non trouvée - valeur par défaut : 0
2025-12-22 22:25:23 - client_scoring - WARNING - Variable EP_STABLE non trouvée - valeur par défaut : 0
2025-12-22 22:25:23 - client_scoring - WARNING - Variable SLD_DAV non trouvée - valeur par défaut : 0
2025-12-22 22:25:23 - client_scoring - WARNING - Variable détention CD_NOTE_UNVRS_ASSU non trouvée - valeur par défaut : 0
2025-12-22 22:25:23 - client_scoring - INFO - Variable détention CD_NOTE_UNVRS_CRED préparée
2025-12-22 22:25:23 - client_scoring - WARNING - Variable détention CD_NOTE_UNVRS_EPRGN non trouvée - valeur par défaut : 0
2025-12-22 22:25:23 - client_scoring - WARNING - Variable détention CD_NOTE_UNVRS_SERV non trouvée - valeur par défaut : 0
2025-12-22 22:25:23 - client_scoring - WARNING - Variable détention CD_NOTE_POIDS_UNVRS non trouvée - valeur par défaut : 0
2025-12-22 22:25:23 - client_scoring - INFO - Calcul pondération et normalisation PNB par cluster
2025-12-22 22:25:23 - client_scoring - INFO - Score client calculé avec 4 composantes
2025-12-22 22:25:23 - client_scoring - INFO - Calcul potentiels clients (top 25% par cluster)
2025-12-22 22:25:23 - client_scoring - INFO - Potentiels calculés basés sur 495 clients top 25%
2025-12-22 22:25:23 - client_scoring - INFO - Calcul segmentation finale
2025-12-22 22:25:23 - client_scoring - INFO - === MÉTRIQUES DE QUALITÉ SCORING ===
2025-12-22 22:25:23 - client_scoring - INFO - Clients scorés : 2,000
2025-12-22 22:25:23 - client_scoring - INFO - Clusters analysés : 10
2025-12-22 22:25:23 - client_scoring - INFO - Score client moyen : 0.564
2025-12-22 22:25:23 - client_scoring - INFO - Potentiel total : 4,029,085€
2025-12-22 22:25:23 - client_scoring - INFO - Potentiel moyen/client : 2,015€
2025-12-22 22:25:23 - client_scoring - INFO - Couverture scoring : 100.0%
2025-12-22 22:25:23 - client_scoring - INFO - Couverture potentiel : 94.8%
2025-12-22 22:25:23 - client_scoring - INFO - Distribution segments :
2025-12-22 22:25:23 - client_scoring - INFO -   - A developper: 758 clients (37.9%)
2025-12-22 22:25:23 - client_scoring - INFO -   - A stimuler: 611 clients (30.6%)
2025-12-22 22:25:23 - client_scoring - INFO -   - A construire: 502 clients (25.1%)
2025-12-22 22:25:23 - client_scoring - INFO -   - A entretenir: 129 clients (6.5%)
2025-12-22 22:25:23 - client_scoring - INFO - Top 3 clusters par potentiel moyen :
2025-12-22 22:25:23 - client_scoring - INFO -   - 53-57_C0: 2,666€ (211 clients)
2025-12-22 22:25:23 - client_scoring - INFO -   - 48-52_C0: 2,198€ (257 clients)
2025-12-22 22:25:23 - client_scoring - INFO -   - 58-62_C0: 2,172€ (163 clients)
2025-12-22 22:25:23 - client_scoring - INFO - Scoring terminé en 0.10s - 2000 clients scorés
2025-12-22 22:25:24 - client_scoring - INFO - ClientScoringEngine initialisé - Top clients: 25.0%
2025-12-22 22:25:24 - client_scoring - INFO - Début calcul scores clients intra-cluster
2025-12-22 22:25:24 - client_scoring - INFO - Données clusterisées : (1000, 12)
2025-12-22 22:25:24 - client_scoring - INFO - Données financières : (1000, 8)
2025-12-22 22:25:24 - client_scoring - INFO - Données fusionnées : (1000, 19)
2025-12-22 22:25:24 - client_scoring - INFO - Nettoyage colonne CLUSTER_GLOBAL
2025-12-22 22:25:24 - client_scoring - INFO - Validation groupby réussie : 10 groupes
2025-12-22 22:25:24 - client_scoring - INFO - Clients clusterisés retenus : 1000
2025-12-22 22:25:24 - client_scoring - INFO - Clusters uniques : 10
2025-12-22 22:25:24 - client_scoring - INFO - Préparation données financières
2025-12-22 22:25:24 - client_scoring - INFO - Colonnes PNB disponibles : ['PNB_COLL', 'PNB_CRED', 'PNB_SERV', 'PNB_ASSU']
2025-12-22 22:25:24 - client_scoring - WARNING - Variable EP_LIQUIDE non trouvée - valeur par défaut : 0
2025-12-22 22:25:24 - client_scoring - WARNING - Variable EP_STABLE non trouvée - valeur par défaut : 0
2025-12-22 22:25:24 - client_scoring - WARNING - Variable SLD_DAV non trouvée - valeur par défaut : 0
2025-12-22 22:25:24 - client_scoring - WARNING - Variable détention CD_NOTE_UNVRS_ASSU non trouvée - valeur par défaut : 0
2025-12-22 22:25:24 - client_scoring - INFO - Variable détention CD_NOTE_UNVRS_CRED préparée
2025-12-22 22:25:24 - client_scoring - WARNING - Variable détention CD_NOTE_UNVRS_EPRGN non trouvée - valeur par défaut : 0
2025-12-22 22:25:24 - client_scoring - WARNING - Variable détention CD_NOTE_UNVRS_SERV non trouvée - valeur par défaut : 0
2025-12-22 22:25:24 - client_scoring - WARNING - Variable détention CD_NOTE_POIDS_UNVRS non trouvée - valeur par défaut : 0
2025-12-22 22:25:24 - client_scoring - INFO - Calcul pondération et normalisation PNB par cluster
2025-12-22 22:25:24 - client_scoring - INFO - Score client calculé avec 4 composantes
2025-12-22 22:25:24 - client_scoring - INFO - Calcul potentiels clients (top 25% par cluster)
2025-12-22 22:25:24 - client_scoring - INFO - Potentiels calculés basés sur 246 clients top 25%
2025-12-22 22:25:24 - client_scoring - INFO - Calcul segmentation finale
2025-12-22 22:25:24 - client_scoring - INFO - === MÉTRIQUES DE QUALITÉ SCORING ===
2025-12-22 22:25:24 - client_scoring - INFO - Clients scorés : 1,000
2025-12-22 22:25:24 - client_scoring - INFO - Clusters analysés : 10
2025-12-22 22:25:24 - client_scoring - INFO - Score client moyen : 0.538
2025-12-22 22:25:24 - client_scoring - INFO - Potentiel total : 1,961,723€
2025-12-22 22:25:24 - client_scoring - INFO - Potentiel moyen/client : 1,962€
2025-12-22 22:25:24 - client_scoring - INFO - Couverture scoring : 100.0%
2025-12-22 22:25:24 - client_scoring - INFO - Couverture potentiel : 93.1%
2025-12-22 22:25:24 - client_scoring - INFO - Distribution segments :
2025-12-22 22:25:24 - client_scoring - INFO -   - A developper: 382 clients (38.2%)
2025-12-22 22:25:24 - client_scoring - INFO -   - A stimuler: 311 clients (31.1%)
2025-12-22 22:25:24 - client_scoring - INFO -   - A construire: 251 clients (25.1%)
2025-12-22 22:25:24 - client_scoring - INFO -   - A entretenir: 56 clients (5.6%)
2025-12-22 22:25:24 - client_scoring - INFO - Top 3 clusters par potentiel moyen :
2025-12-22 22:25:24 - client_scoring - INFO -   - 53-57_C0: 3,016€ (111 clients)
2025-12-22 22:25:24 - client_scoring - INFO -   - 28-32_C0: 2,444€ (84 clients)
2025-12-22 22:25:24 - client_scoring - INFO -   - 43-47_C0: 2,403€ (139 clients)
2025-12-22 22:25:24 - client_scoring - INFO - Scoring terminé en 0.08s - 1000 clients scorés
2025-12-22 22:25:24 - client_scoring - INFO - ClientScoringEngine initialisé - Top clients: 25.0%
2025-12-22 22:25:24 - client_scoring - INFO - Début calcul scores clients intra-cluster
2025-12-22 22:25:24 - client_scoring - INFO - Données clusterisées : (1000, 12)
2025-12-22 22:25:24 - client_scoring - INFO - Données financières : (1000, 8)
2025-12-22 22:25:24 - client_scoring - INFO - Données fusionnées : (1000, 19)
2025-12-22 22:25:24 - client_scoring - INFO - Nettoyage colonne CLUSTER_GLOBAL
2025-12-22 22:25:24 - client_scoring - INFO - Validation groupby réussie : 10 groupes
2025-12-22 22:25:24 - client_scoring - INFO - Clients clusterisés retenus : 1000
2025-12-22 22:25:24 - client_scoring - INFO - Clusters uniques : 10
2025-12-22 22:25:24 - client_scoring - INFO - Préparation données financières
2025-12-22 22:25:24 - client_scoring - INFO - Colonnes PNB disponibles : ['PNB_COLL', 'PNB_CRED', 'PNB_SERV', 'PNB_ASSU']
2025-12-22 22:25:24 - client_scoring - WARNING - Variable EP_LIQUIDE non trouvée - valeur par défaut : 0
2025-12-22 22:25:24 - client_scoring - WARNING - Variable EP_STABLE non trouvée - valeur par défaut : 0
2025-12-22 22:25:24 - client_scoring - WARNING - Variable SLD_DAV non trouvée - valeur par défaut : 0
2025-12-22 22:25:24 - client_scoring - WARNING - Variable détention CD_NOTE_UNVRS_ASSU non trouvée - valeur par défaut : 0
2025-12-22 22:25:24 - client_scoring - INFO - Variable détention CD_NOTE_UNVRS_CRED préparée
2025-12-22 22:25:24 - client_scoring - WARNING - Variable détention CD_NOTE_UNVRS_EPRGN non trouvée - valeur par défaut : 0
2025-12-22 22:25:24 - client_scoring - WARNING - Variable détention CD_NOTE_UNVRS_SERV non trouvée - valeur par défaut : 0
2025-12-22 22:25:24 - client_scoring - WARNING - Variable détention CD_NOTE_POIDS_UNVRS non trouvée - valeur par défaut : 0
2025-12-22 22:25:24 - client_scoring - INFO - Calcul pondération et normalisation PNB par cluster
2025-12-22 22:25:24 - client_scoring - INFO - Score client calculé avec 4 composantes
2025-12-22 22:25:24 - client_scoring - INFO - Calcul potentiels clients (top 25% par cluster)
2025-12-22 22:25:24 - client_scoring - INFO - Potentiels calculés basés sur 246 clients top 25%
2025-12-22 22:25:24 - client_scoring - INFO - Calcul segmentation finale
2025-12-22 22:25:24 - client_scoring - INFO - === MÉTRIQUES DE QUALITÉ SCORING ===
2025-12-22 22:25:24 - client_scoring - INFO - Clients scorés : 1,000
2025-12-22 22:25:24 - client_scoring - INFO - Clusters analysés : 10
2025-12-22 22:25:24 - client_scoring - INFO - Score client moyen : 0.538
2025-12-22 22:25:24 - client_scoring - INFO - Potentiel total : 1,961,723€
2025-12-22 22:25:24 - client_scoring - INFO - Potentiel moyen/client : 1,962€
2025-12-22 22:25:24 - client_scoring - INFO - Couverture scoring : 100.0%
2025-12-22 22:25:24 - client_scoring - INFO - Couverture potentiel : 93.1%
2025-12-22 22:25:24 - client_scoring - INFO - Distribution segments :
2025-12-22 22:25:24 - client_scoring - INFO -   - A developper: 382 clients (38.2%)
2025-12-22 22:25:24 - client_scoring - INFO -   - A stimuler: 311 clients (31.1%)
2025-12-22 22:25:24 - client_scoring - INFO -   - A construire: 251 clients (25.1%)
2025-12-22 22:25:24 - client_scoring - INFO -   - A entretenir: 56 clients (5.6%)
2025-12-22 22:25:24 - client_scoring - INFO - Top 3 clusters par potentiel moyen :
2025-12-22 22:25:24 - client_scoring - INFO -   - 53-57_C0: 3,016€ (111 clients)
2025-12-22 22:25:24 - client_scoring - INFO -   - 28-32_C0: 2,444€ (84 clients)
2025-12-22 22:25:24 - client_scoring - INFO -   - 43-47_C0: 2,403€ (139 clients)
2025-12-22 22:25:24 - client_scoring - INFO - Scoring terminé en 0.08s - 1000 clients scorés
2025-12-22 22:25:25 - client_scoring - INFO - ClientScoringEngine initialisé - Top clients: 25.0%
2025-12-22 22:25:25 - client_scoring - INFO - Début calcul scores clients intra-cluster
2025-12-22 22:25:25 - client_scoring - INFO - Données clusterisées : (1000, 12)
2025-12-22 22:25:25 - client_scoring - INFO - Données financières : (1000, 8)
2025-12-22 22:25:25 - client_scoring - INFO - Données fusionnées : (1000, 19)
2025-12-22 22:25:25 - client_scoring - INFO - Nettoyage colonne CLUSTER_GLOBAL
2025-12-22 22:25:25 - client_scoring - INFO - Validation groupby réussie : 10 groupes
2025-12-22 22:25:25 - client_scoring - INFO - Clients clusterisés retenus : 1000
2025-12-22 22:25:25 - client_scoring - INFO - Clusters uniques : 10
2025-12-22 22:25:25 - client_scoring - INFO - Préparation données financières
2025-12-22 22:25:25 - client_scoring - INFO - Colonnes PNB disponibles : ['PNB_COLL', 'PNB_CRED', 'PNB_SERV', 'PNB_ASSU']
2025-12-22 22:25:25 - client_scoring - WARNING - Variable EP_LIQUIDE non trouvée - valeur par défaut : 0
2025-12-22 22:25:25 - client_scoring - WARNING - Variable EP_STABLE non trouvée - valeur par défaut : 0
2025-12-22 22:25:25 - client_scoring - WARNING - Variable SLD_DAV non trouvée - valeur par défaut : 0
2025-12-22 22:25:25 - client_scoring - WARNING - Variable détention CD_NOTE_UNVRS_ASSU non trouvée - valeur par défaut : 0
2025-12-22 22:25:25 - client_scoring - INFO - Variable détention CD_NOTE_UNVRS_CRED préparée
2025-12-22 22:25:25 - client_scoring - WARNING - Variable détention CD_NOTE_UNVRS_EPRGN non trouvée - valeur par défaut : 0
2025-12-22 22:25:25 - client_scoring - WARNING - Variable détention CD_NOTE_UNVRS_SERV non trouvée - valeur par défaut : 0
2025-12-22 22:25:25 - client_scoring - WARNING - Variable détention CD_NOTE_POIDS_UNVRS non trouvée - valeur par défaut : 0
2025-12-22 22:25:25 - client_scoring - INFO - Calcul pondération et normalisation PNB par cluster
2025-12-22 22:25:25 - client_scoring - INFO - Score client calculé avec 4 composantes
2025-12-22 22:25:25 - client_scoring - INFO - Calcul potentiels clients (top 25% par cluster)
2025-12-22 22:25:25 - client_scoring - INFO - Potentiels calculés basés sur 246 clients top 25%
2025-12-22 22:25:25 - client_scoring - INFO - Calcul segmentation finale
2025-12-22 22:25:25 - client_scoring - INFO - === MÉTRIQUES DE QUALITÉ SCORING ===
2025-12-22 22:25:25 - client_scoring - INFO - Clients scorés : 1,000
2025-12-22 22:25:25 - client_scoring - INFO - Clusters analysés : 10
2025-12-22 22:25:25 - client_scoring - INFO - Score client moyen : 0.538
2025-12-22 22:25:25 - client_scoring - INFO - Potentiel total : 1,961,723€
2025-12-22 22:25:25 - client_scoring - INFO - Potentiel moyen/client : 1,962€
2025-12-22 22:25:25 - client_scoring - INFO - Couverture scoring : 100.0%
2025-12-22 22:25:25 - client_scoring - INFO - Couverture potentiel : 93.1%
2025-12-22 22:25:25 - client_scoring - INFO - Distribution segments :
2025-12-22 22:25:25 - client_scoring - INFO -   - A developper: 382 clients (38.2%)
2025-12-22 22:25:25 - client_scoring - INFO -   - A stimuler: 311 clients (31.1%)
2025-12-22 22:25:25 - client_scoring - INFO -   - A construire: 251 clients (25.1%)
2025-12-22 22:25:25 - client_scoring - INFO -   - A entretenir: 56 clients (5.6%)
2025-12-22 22:25:25 - client_scoring - INFO - Top 3 clusters par potentiel moyen :
2025-12-22 22:25:25 - client_scoring - INFO -   - 53-57_C0: 3,016€ (111 clients)
2025-12-22 22:25:25 - client_scoring - INFO -   - 28-32_C0: 2,444€ (84 clients)
2025-12-22 22:25:25 - client_scoring - INFO -   - 43-47_C0: 2,403€ (139 clients)
2025-12-22 22:25:25 - client_scoring - INFO - Scoring terminé en 0.08s - 1000 clients scorés
2025-12-22 22:25:26 - client_scoring - INFO - ClientScoringEngine initialisé - Top clients: 25.0%
2025-12-22 22:25:26 - client_scoring - INFO - Début calcul scores clients intra-cluster
2025-12-22 22:25:26 - client_scoring - INFO - Données clusterisées : (1000, 15)
2025-12-22 22:25:26 - client_scoring - INFO - Données financières : (1000, 8)
2025-12-22 22:25:26 - client_scoring - INFO - Données fusionnées : (1000, 22)
2025-12-22 22:25:26 - client_scoring - INFO - Nettoyage colonne CLUSTER_GLOBAL
2025-12-22 22:25:26 - client_scoring - INFO - Validation groupby réussie : 13 groupes
2025-12-22 22:25:26 - client_scoring - INFO - Clients clusterisés retenus : 1000
2025-12-22 22:25:26 - client_scoring - INFO - Clusters uniques : 13
2025-12-22 22:25:26 - client_scoring - INFO - Préparation données financières
2025-12-22 22:25:26 - client_scoring - INFO - Colonnes PNB disponibles : ['PNB_COLL', 'PNB_CRED', 'PNB_SERV', 'PNB_ASSU']
2025-12-22 22:25:26 - client_scoring - WARNING - Variable EP_LIQUIDE non trouvée - valeur par défaut : 0
2025-12-22 22:25:26 - client_scoring - WARNING - Variable EP_STABLE non trouvée - valeur par défaut : 0
2025-12-22 22:25:26 - client_scoring - WARNING - Variable SLD_DAV non trouvée - valeur par défaut : 0
2025-12-22 22:25:26 - client_scoring - WARNING - Variable détention CD_NOTE_UNVRS_ASSU non trouvée - valeur par défaut : 0
2025-12-22 22:25:26 - client_scoring - INFO - Variable détention CD_NOTE_UNVRS_CRED préparée
2025-12-22 22:25:26 - client_scoring - WARNING - Variable détention CD_NOTE_UNVRS_EPRGN non trouvée - valeur par défaut : 0
2025-12-22 22:25:26 - client_scoring - WARNING - Variable détention CD_NOTE_UNVRS_SERV non trouvée - valeur par défaut : 0
2025-12-22 22:25:26 - client_scoring - WARNING - Variable détention CD_NOTE_POIDS_UNVRS non trouvée - valeur par défaut : 0
2025-12-22 22:25:26 - client_scoring - INFO - Calcul pondération et normalisation PNB par cluster
2025-12-22 22:25:26 - client_scoring - INFO - Score client calculé avec 4 composantes
2025-12-22 22:25:26 - client_scoring - INFO - Calcul potentiels clients (top 25% par cluster)
2025-12-22 22:25:26 - client_scoring - INFO - Potentiels calculés basés sur 245 clients top 25%
2025-12-22 22:25:26 - client_scoring - INFO - Calcul segmentation finale
2025-12-22 22:25:26 - client_scoring - INFO - === MÉTRIQUES DE QUALITÉ SCORING ===
2025-12-22 22:25:26 - client_scoring - INFO - Clients scorés : 1,000
2025-12-22 22:25:26 - client_scoring - INFO - Clusters analysés : 13
2025-12-22 22:25:26 - client_scoring - INFO - Score client moyen : 0.523
2025-12-22 22:25:26 - client_scoring - INFO - Potentiel total : 2,060,573€
2025-12-22 22:25:26 - client_scoring - INFO - Potentiel moyen/client : 2,061€
2025-12-22 22:25:26 - client_scoring - INFO - Couverture scoring : 100.0%
2025-12-22 22:25:26 - client_scoring - INFO - Couverture potentiel : 92.1%
2025-12-22 22:25:26 - client_scoring - INFO - Distribution segments :
2025-12-22 22:25:26 - client_scoring - INFO -   - A developper: 380 clients (38.0%)
2025-12-22 22:25:26 - client_scoring - INFO -   - A stimuler: 312 clients (31.2%)
2025-12-22 22:25:26 - client_scoring - INFO -   - A construire: 252 clients (25.2%)
2025-12-22 22:25:26 - client_scoring - INFO -   - A entretenir: 56 clients (5.6%)
2025-12-22 22:25:26 - client_scoring - INFO - Top 3 clusters par potentiel moyen :
2025-12-22 22:25:26 - client_scoring - INFO -   - 28-32_C0: 3,166€ (54 clients)
2025-12-22 22:25:26 - client_scoring - INFO -   - 63+_C1: 3,070€ (13 clients)
2025-12-22 22:25:26 - client_scoring - INFO -   - 53-57_C0: 3,016€ (111 clients)
2025-12-22 22:25:26 - client_scoring - INFO - Scoring terminé en 0.12s - 1000 clients scorés
2025-12-22 22:25:26 - client_scoring - INFO - ClientScoringEngine initialisé - Top clients: 25.0%
2025-12-22 22:25:26 - client_scoring - INFO - Début calcul scores clients intra-cluster
2025-12-22 22:25:26 - client_scoring - INFO - Données clusterisées : (400, 12)
2025-12-22 22:25:26 - client_scoring - INFO - Données financières : (1000, 8)
2025-12-22 22:25:26 - client_scoring - INFO - Données fusionnées : (400, 19)
2025-12-22 22:25:26 - client_scoring - INFO - Nettoyage colonne CLUSTER_GLOBAL
2025-12-22 22:25:26 - client_scoring - INFO - Validation groupby réussie : 10 groupes
2025-12-22 22:25:26 - client_scoring - INFO - Clients clusterisés retenus : 400
2025-12-22 22:25:26 - client_scoring - INFO - Clusters uniques : 10
2025-12-22 22:25:26 - client_scoring - INFO - Préparation données financières
2025-12-22 22:25:26 - client_scoring - INFO - Colonnes PNB disponibles : ['PNB_COLL', 'PNB_CRED', 'PNB_SERV', 'PNB_ASSU']
2025-12-22 22:25:26 - client_scoring - WARNING - Variable EP_LIQUIDE non trouvée - valeur par défaut : 0
2025-12-22 22:25:26 - client_scoring - WARNING - Variable EP_STABLE non trouvée - valeur par défaut : 0
2025-12-22 22:25:26 - client_scoring - WARNING - Variable SLD_DAV non trouvée - valeur par défaut : 0
2025-12-22 22:25:26 - client_scoring - WARNING - Variable détention CD_NOTE_UNVRS_ASSU non trouvée - valeur par défaut : 0
2025-12-22 22:25:26 - client_scoring - INFO - Variable détention CD_NOTE_UNVRS_CRED préparée
2025-12-22 22:25:26 - client_scoring - WARNING - Variable détention CD_NOTE_UNVRS_EPRGN non trouvée - valeur par défaut : 0
2025-12-22 22:25:26 - client_scoring - WARNING - Variable détention CD_NOTE_UNVRS_SERV non trouvée - valeur par défaut : 0
2025-12-22 22:25:26 - client_scoring - WARNING - Variable détention CD_NOTE_POIDS_UNVRS non trouvée - valeur par défaut : 0
2025-12-22 22:25:26 - client_scoring - INFO - Calcul pondération et normalisation PNB par cluster
2025-12-22 22:25:26 - client_scoring - INFO - Score client calculé avec 4 composantes
2025-12-22 22:25:26 - client_scoring - INFO - Calcul potentiels clients (top 25% par cluster)
2025-12-22 22:25:26 - client_scoring - INFO - Potentiels calculés basés sur 96 clients top 25%
2025-12-22 22:25:26 - client_scoring - INFO - Calcul segmentation finale
2025-12-22 22:25:26 - client_scoring - INFO - === MÉTRIQUES DE QUALITÉ SCORING ===
2025-12-22 22:25:26 - client_scoring - INFO - Clients scorés : 400
2025-12-22 22:25:26 - client_scoring - INFO - Clusters analysés : 10
2025-12-22 22:25:26 - client_scoring - INFO - Score client moyen : 0.415
2025-12-22 22:25:26 - client_scoring - INFO - Potentiel total : 909,671€
2025-12-22 22:25:26 - client_scoring - INFO - Potentiel moyen/client : 2,274€
2025-12-22 22:25:26 - client_scoring - INFO - Couverture scoring : 100.0%
2025-12-22 22:25:26 - client_scoring - INFO - Couverture potentiel : 93.2%
2025-12-22 22:25:26 - client_scoring - INFO - Distribution segments :
2025-12-22 22:25:26 - client_scoring - INFO -   - A developper: 153 clients (38.2%)
2025-12-22 22:25:26 - client_scoring - INFO -   - A stimuler: 124 clients (31.0%)
2025-12-22 22:25:26 - client_scoring - INFO -   - A construire: 101 clients (25.2%)
2025-12-22 22:25:26 - client_scoring - INFO -   - A entretenir: 22 clients (5.5%)
2025-12-22 22:25:26 - client_scoring - INFO - Top 3 clusters par potentiel moyen :
2025-12-22 22:25:26 - client_scoring - INFO -   - 18-22_C0: 3,403€ (27 clients)
2025-12-22 22:25:26 - client_scoring - INFO -   - 53-57_C0: 3,271€ (47 clients)
2025-12-22 22:25:26 - client_scoring - INFO -   - 43-47_C0: 2,591€ (57 clients)
2025-12-22 22:25:26 - client_scoring - INFO - Scoring terminé en 0.07s - 400 clients scorés
