2025-12-22 18:06:45 - dimension_optimizer - INFO - Logger dimension_optimizer configuré - Fichier: /Users/taieb/Documents/GITHUB REPO/ML_banking_segmentation/logs/dimension_optimizer_20251222.log
2025-12-22 18:06:45 - dimension_optimizer - INFO - DimensionOptimizer initialisé - Mode : stratifie
2025-12-22 18:06:45 - dimension_optimizer - INFO - Début transformation dimensionnelle - Mode stratifie
2025-12-22 18:06:45 - dimension_optimizer - INFO - Shape initiale : (5000, 19)
2025-12-22 18:06:45 - dimension_optimizer - INFO - Transformation situation_composite : 2 colonnes
2025-12-22 18:06:45 - dimension_optimizer - INFO - Transformation age : 1 colonnes
2025-12-22 18:06:45 - dimension_optimizer - WARNING - Colonnes FRONTALIER ou CDPCSP manquantes pour REVENU
2025-12-22 18:06:45 - dimension_optimizer - INFO - Transformation revenu : 1 colonnes
2025-12-22 18:06:45 - dimension_optimizer - WARNING - Colonne nb_enfant manquante
2025-12-22 18:06:45 - dimension_optimizer - INFO - Transformation enfants : 2 colonnes
2025-12-22 18:06:45 - dimension_optimizer - WARNING - Colonne CD_OCC_LGT manquante
2025-12-22 18:06:45 - dimension_optimizer - INFO - Transformation logement : 2 colonnes
2025-12-22 18:06:45 - dimension_optimizer - INFO - Transformation terminée : (5000, 9)
2025-12-22 18:06:45 - dimension_optimizer - INFO - Dimensions créées : 8
2025-12-22 18:06:45 - dimension_optimizer - INFO - Colonnes finales : ['Situation_Couple', 'Situation_Celibataire', 'AGE', 'REVENU_Score', 'Enfants_Avec', 'Enfants_Sans', 'Logement_Proprietaire', 'Logement_NonProprietaire']
2025-12-22 18:06:50 - dimension_optimizer - INFO - DimensionOptimizer initialisé - Mode : stratifie
2025-12-22 18:06:50 - dimension_optimizer - INFO - Début transformation dimensionnelle - Mode stratifie
2025-12-22 18:06:50 - dimension_optimizer - INFO - Shape initiale : (1500, 19)
2025-12-22 18:06:50 - dimension_optimizer - INFO - Transformation situation_composite : 2 colonnes
2025-12-22 18:06:50 - dimension_optimizer - INFO - Transformation age : 1 colonnes
2025-12-22 18:06:50 - dimension_optimizer - WARNING - Colonnes FRONTALIER ou CDPCSP manquantes pour REVENU
2025-12-22 18:06:50 - dimension_optimizer - INFO - Transformation revenu : 1 colonnes
2025-12-22 18:06:50 - dimension_optimizer - WARNING - Colonne nb_enfant manquante
2025-12-22 18:06:50 - dimension_optimizer - INFO - Transformation enfants : 2 colonnes
2025-12-22 18:06:50 - dimension_optimizer - WARNING - Colonne CD_OCC_LGT manquante
2025-12-22 18:06:50 - dimension_optimizer - INFO - Transformation logement : 2 colonnes
2025-12-22 18:06:50 - dimension_optimizer - INFO - Transformation terminée : (1500, 9)
2025-12-22 18:06:50 - dimension_optimizer - INFO - Dimensions créées : 8
2025-12-22 18:06:50 - dimension_optimizer - INFO - Colonnes finales : ['Situation_Couple', 'Situation_Celibataire', 'AGE', 'REVENU_Score', 'Enfants_Avec', 'Enfants_Sans', 'Logement_Proprietaire', 'Logement_NonProprietaire']
2025-12-22 22:06:02 - dimension_optimizer - INFO - Logger dimension_optimizer configuré - Fichier: /Users/taieb/Documents/GITHUB REPO/ML_banking_segmentation/logs/dimension_optimizer_20251222.log
2025-12-22 22:06:02 - dimension_optimizer - INFO - DimensionOptimizer initialisé - Mode : stratifie
2025-12-22 22:06:02 - dimension_optimizer - INFO - Début transformation dimensionnelle - Mode stratifie
2025-12-22 22:06:02 - dimension_optimizer - INFO - Shape initiale : (5000, 19)
2025-12-22 22:06:02 - dimension_optimizer - INFO - Transformation situation_composite : 2 colonnes
2025-12-22 22:06:02 - dimension_optimizer - INFO - Transformation age : 1 colonnes
2025-12-22 22:06:02 - dimension_optimizer - WARNING - Colonnes FRONTALIER ou CDPCSP manquantes pour REVENU
2025-12-22 22:06:02 - dimension_optimizer - INFO - Transformation revenu : 1 colonnes
2025-12-22 22:06:02 - dimension_optimizer - WARNING - Colonne nb_enfant manquante
2025-12-22 22:06:02 - dimension_optimizer - INFO - Transformation enfants : 2 colonnes
2025-12-22 22:06:02 - dimension_optimizer - WARNING - Colonne CD_OCC_LGT manquante
2025-12-22 22:06:02 - dimension_optimizer - INFO - Transformation logement : 2 colonnes
2025-12-22 22:06:02 - dimension_optimizer - INFO - Transformation terminée : (5000, 9)
2025-12-22 22:06:02 - dimension_optimizer - INFO - Dimensions créées : 8
2025-12-22 22:06:02 - dimension_optimizer - INFO - Colonnes finales : ['Situation_Couple', 'Situation_Celibataire', 'AGE', 'REVENU_Score', 'Enfants_Avec', 'Enfants_Sans', 'Logement_Proprietaire', 'Logement_NonProprietaire']
2025-12-22 22:06:05 - dimension_optimizer - INFO - DimensionOptimizer initialisé - Mode : stratifie
2025-12-22 22:06:05 - dimension_optimizer - INFO - Début transformation dimensionnelle - Mode stratifie
2025-12-22 22:06:05 - dimension_optimizer - INFO - Shape initiale : (1500, 19)
2025-12-22 22:06:05 - dimension_optimizer - INFO - Transformation situation_composite : 2 colonnes
2025-12-22 22:06:05 - dimension_optimizer - INFO - Transformation age : 1 colonnes
2025-12-22 22:06:05 - dimension_optimizer - WARNING - Colonnes FRONTALIER ou CDPCSP manquantes pour REVENU
2025-12-22 22:06:05 - dimension_optimizer - INFO - Transformation revenu : 1 colonnes
2025-12-22 22:06:05 - dimension_optimizer - WARNING - Colonne nb_enfant manquante
2025-12-22 22:06:05 - dimension_optimizer - INFO - Transformation enfants : 2 colonnes
2025-12-22 22:06:05 - dimension_optimizer - WARNING - Colonne CD_OCC_LGT manquante
2025-12-22 22:06:05 - dimension_optimizer - INFO - Transformation logement : 2 colonnes
2025-12-22 22:06:05 - dimension_optimizer - INFO - Transformation terminée : (1500, 9)
2025-12-22 22:06:05 - dimension_optimizer - INFO - Dimensions créées : 8
2025-12-22 22:06:05 - dimension_optimizer - INFO - Colonnes finales : ['Situation_Couple', 'Situation_Celibataire', 'AGE', 'REVENU_Score', 'Enfants_Avec', 'Enfants_Sans', 'Logement_Proprietaire', 'Logement_NonProprietaire']
2025-12-22 22:06:07 - dimension_optimizer - INFO - DimensionOptimizer initialisé - Mode : stratifie
2025-12-22 22:06:07 - dimension_optimizer - INFO - Début transformation dimensionnelle - Mode stratifie
2025-12-22 22:06:07 - dimension_optimizer - INFO - Shape initiale : (1000, 19)
2025-12-22 22:06:07 - dimension_optimizer - INFO - Transformation situation_composite : 2 colonnes
2025-12-22 22:06:07 - dimension_optimizer - INFO - Transformation age : 1 colonnes
2025-12-22 22:06:07 - dimension_optimizer - WARNING - Colonnes FRONTALIER ou CDPCSP manquantes pour REVENU
2025-12-22 22:06:07 - dimension_optimizer - INFO - Transformation revenu : 1 colonnes
2025-12-22 22:06:07 - dimension_optimizer - WARNING - Colonne nb_enfant manquante
2025-12-22 22:06:07 - dimension_optimizer - INFO - Transformation enfants : 2 colonnes
2025-12-22 22:06:07 - dimension_optimizer - WARNING - Colonne CD_OCC_LGT manquante
2025-12-22 22:06:07 - dimension_optimizer - INFO - Transformation logement : 2 colonnes
2025-12-22 22:06:07 - dimension_optimizer - INFO - Transformation terminée : (1000, 9)
2025-12-22 22:06:07 - dimension_optimizer - INFO - Dimensions créées : 8
2025-12-22 22:06:07 - dimension_optimizer - INFO - Colonnes finales : ['Situation_Couple', 'Situation_Celibataire', 'AGE', 'REVENU_Score', 'Enfants_Avec', 'Enfants_Sans', 'Logement_Proprietaire', 'Logement_NonProprietaire']
2025-12-22 22:06:07 - dimension_optimizer - INFO - DimensionOptimizer initialisé - Mode : global
2025-12-22 22:06:07 - dimension_optimizer - INFO - Début transformation dimensionnelle - Mode global
2025-12-22 22:06:07 - dimension_optimizer - INFO - Shape initiale : (1000, 19)
2025-12-22 22:06:07 - dimension_optimizer - INFO - Transformation situation_composite : 2 colonnes
2025-12-22 22:06:07 - dimension_optimizer - INFO - Transformation age : 4 colonnes
2025-12-22 22:06:07 - dimension_optimizer - WARNING - Colonnes FRONTALIER ou CDPCSP manquantes pour REVENU
2025-12-22 22:06:07 - dimension_optimizer - INFO - Transformation revenu : 1 colonnes
2025-12-22 22:06:07 - dimension_optimizer - WARNING - Colonne nb_enfant manquante
2025-12-22 22:06:07 - dimension_optimizer - INFO - Transformation enfants : 2 colonnes
2025-12-22 22:06:07 - dimension_optimizer - WARNING - Colonne CD_OCC_LGT manquante
2025-12-22 22:06:07 - dimension_optimizer - INFO - Transformation logement : 2 colonnes
2025-12-22 22:06:07 - dimension_optimizer - INFO - Transformation terminée : (1000, 12)
2025-12-22 22:06:07 - dimension_optimizer - INFO - Dimensions créées : 11
2025-12-22 22:06:07 - dimension_optimizer - INFO - Colonnes finales : ['Situation_Couple', 'Situation_Celibataire', 'Age_Jeunes', 'Age_Actifs', 'Age_Seniors', 'Age_Retraites', 'REVENU_Score', 'Enfants_Avec', 'Enfants_Sans', 'Logement_Proprietaire', 'Logement_NonProprietaire']
2025-12-22 22:06:07 - dimension_optimizer - INFO - DimensionOptimizer initialisé - Mode : stratifie
2025-12-22 22:06:07 - dimension_optimizer - INFO - DimensionOptimizer initialisé - Mode : stratifie
2025-12-22 22:06:07 - dimension_optimizer - INFO - Début transformation dimensionnelle - Mode stratifie
2025-12-22 22:06:07 - dimension_optimizer - INFO - Shape initiale : (1000, 19)
2025-12-22 22:06:07 - dimension_optimizer - INFO - Transformation situation_composite : 2 colonnes
2025-12-22 22:06:07 - dimension_optimizer - INFO - Transformation age : 1 colonnes
2025-12-22 22:06:07 - dimension_optimizer - WARNING - Colonnes FRONTALIER ou CDPCSP manquantes pour REVENU
2025-12-22 22:06:07 - dimension_optimizer - INFO - Transformation revenu : 1 colonnes
2025-12-22 22:06:07 - dimension_optimizer - WARNING - Colonne nb_enfant manquante
2025-12-22 22:06:07 - dimension_optimizer - INFO - Transformation enfants : 2 colonnes
2025-12-22 22:06:07 - dimension_optimizer - WARNING - Colonne CD_OCC_LGT manquante
2025-12-22 22:06:07 - dimension_optimizer - INFO - Transformation logement : 2 colonnes
2025-12-22 22:06:07 - dimension_optimizer - INFO - Transformation terminée : (1000, 9)
2025-12-22 22:06:07 - dimension_optimizer - INFO - Dimensions créées : 8
2025-12-22 22:06:07 - dimension_optimizer - INFO - Colonnes finales : ['Situation_Couple', 'Situation_Celibataire', 'AGE', 'REVENU_Score', 'Enfants_Avec', 'Enfants_Sans', 'Logement_Proprietaire', 'Logement_NonProprietaire']
2025-12-22 22:06:07 - dimension_optimizer - INFO - DimensionOptimizer initialisé - Mode : stratifie
2025-12-22 22:06:07 - dimension_optimizer - INFO - Début transformation dimensionnelle - Mode stratifie
2025-12-22 22:06:07 - dimension_optimizer - INFO - Shape initiale : (1000, 19)
2025-12-22 22:06:07 - dimension_optimizer - INFO - Transformation situation_composite : 2 colonnes
2025-12-22 22:06:07 - dimension_optimizer - INFO - Transformation age : 1 colonnes
2025-12-22 22:06:07 - dimension_optimizer - WARNING - Colonnes FRONTALIER ou CDPCSP manquantes pour REVENU
2025-12-22 22:06:07 - dimension_optimizer - INFO - Transformation revenu : 1 colonnes
2025-12-22 22:06:07 - dimension_optimizer - WARNING - Colonne nb_enfant manquante
2025-12-22 22:06:07 - dimension_optimizer - INFO - Transformation enfants : 2 colonnes
2025-12-22 22:06:07 - dimension_optimizer - WARNING - Colonne CD_OCC_LGT manquante
2025-12-22 22:06:07 - dimension_optimizer - INFO - Transformation logement : 2 colonnes
2025-12-22 22:06:07 - dimension_optimizer - INFO - Transformation terminée : (1000, 8)
2025-12-22 22:06:07 - dimension_optimizer - INFO - Dimensions créées : 8
2025-12-22 22:06:07 - dimension_optimizer - INFO - Colonnes finales : ['Situation_Couple', 'Situation_Celibataire', 'AGE', 'REVENU_Score', 'Enfants_Avec', 'Enfants_Sans', 'Logement_Proprietaire', 'Logement_NonProprietaire']
2025-12-22 22:06:20 - dimension_optimizer - INFO - Logger dimension_optimizer configuré - Fichier: /Users/taieb/Documents/GITHUB REPO/ML_banking_segmentation/logs/dimension_optimizer_20251222.log
2025-12-22 22:06:20 - dimension_optimizer - INFO - DimensionOptimizer initialisé - Mode : stratifie
2025-12-22 22:06:20 - dimension_optimizer - INFO - Début transformation dimensionnelle - Mode stratifie
2025-12-22 22:06:20 - dimension_optimizer - INFO - Shape initiale : (5000, 19)
2025-12-22 22:06:20 - dimension_optimizer - INFO - Transformation situation_composite : 2 colonnes
2025-12-22 22:06:20 - dimension_optimizer - INFO - Transformation age : 1 colonnes
2025-12-22 22:06:20 - dimension_optimizer - WARNING - Colonnes FRONTALIER ou CDPCSP manquantes pour REVENU
2025-12-22 22:06:20 - dimension_optimizer - INFO - Transformation revenu : 1 colonnes
2025-12-22 22:06:20 - dimension_optimizer - WARNING - Colonne nb_enfant manquante
2025-12-22 22:06:20 - dimension_optimizer - INFO - Transformation enfants : 2 colonnes
2025-12-22 22:06:20 - dimension_optimizer - WARNING - Colonne CD_OCC_LGT manquante
2025-12-22 22:06:20 - dimension_optimizer - INFO - Transformation logement : 2 colonnes
2025-12-22 22:06:20 - dimension_optimizer - INFO - Transformation terminée : (5000, 9)
2025-12-22 22:06:20 - dimension_optimizer - INFO - Dimensions créées : 8
2025-12-22 22:06:20 - dimension_optimizer - INFO - Colonnes finales : ['Situation_Couple', 'Situation_Celibataire', 'AGE', 'REVENU_Score', 'Enfants_Avec', 'Enfants_Sans', 'Logement_Proprietaire', 'Logement_NonProprietaire']
2025-12-22 22:06:55 - dimension_optimizer - INFO - Logger dimension_optimizer configuré - Fichier: /Users/taieb/Documents/GITHUB REPO/ML_banking_segmentation/logs/dimension_optimizer_20251222.log
2025-12-22 22:06:55 - dimension_optimizer - INFO - DimensionOptimizer initialisé - Mode : stratifie
2025-12-22 22:06:55 - dimension_optimizer - INFO - Début transformation dimensionnelle - Mode stratifie
2025-12-22 22:06:55 - dimension_optimizer - INFO - Shape initiale : (5000, 19)
2025-12-22 22:06:55 - dimension_optimizer - INFO - Transformation situation_composite : 2 colonnes
2025-12-22 22:06:55 - dimension_optimizer - INFO - Transformation age : 1 colonnes
2025-12-22 22:06:55 - dimension_optimizer - WARNING - Colonnes FRONTALIER ou CDPCSP manquantes pour REVENU
2025-12-22 22:06:55 - dimension_optimizer - INFO - Transformation revenu : 1 colonnes
2025-12-22 22:06:55 - dimension_optimizer - WARNING - Colonne nb_enfant manquante
2025-12-22 22:06:55 - dimension_optimizer - INFO - Transformation enfants : 2 colonnes
2025-12-22 22:06:55 - dimension_optimizer - WARNING - Colonne CD_OCC_LGT manquante
2025-12-22 22:06:55 - dimension_optimizer - INFO - Transformation logement : 2 colonnes
2025-12-22 22:06:55 - dimension_optimizer - INFO - Transformation terminée : (5000, 9)
2025-12-22 22:06:55 - dimension_optimizer - INFO - Dimensions créées : 8
2025-12-22 22:06:55 - dimension_optimizer - INFO - Colonnes finales : ['Situation_Couple', 'Situation_Celibataire', 'AGE', 'REVENU_Score', 'Enfants_Avec', 'Enfants_Sans', 'Logement_Proprietaire', 'Logement_NonProprietaire']
2025-12-22 22:06:59 - dimension_optimizer - INFO - DimensionOptimizer initialisé - Mode : stratifie
2025-12-22 22:06:59 - dimension_optimizer - INFO - Début transformation dimensionnelle - Mode stratifie
2025-12-22 22:06:59 - dimension_optimizer - INFO - Shape initiale : (1500, 19)
2025-12-22 22:06:59 - dimension_optimizer - INFO - Transformation situation_composite : 2 colonnes
2025-12-22 22:06:59 - dimension_optimizer - INFO - Transformation age : 1 colonnes
2025-12-22 22:06:59 - dimension_optimizer - WARNING - Colonnes FRONTALIER ou CDPCSP manquantes pour REVENU
2025-12-22 22:06:59 - dimension_optimizer - INFO - Transformation revenu : 1 colonnes
2025-12-22 22:06:59 - dimension_optimizer - WARNING - Colonne nb_enfant manquante
2025-12-22 22:06:59 - dimension_optimizer - INFO - Transformation enfants : 2 colonnes
2025-12-22 22:06:59 - dimension_optimizer - WARNING - Colonne CD_OCC_LGT manquante
2025-12-22 22:06:59 - dimension_optimizer - INFO - Transformation logement : 2 colonnes
2025-12-22 22:06:59 - dimension_optimizer - INFO - Transformation terminée : (1500, 9)
2025-12-22 22:06:59 - dimension_optimizer - INFO - Dimensions créées : 8
2025-12-22 22:06:59 - dimension_optimizer - INFO - Colonnes finales : ['Situation_Couple', 'Situation_Celibataire', 'AGE', 'REVENU_Score', 'Enfants_Avec', 'Enfants_Sans', 'Logement_Proprietaire', 'Logement_NonProprietaire']
2025-12-22 22:07:00 - dimension_optimizer - INFO - DimensionOptimizer initialisé - Mode : stratifie
2025-12-22 22:07:00 - dimension_optimizer - INFO - Début transformation dimensionnelle - Mode stratifie
2025-12-22 22:07:00 - dimension_optimizer - INFO - Shape initiale : (1000, 19)
2025-12-22 22:07:00 - dimension_optimizer - INFO - Transformation situation_composite : 2 colonnes
2025-12-22 22:07:00 - dimension_optimizer - INFO - Transformation age : 1 colonnes
2025-12-22 22:07:00 - dimension_optimizer - WARNING - Colonnes FRONTALIER ou CDPCSP manquantes pour REVENU
2025-12-22 22:07:00 - dimension_optimizer - INFO - Transformation revenu : 1 colonnes
2025-12-22 22:07:00 - dimension_optimizer - WARNING - Colonne nb_enfant manquante
2025-12-22 22:07:00 - dimension_optimizer - INFO - Transformation enfants : 2 colonnes
2025-12-22 22:07:00 - dimension_optimizer - WARNING - Colonne CD_OCC_LGT manquante
2025-12-22 22:07:00 - dimension_optimizer - INFO - Transformation logement : 2 colonnes
2025-12-22 22:07:00 - dimension_optimizer - INFO - Transformation terminée : (1000, 9)
2025-12-22 22:07:00 - dimension_optimizer - INFO - Dimensions créées : 8
2025-12-22 22:07:00 - dimension_optimizer - INFO - Colonnes finales : ['Situation_Couple', 'Situation_Celibataire', 'AGE', 'REVENU_Score', 'Enfants_Avec', 'Enfants_Sans', 'Logement_Proprietaire', 'Logement_NonProprietaire']
2025-12-22 22:07:00 - dimension_optimizer - INFO - DimensionOptimizer initialisé - Mode : global
2025-12-22 22:07:00 - dimension_optimizer - INFO - Début transformation dimensionnelle - Mode global
2025-12-22 22:07:00 - dimension_optimizer - INFO - Shape initiale : (1000, 19)
2025-12-22 22:07:00 - dimension_optimizer - INFO - Transformation situation_composite : 2 colonnes
2025-12-22 22:07:00 - dimension_optimizer - INFO - Transformation age : 4 colonnes
2025-12-22 22:07:00 - dimension_optimizer - WARNING - Colonnes FRONTALIER ou CDPCSP manquantes pour REVENU
2025-12-22 22:07:00 - dimension_optimizer - INFO - Transformation revenu : 1 colonnes
2025-12-22 22:07:00 - dimension_optimizer - WARNING - Colonne nb_enfant manquante
2025-12-22 22:07:00 - dimension_optimizer - INFO - Transformation enfants : 2 colonnes
2025-12-22 22:07:00 - dimension_optimizer - WARNING - Colonne CD_OCC_LGT manquante
2025-12-22 22:07:00 - dimension_optimizer - INFO - Transformation logement : 2 colonnes
2025-12-22 22:07:00 - dimension_optimizer - INFO - Transformation terminée : (1000, 12)
2025-12-22 22:07:00 - dimension_optimizer - INFO - Dimensions créées : 11
2025-12-22 22:07:00 - dimension_optimizer - INFO - Colonnes finales : ['Situation_Couple', 'Situation_Celibataire', 'Age_Jeunes', 'Age_Actifs', 'Age_Seniors', 'Age_Retraites', 'REVENU_Score', 'Enfants_Avec', 'Enfants_Sans', 'Logement_Proprietaire', 'Logement_NonProprietaire']
2025-12-22 22:07:00 - dimension_optimizer - INFO - DimensionOptimizer initialisé - Mode : stratifie
2025-12-22 22:07:00 - dimension_optimizer - INFO - DimensionOptimizer initialisé - Mode : stratifie
2025-12-22 22:07:00 - dimension_optimizer - INFO - Début transformation dimensionnelle - Mode stratifie
2025-12-22 22:07:00 - dimension_optimizer - INFO - Shape initiale : (1000, 19)
2025-12-22 22:07:00 - dimension_optimizer - INFO - Transformation situation_composite : 2 colonnes
2025-12-22 22:07:00 - dimension_optimizer - INFO - Transformation age : 1 colonnes
2025-12-22 22:07:00 - dimension_optimizer - WARNING - Colonnes FRONTALIER ou CDPCSP manquantes pour REVENU
2025-12-22 22:07:00 - dimension_optimizer - INFO - Transformation revenu : 1 colonnes
2025-12-22 22:07:00 - dimension_optimizer - WARNING - Colonne nb_enfant manquante
2025-12-22 22:07:00 - dimension_optimizer - INFO - Transformation enfants : 2 colonnes
2025-12-22 22:07:00 - dimension_optimizer - WARNING - Colonne CD_OCC_LGT manquante
2025-12-22 22:07:00 - dimension_optimizer - INFO - Transformation logement : 2 colonnes
2025-12-22 22:07:00 - dimension_optimizer - INFO - Transformation terminée : (1000, 9)
2025-12-22 22:07:00 - dimension_optimizer - INFO - Dimensions créées : 8
2025-12-22 22:07:00 - dimension_optimizer - INFO - Colonnes finales : ['Situation_Couple', 'Situation_Celibataire', 'AGE', 'REVENU_Score', 'Enfants_Avec', 'Enfants_Sans', 'Logement_Proprietaire', 'Logement_NonProprietaire']
2025-12-22 22:07:00 - dimension_optimizer - INFO - DimensionOptimizer initialisé - Mode : stratifie
2025-12-22 22:07:00 - dimension_optimizer - INFO - Début transformation dimensionnelle - Mode stratifie
2025-12-22 22:07:00 - dimension_optimizer - INFO - Shape initiale : (1000, 19)
2025-12-22 22:07:00 - dimension_optimizer - INFO - Transformation situation_composite : 2 colonnes
2025-12-22 22:07:00 - dimension_optimizer - INFO - Transformation age : 1 colonnes
2025-12-22 22:07:00 - dimension_optimizer - WARNING - Colonnes FRONTALIER ou CDPCSP manquantes pour REVENU
2025-12-22 22:07:00 - dimension_optimizer - INFO - Transformation revenu : 1 colonnes
2025-12-22 22:07:00 - dimension_optimizer - WARNING - Colonne nb_enfant manquante
2025-12-22 22:07:00 - dimension_optimizer - INFO - Transformation enfants : 2 colonnes
2025-12-22 22:07:00 - dimension_optimizer - WARNING - Colonne CD_OCC_LGT manquante
2025-12-22 22:07:00 - dimension_optimizer - INFO - Transformation logement : 2 colonnes
2025-12-22 22:07:00 - dimension_optimizer - INFO - Transformation terminée : (1000, 8)
2025-12-22 22:07:00 - dimension_optimizer - INFO - Dimensions créées : 8
2025-12-22 22:07:00 - dimension_optimizer - INFO - Colonnes finales : ['Situation_Couple', 'Situation_Celibataire', 'AGE', 'REVENU_Score', 'Enfants_Avec', 'Enfants_Sans', 'Logement_Proprietaire', 'Logement_NonProprietaire']
2025-12-22 22:07:00 - dimension_optimizer - INFO - DimensionOptimizer initialisé - Mode : stratifie
2025-12-22 22:07:00 - dimension_optimizer - INFO - Début transformation dimensionnelle - Mode stratifie
2025-12-22 22:07:00 - dimension_optimizer - INFO - Shape initiale : (2000, 19)
2025-12-22 22:07:00 - dimension_optimizer - INFO - Transformation situation_composite : 2 colonnes
2025-12-22 22:07:00 - dimension_optimizer - INFO - Transformation age : 1 colonnes
2025-12-22 22:07:00 - dimension_optimizer - WARNING - Colonnes FRONTALIER ou CDPCSP manquantes pour REVENU
2025-12-22 22:07:00 - dimension_optimizer - INFO - Transformation revenu : 1 colonnes
2025-12-22 22:07:00 - dimension_optimizer - WARNING - Colonne nb_enfant manquante
2025-12-22 22:07:00 - dimension_optimizer - INFO - Transformation enfants : 2 colonnes
2025-12-22 22:07:00 - dimension_optimizer - WARNING - Colonne CD_OCC_LGT manquante
2025-12-22 22:07:00 - dimension_optimizer - INFO - Transformation logement : 2 colonnes
2025-12-22 22:07:00 - dimension_optimizer - INFO - Transformation terminée : (2000, 9)
2025-12-22 22:07:00 - dimension_optimizer - INFO - Dimensions créées : 8
2025-12-22 22:07:00 - dimension_optimizer - INFO - Colonnes finales : ['Situation_Couple', 'Situation_Celibataire', 'AGE', 'REVENU_Score', 'Enfants_Avec', 'Enfants_Sans', 'Logement_Proprietaire', 'Logement_NonProprietaire']
2025-12-22 22:07:01 - dimension_optimizer - INFO - DimensionOptimizer initialisé - Mode : stratifie
2025-12-22 22:07:01 - dimension_optimizer - INFO - Début transformation dimensionnelle - Mode stratifie
2025-12-22 22:07:01 - dimension_optimizer - INFO - Shape initiale : (2000, 19)
2025-12-22 22:07:01 - dimension_optimizer - INFO - Transformation situation_composite : 2 colonnes
2025-12-22 22:07:01 - dimension_optimizer - INFO - Transformation age : 1 colonnes
2025-12-22 22:07:01 - dimension_optimizer - WARNING - Colonnes FRONTALIER ou CDPCSP manquantes pour REVENU
2025-12-22 22:07:01 - dimension_optimizer - INFO - Transformation revenu : 1 colonnes
2025-12-22 22:07:01 - dimension_optimizer - WARNING - Colonne nb_enfant manquante
2025-12-22 22:07:01 - dimension_optimizer - INFO - Transformation enfants : 2 colonnes
2025-12-22 22:07:01 - dimension_optimizer - WARNING - Colonne CD_OCC_LGT manquante
2025-12-22 22:07:01 - dimension_optimizer - INFO - Transformation logement : 2 colonnes
2025-12-22 22:07:01 - dimension_optimizer - INFO - Transformation terminée : (2000, 9)
2025-12-22 22:07:01 - dimension_optimizer - INFO - Dimensions créées : 8
2025-12-22 22:07:01 - dimension_optimizer - INFO - Colonnes finales : ['Situation_Couple', 'Situation_Celibataire', 'AGE', 'REVENU_Score', 'Enfants_Avec', 'Enfants_Sans', 'Logement_Proprietaire', 'Logement_NonProprietaire']
2025-12-22 22:07:01 - dimension_optimizer - INFO - DimensionOptimizer initialisé - Mode : stratifie
2025-12-22 22:07:01 - dimension_optimizer - INFO - Début transformation dimensionnelle - Mode stratifie
2025-12-22 22:07:01 - dimension_optimizer - INFO - Shape initiale : (2000, 19)
2025-12-22 22:07:01 - dimension_optimizer - INFO - Transformation situation_composite : 2 colonnes
2025-12-22 22:07:01 - dimension_optimizer - INFO - Transformation age : 1 colonnes
2025-12-22 22:07:01 - dimension_optimizer - WARNING - Colonnes FRONTALIER ou CDPCSP manquantes pour REVENU
2025-12-22 22:07:01 - dimension_optimizer - INFO - Transformation revenu : 1 colonnes
2025-12-22 22:07:01 - dimension_optimizer - WARNING - Colonne nb_enfant manquante
2025-12-22 22:07:01 - dimension_optimizer - INFO - Transformation enfants : 2 colonnes
2025-12-22 22:07:01 - dimension_optimizer - WARNING - Colonne CD_OCC_LGT manquante
2025-12-22 22:07:01 - dimension_optimizer - INFO - Transformation logement : 2 colonnes
2025-12-22 22:07:01 - dimension_optimizer - INFO - Transformation terminée : (2000, 9)
2025-12-22 22:07:01 - dimension_optimizer - INFO - Dimensions créées : 8
2025-12-22 22:07:01 - dimension_optimizer - INFO - Colonnes finales : ['Situation_Couple', 'Situation_Celibataire', 'AGE', 'REVENU_Score', 'Enfants_Avec', 'Enfants_Sans', 'Logement_Proprietaire', 'Logement_NonProprietaire']
2025-12-22 22:07:02 - dimension_optimizer - INFO - DimensionOptimizer initialisé - Mode : stratifie
2025-12-22 22:07:02 - dimension_optimizer - INFO - Début transformation dimensionnelle - Mode stratifie
2025-12-22 22:07:02 - dimension_optimizer - INFO - Shape initiale : (2000, 19)
2025-12-22 22:07:02 - dimension_optimizer - INFO - Transformation situation_composite : 2 colonnes
2025-12-22 22:07:02 - dimension_optimizer - INFO - Transformation age : 1 colonnes
2025-12-22 22:07:02 - dimension_optimizer - WARNING - Colonnes FRONTALIER ou CDPCSP manquantes pour REVENU
2025-12-22 22:07:02 - dimension_optimizer - INFO - Transformation revenu : 1 colonnes
2025-12-22 22:07:02 - dimension_optimizer - WARNING - Colonne nb_enfant manquante
2025-12-22 22:07:02 - dimension_optimizer - INFO - Transformation enfants : 2 colonnes
2025-12-22 22:07:02 - dimension_optimizer - WARNING - Colonne CD_OCC_LGT manquante
2025-12-22 22:07:02 - dimension_optimizer - INFO - Transformation logement : 2 colonnes
2025-12-22 22:07:02 - dimension_optimizer - INFO - Transformation terminée : (2000, 9)
2025-12-22 22:07:02 - dimension_optimizer - INFO - Dimensions créées : 8
2025-12-22 22:07:02 - dimension_optimizer - INFO - Colonnes finales : ['Situation_Couple', 'Situation_Celibataire', 'AGE', 'REVENU_Score', 'Enfants_Avec', 'Enfants_Sans', 'Logement_Proprietaire', 'Logement_NonProprietaire']
2025-12-22 22:07:02 - dimension_optimizer - INFO - DimensionOptimizer initialisé - Mode : stratifie
2025-12-22 22:07:02 - dimension_optimizer - INFO - Début transformation dimensionnelle - Mode stratifie
2025-12-22 22:07:02 - dimension_optimizer - INFO - Shape initiale : (2000, 19)
2025-12-22 22:07:02 - dimension_optimizer - INFO - Transformation situation_composite : 2 colonnes
2025-12-22 22:07:02 - dimension_optimizer - INFO - Transformation age : 1 colonnes
2025-12-22 22:07:02 - dimension_optimizer - WARNING - Colonnes FRONTALIER ou CDPCSP manquantes pour REVENU
2025-12-22 22:07:02 - dimension_optimizer - INFO - Transformation revenu : 1 colonnes
2025-12-22 22:07:02 - dimension_optimizer - WARNING - Colonne nb_enfant manquante
2025-12-22 22:07:02 - dimension_optimizer - INFO - Transformation enfants : 2 colonnes
2025-12-22 22:07:02 - dimension_optimizer - WARNING - Colonne CD_OCC_LGT manquante
2025-12-22 22:07:02 - dimension_optimizer - INFO - Transformation logement : 2 colonnes
2025-12-22 22:07:02 - dimension_optimizer - INFO - Transformation terminée : (2000, 9)
2025-12-22 22:07:02 - dimension_optimizer - INFO - Dimensions créées : 8
2025-12-22 22:07:02 - dimension_optimizer - INFO - Colonnes finales : ['Situation_Couple', 'Situation_Celibataire', 'AGE', 'REVENU_Score', 'Enfants_Avec', 'Enfants_Sans', 'Logement_Proprietaire', 'Logement_NonProprietaire']
2025-12-22 22:07:02 - dimension_optimizer - INFO - DimensionOptimizer initialisé - Mode : stratifie
2025-12-22 22:07:02 - dimension_optimizer - INFO - Début transformation dimensionnelle - Mode stratifie
2025-12-22 22:07:02 - dimension_optimizer - INFO - Shape initiale : (200, 19)
2025-12-22 22:07:02 - dimension_optimizer - INFO - Transformation situation_composite : 2 colonnes
2025-12-22 22:07:02 - dimension_optimizer - INFO - Transformation age : 1 colonnes
2025-12-22 22:07:02 - dimension_optimizer - WARNING - Colonnes FRONTALIER ou CDPCSP manquantes pour REVENU
2025-12-22 22:07:02 - dimension_optimizer - INFO - Transformation revenu : 1 colonnes
2025-12-22 22:07:02 - dimension_optimizer - WARNING - Colonne nb_enfant manquante
2025-12-22 22:07:02 - dimension_optimizer - INFO - Transformation enfants : 2 colonnes
2025-12-22 22:07:02 - dimension_optimizer - WARNING - Colonne CD_OCC_LGT manquante
2025-12-22 22:07:02 - dimension_optimizer - INFO - Transformation logement : 2 colonnes
2025-12-22 22:07:02 - dimension_optimizer - INFO - Transformation terminée : (200, 9)
2025-12-22 22:07:02 - dimension_optimizer - INFO - Dimensions créées : 8
2025-12-22 22:07:02 - dimension_optimizer - INFO - Colonnes finales : ['Situation_Couple', 'Situation_Celibataire', 'AGE', 'REVENU_Score', 'Enfants_Avec', 'Enfants_Sans', 'Logement_Proprietaire', 'Logement_NonProprietaire']
2025-12-22 22:07:03 - dimension_optimizer - INFO - DimensionOptimizer initialisé - Mode : stratifie
2025-12-22 22:07:03 - dimension_optimizer - INFO - Début transformation dimensionnelle - Mode stratifie
2025-12-22 22:07:03 - dimension_optimizer - INFO - Shape initiale : (2000, 19)
2025-12-22 22:07:03 - dimension_optimizer - INFO - Transformation situation_composite : 2 colonnes
2025-12-22 22:07:03 - dimension_optimizer - INFO - Transformation age : 1 colonnes
2025-12-22 22:07:03 - dimension_optimizer - WARNING - Colonnes FRONTALIER ou CDPCSP manquantes pour REVENU
2025-12-22 22:07:03 - dimension_optimizer - INFO - Transformation revenu : 1 colonnes
2025-12-22 22:07:03 - dimension_optimizer - WARNING - Colonne nb_enfant manquante
2025-12-22 22:07:03 - dimension_optimizer - INFO - Transformation enfants : 2 colonnes
2025-12-22 22:07:03 - dimension_optimizer - WARNING - Colonne CD_OCC_LGT manquante
2025-12-22 22:07:03 - dimension_optimizer - INFO - Transformation logement : 2 colonnes
2025-12-22 22:07:03 - dimension_optimizer - INFO - Transformation terminée : (2000, 9)
2025-12-22 22:07:03 - dimension_optimizer - INFO - Dimensions créées : 8
2025-12-22 22:07:03 - dimension_optimizer - INFO - Colonnes finales : ['Situation_Couple', 'Situation_Celibataire', 'AGE', 'REVENU_Score', 'Enfants_Avec', 'Enfants_Sans', 'Logement_Proprietaire', 'Logement_NonProprietaire']
2025-12-22 22:07:03 - dimension_optimizer - INFO - DimensionOptimizer initialisé - Mode : stratifie
2025-12-22 22:07:03 - dimension_optimizer - INFO - Début transformation dimensionnelle - Mode stratifie
2025-12-22 22:07:03 - dimension_optimizer - INFO - Shape initiale : (2000, 19)
2025-12-22 22:07:03 - dimension_optimizer - INFO - Transformation situation_composite : 2 colonnes
2025-12-22 22:07:03 - dimension_optimizer - INFO - Transformation age : 1 colonnes
2025-12-22 22:07:03 - dimension_optimizer - WARNING - Colonnes FRONTALIER ou CDPCSP manquantes pour REVENU
2025-12-22 22:07:03 - dimension_optimizer - INFO - Transformation revenu : 1 colonnes
2025-12-22 22:07:03 - dimension_optimizer - WARNING - Colonne nb_enfant manquante
2025-12-22 22:07:03 - dimension_optimizer - INFO - Transformation enfants : 2 colonnes
2025-12-22 22:07:03 - dimension_optimizer - WARNING - Colonne CD_OCC_LGT manquante
2025-12-22 22:07:03 - dimension_optimizer - INFO - Transformation logement : 2 colonnes
2025-12-22 22:07:03 - dimension_optimizer - INFO - Transformation terminée : (2000, 9)
2025-12-22 22:07:03 - dimension_optimizer - INFO - Dimensions créées : 8
2025-12-22 22:07:03 - dimension_optimizer - INFO - Colonnes finales : ['Situation_Couple', 'Situation_Celibataire', 'AGE', 'REVENU_Score', 'Enfants_Avec', 'Enfants_Sans', 'Logement_Proprietaire', 'Logement_NonProprietaire']
2025-12-22 22:07:04 - dimension_optimizer - INFO - DimensionOptimizer initialisé - Mode : stratifie
2025-12-22 22:07:04 - dimension_optimizer - INFO - Début transformation dimensionnelle - Mode stratifie
2025-12-22 22:07:04 - dimension_optimizer - INFO - Shape initiale : (2000, 19)
2025-12-22 22:07:04 - dimension_optimizer - INFO - Transformation situation_composite : 2 colonnes
2025-12-22 22:07:04 - dimension_optimizer - INFO - Transformation age : 1 colonnes
2025-12-22 22:07:04 - dimension_optimizer - WARNING - Colonnes FRONTALIER ou CDPCSP manquantes pour REVENU
2025-12-22 22:07:04 - dimension_optimizer - INFO - Transformation revenu : 1 colonnes
2025-12-22 22:07:04 - dimension_optimizer - WARNING - Colonne nb_enfant manquante
2025-12-22 22:07:04 - dimension_optimizer - INFO - Transformation enfants : 2 colonnes
2025-12-22 22:07:04 - dimension_optimizer - WARNING - Colonne CD_OCC_LGT manquante
2025-12-22 22:07:04 - dimension_optimizer - INFO - Transformation logement : 2 colonnes
2025-12-22 22:07:04 - dimension_optimizer - INFO - Transformation terminée : (2000, 9)
2025-12-22 22:07:04 - dimension_optimizer - INFO - Dimensions créées : 8
2025-12-22 22:07:04 - dimension_optimizer - INFO - Colonnes finales : ['Situation_Couple', 'Situation_Celibataire', 'AGE', 'REVENU_Score', 'Enfants_Avec', 'Enfants_Sans', 'Logement_Proprietaire', 'Logement_NonProprietaire']
2025-12-22 22:07:05 - dimension_optimizer - INFO - DimensionOptimizer initialisé - Mode : stratifie
2025-12-22 22:07:05 - dimension_optimizer - INFO - Début transformation dimensionnelle - Mode stratifie
2025-12-22 22:07:05 - dimension_optimizer - INFO - Shape initiale : (2000, 19)
2025-12-22 22:07:05 - dimension_optimizer - INFO - Transformation situation_composite : 2 colonnes
2025-12-22 22:07:05 - dimension_optimizer - INFO - Transformation age : 1 colonnes
2025-12-22 22:07:05 - dimension_optimizer - WARNING - Colonnes FRONTALIER ou CDPCSP manquantes pour REVENU
2025-12-22 22:07:05 - dimension_optimizer - INFO - Transformation revenu : 1 colonnes
2025-12-22 22:07:05 - dimension_optimizer - WARNING - Colonne nb_enfant manquante
2025-12-22 22:07:05 - dimension_optimizer - INFO - Transformation enfants : 2 colonnes
2025-12-22 22:07:05 - dimension_optimizer - WARNING - Colonne CD_OCC_LGT manquante
2025-12-22 22:07:05 - dimension_optimizer - INFO - Transformation logement : 2 colonnes
2025-12-22 22:07:05 - dimension_optimizer - INFO - Transformation terminée : (2000, 9)
2025-12-22 22:07:05 - dimension_optimizer - INFO - Dimensions créées : 8
2025-12-22 22:07:05 - dimension_optimizer - INFO - Colonnes finales : ['Situation_Couple', 'Situation_Celibataire', 'AGE', 'REVENU_Score', 'Enfants_Avec', 'Enfants_Sans', 'Logement_Proprietaire', 'Logement_NonProprietaire']
2025-12-22 22:07:06 - dimension_optimizer - INFO - DimensionOptimizer initialisé - Mode : stratifie
2025-12-22 22:07:06 - dimension_optimizer - INFO - Début transformation dimensionnelle - Mode stratifie
2025-12-22 22:07:06 - dimension_optimizer - INFO - Shape initiale : (2000, 19)
2025-12-22 22:07:06 - dimension_optimizer - INFO - Transformation situation_composite : 2 colonnes
2025-12-22 22:07:06 - dimension_optimizer - INFO - Transformation age : 1 colonnes
2025-12-22 22:07:06 - dimension_optimizer - WARNING - Colonnes FRONTALIER ou CDPCSP manquantes pour REVENU
2025-12-22 22:07:06 - dimension_optimizer - INFO - Transformation revenu : 1 colonnes
2025-12-22 22:07:06 - dimension_optimizer - WARNING - Colonne nb_enfant manquante
2025-12-22 22:07:06 - dimension_optimizer - INFO - Transformation enfants : 2 colonnes
2025-12-22 22:07:06 - dimension_optimizer - WARNING - Colonne CD_OCC_LGT manquante
2025-12-22 22:07:06 - dimension_optimizer - INFO - Transformation logement : 2 colonnes
2025-12-22 22:07:06 - dimension_optimizer - INFO - Transformation terminée : (2000, 9)
2025-12-22 22:07:06 - dimension_optimizer - INFO - Dimensions créées : 8
2025-12-22 22:07:06 - dimension_optimizer - INFO - Colonnes finales : ['Situation_Couple', 'Situation_Celibataire', 'AGE', 'REVENU_Score', 'Enfants_Avec', 'Enfants_Sans', 'Logement_Proprietaire', 'Logement_NonProprietaire']
2025-12-22 22:07:06 - dimension_optimizer - INFO - DimensionOptimizer initialisé - Mode : stratifie
2025-12-22 22:07:06 - dimension_optimizer - INFO - Début transformation dimensionnelle - Mode stratifie
2025-12-22 22:07:06 - dimension_optimizer - INFO - Shape initiale : (1000, 19)
2025-12-22 22:07:06 - dimension_optimizer - INFO - Transformation situation_composite : 2 colonnes
2025-12-22 22:07:06 - dimension_optimizer - INFO - Transformation age : 1 colonnes
2025-12-22 22:07:06 - dimension_optimizer - WARNING - Colonnes FRONTALIER ou CDPCSP manquantes pour REVENU
2025-12-22 22:07:06 - dimension_optimizer - INFO - Transformation revenu : 1 colonnes
2025-12-22 22:07:06 - dimension_optimizer - WARNING - Colonne nb_enfant manquante
2025-12-22 22:07:06 - dimension_optimizer - INFO - Transformation enfants : 2 colonnes
2025-12-22 22:07:06 - dimension_optimizer - WARNING - Colonne CD_OCC_LGT manquante
2025-12-22 22:07:06 - dimension_optimizer - INFO - Transformation logement : 2 colonnes
2025-12-22 22:07:06 - dimension_optimizer - INFO - Transformation terminée : (1000, 9)
2025-12-22 22:07:06 - dimension_optimizer - INFO - Dimensions créées : 8
2025-12-22 22:07:06 - dimension_optimizer - INFO - Colonnes finales : ['Situation_Couple', 'Situation_Celibataire', 'AGE', 'REVENU_Score', 'Enfants_Avec', 'Enfants_Sans', 'Logement_Proprietaire', 'Logement_NonProprietaire']
2025-12-22 22:07:07 - dimension_optimizer - INFO - DimensionOptimizer initialisé - Mode : stratifie
2025-12-22 22:07:07 - dimension_optimizer - INFO - Début transformation dimensionnelle - Mode stratifie
2025-12-22 22:07:07 - dimension_optimizer - INFO - Shape initiale : (1000, 19)
2025-12-22 22:07:07 - dimension_optimizer - INFO - Transformation situation_composite : 2 colonnes
2025-12-22 22:07:07 - dimension_optimizer - INFO - Transformation age : 1 colonnes
2025-12-22 22:07:07 - dimension_optimizer - WARNING - Colonnes FRONTALIER ou CDPCSP manquantes pour REVENU
2025-12-22 22:07:07 - dimension_optimizer - INFO - Transformation revenu : 1 colonnes
2025-12-22 22:07:07 - dimension_optimizer - WARNING - Colonne nb_enfant manquante
2025-12-22 22:07:07 - dimension_optimizer - INFO - Transformation enfants : 2 colonnes
2025-12-22 22:07:07 - dimension_optimizer - WARNING - Colonne CD_OCC_LGT manquante
2025-12-22 22:07:07 - dimension_optimizer - INFO - Transformation logement : 2 colonnes
2025-12-22 22:07:07 - dimension_optimizer - INFO - Transformation terminée : (1000, 9)
2025-12-22 22:07:07 - dimension_optimizer - INFO - Dimensions créées : 8
2025-12-22 22:07:07 - dimension_optimizer - INFO - Colonnes finales : ['Situation_Couple', 'Situation_Celibataire', 'AGE', 'REVENU_Score', 'Enfants_Avec', 'Enfants_Sans', 'Logement_Proprietaire', 'Logement_NonProprietaire']
2025-12-22 22:07:07 - dimension_optimizer - INFO - DimensionOptimizer initialisé - Mode : stratifie
2025-12-22 22:07:07 - dimension_optimizer - INFO - Début transformation dimensionnelle - Mode stratifie
2025-12-22 22:07:07 - dimension_optimizer - INFO - Shape initiale : (500, 19)
2025-12-22 22:07:07 - dimension_optimizer - INFO - Transformation situation_composite : 2 colonnes
2025-12-22 22:07:07 - dimension_optimizer - INFO - Transformation age : 1 colonnes
2025-12-22 22:07:07 - dimension_optimizer - WARNING - Colonnes FRONTALIER ou CDPCSP manquantes pour REVENU
2025-12-22 22:07:07 - dimension_optimizer - INFO - Transformation revenu : 1 colonnes
2025-12-22 22:07:07 - dimension_optimizer - WARNING - Colonne nb_enfant manquante
2025-12-22 22:07:07 - dimension_optimizer - INFO - Transformation enfants : 2 colonnes
2025-12-22 22:07:07 - dimension_optimizer - WARNING - Colonne CD_OCC_LGT manquante
2025-12-22 22:07:07 - dimension_optimizer - INFO - Transformation logement : 2 colonnes
2025-12-22 22:07:07 - dimension_optimizer - INFO - Transformation terminée : (500, 9)
2025-12-22 22:07:07 - dimension_optimizer - INFO - Dimensions créées : 8
2025-12-22 22:07:07 - dimension_optimizer - INFO - Colonnes finales : ['Situation_Couple', 'Situation_Celibataire', 'AGE', 'REVENU_Score', 'Enfants_Avec', 'Enfants_Sans', 'Logement_Proprietaire', 'Logement_NonProprietaire']
2025-12-22 22:07:08 - dimension_optimizer - INFO - DimensionOptimizer initialisé - Mode : global
2025-12-22 22:07:08 - dimension_optimizer - INFO - Début transformation dimensionnelle - Mode global
2025-12-22 22:07:08 - dimension_optimizer - INFO - Shape initiale : (500, 19)
2025-12-22 22:07:08 - dimension_optimizer - INFO - Transformation situation_composite : 2 colonnes
2025-12-22 22:07:08 - dimension_optimizer - INFO - Transformation age : 4 colonnes
2025-12-22 22:07:08 - dimension_optimizer - WARNING - Colonnes FRONTALIER ou CDPCSP manquantes pour REVENU
2025-12-22 22:07:08 - dimension_optimizer - INFO - Transformation revenu : 1 colonnes
2025-12-22 22:07:08 - dimension_optimizer - WARNING - Colonne nb_enfant manquante
2025-12-22 22:07:08 - dimension_optimizer - INFO - Transformation enfants : 2 colonnes
2025-12-22 22:07:08 - dimension_optimizer - WARNING - Colonne CD_OCC_LGT manquante
2025-12-22 22:07:08 - dimension_optimizer - INFO - Transformation logement : 2 colonnes
2025-12-22 22:07:08 - dimension_optimizer - INFO - Transformation terminée : (500, 12)
2025-12-22 22:07:08 - dimension_optimizer - INFO - Dimensions créées : 11
2025-12-22 22:07:08 - dimension_optimizer - INFO - Colonnes finales : ['Situation_Couple', 'Situation_Celibataire', 'Age_Jeunes', 'Age_Actifs', 'Age_Seniors', 'Age_Retraites', 'REVENU_Score', 'Enfants_Avec', 'Enfants_Sans', 'Logement_Proprietaire', 'Logement_NonProprietaire']
2025-12-22 22:07:08 - dimension_optimizer - INFO - DimensionOptimizer initialisé - Mode : stratifie
2025-12-22 22:07:08 - dimension_optimizer - INFO - Début transformation dimensionnelle - Mode stratifie
2025-12-22 22:07:08 - dimension_optimizer - INFO - Shape initiale : (50, 19)
2025-12-22 22:07:08 - dimension_optimizer - INFO - Transformation situation_composite : 2 colonnes
2025-12-22 22:07:08 - dimension_optimizer - INFO - Transformation age : 1 colonnes
2025-12-22 22:07:08 - dimension_optimizer - WARNING - Colonnes FRONTALIER ou CDPCSP manquantes pour REVENU
2025-12-22 22:07:08 - dimension_optimizer - INFO - Transformation revenu : 1 colonnes
2025-12-22 22:07:08 - dimension_optimizer - WARNING - Colonne nb_enfant manquante
2025-12-22 22:07:08 - dimension_optimizer - INFO - Transformation enfants : 2 colonnes
2025-12-22 22:07:08 - dimension_optimizer - WARNING - Colonne CD_OCC_LGT manquante
2025-12-22 22:07:08 - dimension_optimizer - INFO - Transformation logement : 2 colonnes
2025-12-22 22:07:08 - dimension_optimizer - INFO - Transformation terminée : (50, 9)
2025-12-22 22:07:08 - dimension_optimizer - INFO - Dimensions créées : 8
2025-12-22 22:07:08 - dimension_optimizer - INFO - Colonnes finales : ['Situation_Couple', 'Situation_Celibataire', 'AGE', 'REVENU_Score', 'Enfants_Avec', 'Enfants_Sans', 'Logement_Proprietaire', 'Logement_NonProprietaire']
2025-12-22 22:07:20 - dimension_optimizer - INFO - Logger dimension_optimizer configuré - Fichier: /Users/taieb/Documents/GITHUB REPO/ML_banking_segmentation/logs/dimension_optimizer_20251222.log
2025-12-22 22:07:20 - dimension_optimizer - INFO - DimensionOptimizer initialisé - Mode : stratifie
2025-12-22 22:07:20 - dimension_optimizer - INFO - Début transformation dimensionnelle - Mode stratifie
2025-12-22 22:07:20 - dimension_optimizer - INFO - Shape initiale : (500, 19)
2025-12-22 22:07:20 - dimension_optimizer - INFO - Transformation situation_composite : 2 colonnes
2025-12-22 22:07:20 - dimension_optimizer - INFO - Transformation age : 1 colonnes
2025-12-22 22:07:20 - dimension_optimizer - WARNING - Colonnes FRONTALIER ou CDPCSP manquantes pour REVENU
2025-12-22 22:07:20 - dimension_optimizer - INFO - Transformation revenu : 1 colonnes
2025-12-22 22:07:20 - dimension_optimizer - WARNING - Colonne nb_enfant manquante
2025-12-22 22:07:20 - dimension_optimizer - INFO - Transformation enfants : 2 colonnes
2025-12-22 22:07:20 - dimension_optimizer - WARNING - Colonne CD_OCC_LGT manquante
2025-12-22 22:07:20 - dimension_optimizer - INFO - Transformation logement : 2 colonnes
2025-12-22 22:07:20 - dimension_optimizer - INFO - Transformation terminée : (500, 9)
2025-12-22 22:07:20 - dimension_optimizer - INFO - Dimensions créées : 8
2025-12-22 22:07:20 - dimension_optimizer - INFO - Colonnes finales : ['Situation_Couple', 'Situation_Celibataire', 'AGE', 'REVENU_Score', 'Enfants_Avec', 'Enfants_Sans', 'Logement_Proprietaire', 'Logement_NonProprietaire']
2025-12-22 22:07:20 - dimension_optimizer - INFO - DimensionOptimizer initialisé - Mode : global
2025-12-22 22:07:20 - dimension_optimizer - INFO - Début transformation dimensionnelle - Mode global
2025-12-22 22:07:20 - dimension_optimizer - INFO - Shape initiale : (500, 19)
2025-12-22 22:07:20 - dimension_optimizer - INFO - Transformation situation_composite : 2 colonnes
2025-12-22 22:07:20 - dimension_optimizer - INFO - Transformation age : 4 colonnes
2025-12-22 22:07:20 - dimension_optimizer - WARNING - Colonnes FRONTALIER ou CDPCSP manquantes pour REVENU
2025-12-22 22:07:20 - dimension_optimizer - INFO - Transformation revenu : 1 colonnes
2025-12-22 22:07:20 - dimension_optimizer - WARNING - Colonne nb_enfant manquante
2025-12-22 22:07:20 - dimension_optimizer - INFO - Transformation enfants : 2 colonnes
2025-12-22 22:07:20 - dimension_optimizer - WARNING - Colonne CD_OCC_LGT manquante
2025-12-22 22:07:20 - dimension_optimizer - INFO - Transformation logement : 2 colonnes
2025-12-22 22:07:20 - dimension_optimizer - INFO - Transformation terminée : (500, 12)
2025-12-22 22:07:20 - dimension_optimizer - INFO - Dimensions créées : 11
2025-12-22 22:07:20 - dimension_optimizer - INFO - Colonnes finales : ['Situation_Couple', 'Situation_Celibataire', 'Age_Jeunes', 'Age_Actifs', 'Age_Seniors', 'Age_Retraites', 'REVENU_Score', 'Enfants_Avec', 'Enfants_Sans', 'Logement_Proprietaire', 'Logement_NonProprietaire']
2025-12-22 22:07:21 - dimension_optimizer - INFO - DimensionOptimizer initialisé - Mode : stratifie
2025-12-22 22:07:21 - dimension_optimizer - INFO - Début transformation dimensionnelle - Mode stratifie
2025-12-22 22:07:21 - dimension_optimizer - INFO - Shape initiale : (50, 19)
2025-12-22 22:07:21 - dimension_optimizer - INFO - Transformation situation_composite : 2 colonnes
2025-12-22 22:07:21 - dimension_optimizer - INFO - Transformation age : 1 colonnes
2025-12-22 22:07:21 - dimension_optimizer - WARNING - Colonnes FRONTALIER ou CDPCSP manquantes pour REVENU
2025-12-22 22:07:21 - dimension_optimizer - INFO - Transformation revenu : 1 colonnes
2025-12-22 22:07:21 - dimension_optimizer - WARNING - Colonne nb_enfant manquante
2025-12-22 22:07:21 - dimension_optimizer - INFO - Transformation enfants : 2 colonnes
2025-12-22 22:07:21 - dimension_optimizer - WARNING - Colonne CD_OCC_LGT manquante
2025-12-22 22:07:21 - dimension_optimizer - INFO - Transformation logement : 2 colonnes
2025-12-22 22:07:21 - dimension_optimizer - INFO - Transformation terminée : (50, 9)
2025-12-22 22:07:21 - dimension_optimizer - INFO - Dimensions créées : 8
2025-12-22 22:07:21 - dimension_optimizer - INFO - Colonnes finales : ['Situation_Couple', 'Situation_Celibataire', 'AGE', 'REVENU_Score', 'Enfants_Avec', 'Enfants_Sans', 'Logement_Proprietaire', 'Logement_NonProprietaire']
2025-12-22 22:07:32 - dimension_optimizer - INFO - Logger dimension_optimizer configuré - Fichier: /Users/taieb/Documents/GITHUB REPO/ML_banking_segmentation/logs/dimension_optimizer_20251222.log
2025-12-22 22:07:32 - dimension_optimizer - INFO - DimensionOptimizer initialisé - Mode : stratifie
2025-12-22 22:07:32 - dimension_optimizer - INFO - Début transformation dimensionnelle - Mode stratifie
2025-12-22 22:07:32 - dimension_optimizer - INFO - Shape initiale : (50, 19)
2025-12-22 22:07:32 - dimension_optimizer - INFO - Transformation situation_composite : 2 colonnes
2025-12-22 22:07:32 - dimension_optimizer - INFO - Transformation age : 1 colonnes
2025-12-22 22:07:32 - dimension_optimizer - WARNING - Colonnes FRONTALIER ou CDPCSP manquantes pour REVENU
2025-12-22 22:07:32 - dimension_optimizer - INFO - Transformation revenu : 1 colonnes
2025-12-22 22:07:32 - dimension_optimizer - WARNING - Colonne nb_enfant manquante
2025-12-22 22:07:32 - dimension_optimizer - INFO - Transformation enfants : 2 colonnes
2025-12-22 22:07:32 - dimension_optimizer - WARNING - Colonne CD_OCC_LGT manquante
2025-12-22 22:07:32 - dimension_optimizer - INFO - Transformation logement : 2 colonnes
2025-12-22 22:07:32 - dimension_optimizer - INFO - Transformation terminée : (50, 9)
2025-12-22 22:07:32 - dimension_optimizer - INFO - Dimensions créées : 8
2025-12-22 22:07:32 - dimension_optimizer - INFO - Colonnes finales : ['Situation_Couple', 'Situation_Celibataire', 'AGE', 'REVENU_Score', 'Enfants_Avec', 'Enfants_Sans', 'Logement_Proprietaire', 'Logement_NonProprietaire']
2025-12-22 22:08:12 - dimension_optimizer - INFO - Logger dimension_optimizer configuré - Fichier: /Users/taieb/Documents/GITHUB REPO/ML_banking_segmentation/logs/dimension_optimizer_20251222.log
2025-12-22 22:08:12 - dimension_optimizer - INFO - DimensionOptimizer initialisé - Mode : stratifie
2025-12-22 22:08:12 - dimension_optimizer - INFO - Début transformation dimensionnelle - Mode stratifie
2025-12-22 22:08:12 - dimension_optimizer - INFO - Shape initiale : (5000, 19)
2025-12-22 22:08:12 - dimension_optimizer - INFO - Transformation situation_composite : 2 colonnes
2025-12-22 22:08:12 - dimension_optimizer - INFO - Transformation age : 1 colonnes
2025-12-22 22:08:12 - dimension_optimizer - WARNING - Colonnes FRONTALIER ou CDPCSP manquantes pour REVENU
2025-12-22 22:08:12 - dimension_optimizer - INFO - Transformation revenu : 1 colonnes
2025-12-22 22:08:12 - dimension_optimizer - WARNING - Colonne nb_enfant manquante
2025-12-22 22:08:12 - dimension_optimizer - INFO - Transformation enfants : 2 colonnes
2025-12-22 22:08:12 - dimension_optimizer - WARNING - Colonne CD_OCC_LGT manquante
2025-12-22 22:08:12 - dimension_optimizer - INFO - Transformation logement : 2 colonnes
2025-12-22 22:08:12 - dimension_optimizer - INFO - Transformation terminée : (5000, 9)
2025-12-22 22:08:12 - dimension_optimizer - INFO - Dimensions créées : 8
2025-12-22 22:08:12 - dimension_optimizer - INFO - Colonnes finales : ['Situation_Couple', 'Situation_Celibataire', 'AGE', 'REVENU_Score', 'Enfants_Avec', 'Enfants_Sans', 'Logement_Proprietaire', 'Logement_NonProprietaire']
2025-12-22 22:08:16 - dimension_optimizer - INFO - DimensionOptimizer initialisé - Mode : stratifie
2025-12-22 22:08:16 - dimension_optimizer - INFO - Début transformation dimensionnelle - Mode stratifie
2025-12-22 22:08:16 - dimension_optimizer - INFO - Shape initiale : (1500, 19)
2025-12-22 22:08:16 - dimension_optimizer - INFO - Transformation situation_composite : 2 colonnes
2025-12-22 22:08:16 - dimension_optimizer - INFO - Transformation age : 1 colonnes
2025-12-22 22:08:16 - dimension_optimizer - WARNING - Colonnes FRONTALIER ou CDPCSP manquantes pour REVENU
2025-12-22 22:08:16 - dimension_optimizer - INFO - Transformation revenu : 1 colonnes
2025-12-22 22:08:16 - dimension_optimizer - WARNING - Colonne nb_enfant manquante
2025-12-22 22:08:16 - dimension_optimizer - INFO - Transformation enfants : 2 colonnes
2025-12-22 22:08:16 - dimension_optimizer - WARNING - Colonne CD_OCC_LGT manquante
2025-12-22 22:08:16 - dimension_optimizer - INFO - Transformation logement : 2 colonnes
2025-12-22 22:08:16 - dimension_optimizer - INFO - Transformation terminée : (1500, 9)
2025-12-22 22:08:16 - dimension_optimizer - INFO - Dimensions créées : 8
2025-12-22 22:08:16 - dimension_optimizer - INFO - Colonnes finales : ['Situation_Couple', 'Situation_Celibataire', 'AGE', 'REVENU_Score', 'Enfants_Avec', 'Enfants_Sans', 'Logement_Proprietaire', 'Logement_NonProprietaire']
2025-12-22 22:08:17 - dimension_optimizer - INFO - DimensionOptimizer initialisé - Mode : stratifie
2025-12-22 22:08:17 - dimension_optimizer - INFO - Début transformation dimensionnelle - Mode stratifie
2025-12-22 22:08:17 - dimension_optimizer - INFO - Shape initiale : (1000, 19)
2025-12-22 22:08:17 - dimension_optimizer - INFO - Transformation situation_composite : 2 colonnes
2025-12-22 22:08:17 - dimension_optimizer - INFO - Transformation age : 1 colonnes
2025-12-22 22:08:17 - dimension_optimizer - WARNING - Colonnes FRONTALIER ou CDPCSP manquantes pour REVENU
2025-12-22 22:08:17 - dimension_optimizer - INFO - Transformation revenu : 1 colonnes
2025-12-22 22:08:17 - dimension_optimizer - WARNING - Colonne nb_enfant manquante
2025-12-22 22:08:17 - dimension_optimizer - INFO - Transformation enfants : 2 colonnes
2025-12-22 22:08:17 - dimension_optimizer - WARNING - Colonne CD_OCC_LGT manquante
2025-12-22 22:08:17 - dimension_optimizer - INFO - Transformation logement : 2 colonnes
2025-12-22 22:08:17 - dimension_optimizer - INFO - Transformation terminée : (1000, 9)
2025-12-22 22:08:17 - dimension_optimizer - INFO - Dimensions créées : 8
2025-12-22 22:08:17 - dimension_optimizer - INFO - Colonnes finales : ['Situation_Couple', 'Situation_Celibataire', 'AGE', 'REVENU_Score', 'Enfants_Avec', 'Enfants_Sans', 'Logement_Proprietaire', 'Logement_NonProprietaire']
2025-12-22 22:08:17 - dimension_optimizer - INFO - DimensionOptimizer initialisé - Mode : global
2025-12-22 22:08:17 - dimension_optimizer - INFO - Début transformation dimensionnelle - Mode global
2025-12-22 22:08:17 - dimension_optimizer - INFO - Shape initiale : (1000, 19)
2025-12-22 22:08:17 - dimension_optimizer - INFO - Transformation situation_composite : 2 colonnes
2025-12-22 22:08:17 - dimension_optimizer - INFO - Transformation age : 4 colonnes
2025-12-22 22:08:17 - dimension_optimizer - WARNING - Colonnes FRONTALIER ou CDPCSP manquantes pour REVENU
2025-12-22 22:08:17 - dimension_optimizer - INFO - Transformation revenu : 1 colonnes
2025-12-22 22:08:17 - dimension_optimizer - WARNING - Colonne nb_enfant manquante
2025-12-22 22:08:17 - dimension_optimizer - INFO - Transformation enfants : 2 colonnes
2025-12-22 22:08:17 - dimension_optimizer - WARNING - Colonne CD_OCC_LGT manquante
2025-12-22 22:08:17 - dimension_optimizer - INFO - Transformation logement : 2 colonnes
2025-12-22 22:08:17 - dimension_optimizer - INFO - Transformation terminée : (1000, 12)
2025-12-22 22:08:17 - dimension_optimizer - INFO - Dimensions créées : 11
2025-12-22 22:08:17 - dimension_optimizer - INFO - Colonnes finales : ['Situation_Couple', 'Situation_Celibataire', 'Age_Jeunes', 'Age_Actifs', 'Age_Seniors', 'Age_Retraites', 'REVENU_Score', 'Enfants_Avec', 'Enfants_Sans', 'Logement_Proprietaire', 'Logement_NonProprietaire']
2025-12-22 22:08:17 - dimension_optimizer - INFO - DimensionOptimizer initialisé - Mode : stratifie
2025-12-22 22:08:17 - dimension_optimizer - INFO - DimensionOptimizer initialisé - Mode : stratifie
2025-12-22 22:08:17 - dimension_optimizer - INFO - Début transformation dimensionnelle - Mode stratifie
2025-12-22 22:08:17 - dimension_optimizer - INFO - Shape initiale : (1000, 19)
2025-12-22 22:08:17 - dimension_optimizer - INFO - Transformation situation_composite : 2 colonnes
2025-12-22 22:08:17 - dimension_optimizer - INFO - Transformation age : 1 colonnes
2025-12-22 22:08:17 - dimension_optimizer - WARNING - Colonnes FRONTALIER ou CDPCSP manquantes pour REVENU
2025-12-22 22:08:17 - dimension_optimizer - INFO - Transformation revenu : 1 colonnes
2025-12-22 22:08:17 - dimension_optimizer - WARNING - Colonne nb_enfant manquante
2025-12-22 22:08:17 - dimension_optimizer - INFO - Transformation enfants : 2 colonnes
2025-12-22 22:08:17 - dimension_optimizer - WARNING - Colonne CD_OCC_LGT manquante
2025-12-22 22:08:17 - dimension_optimizer - INFO - Transformation logement : 2 colonnes
2025-12-22 22:08:17 - dimension_optimizer - INFO - Transformation terminée : (1000, 9)
2025-12-22 22:08:17 - dimension_optimizer - INFO - Dimensions créées : 8
2025-12-22 22:08:17 - dimension_optimizer - INFO - Colonnes finales : ['Situation_Couple', 'Situation_Celibataire', 'AGE', 'REVENU_Score', 'Enfants_Avec', 'Enfants_Sans', 'Logement_Proprietaire', 'Logement_NonProprietaire']
2025-12-22 22:08:17 - dimension_optimizer - INFO - DimensionOptimizer initialisé - Mode : stratifie
2025-12-22 22:08:17 - dimension_optimizer - INFO - Début transformation dimensionnelle - Mode stratifie
2025-12-22 22:08:17 - dimension_optimizer - INFO - Shape initiale : (1000, 19)
2025-12-22 22:08:17 - dimension_optimizer - INFO - Transformation situation_composite : 2 colonnes
2025-12-22 22:08:17 - dimension_optimizer - INFO - Transformation age : 1 colonnes
2025-12-22 22:08:17 - dimension_optimizer - WARNING - Colonnes FRONTALIER ou CDPCSP manquantes pour REVENU
2025-12-22 22:08:17 - dimension_optimizer - INFO - Transformation revenu : 1 colonnes
2025-12-22 22:08:17 - dimension_optimizer - WARNING - Colonne nb_enfant manquante
2025-12-22 22:08:17 - dimension_optimizer - INFO - Transformation enfants : 2 colonnes
2025-12-22 22:08:17 - dimension_optimizer - WARNING - Colonne CD_OCC_LGT manquante
2025-12-22 22:08:17 - dimension_optimizer - INFO - Transformation logement : 2 colonnes
2025-12-22 22:08:17 - dimension_optimizer - INFO - Transformation terminée : (1000, 8)
2025-12-22 22:08:17 - dimension_optimizer - INFO - Dimensions créées : 8
2025-12-22 22:08:17 - dimension_optimizer - INFO - Colonnes finales : ['Situation_Couple', 'Situation_Celibataire', 'AGE', 'REVENU_Score', 'Enfants_Avec', 'Enfants_Sans', 'Logement_Proprietaire', 'Logement_NonProprietaire']
2025-12-22 22:08:17 - dimension_optimizer - INFO - DimensionOptimizer initialisé - Mode : stratifie
2025-12-22 22:08:17 - dimension_optimizer - INFO - Début transformation dimensionnelle - Mode stratifie
2025-12-22 22:08:17 - dimension_optimizer - INFO - Shape initiale : (2000, 19)
2025-12-22 22:08:17 - dimension_optimizer - INFO - Transformation situation_composite : 2 colonnes
2025-12-22 22:08:17 - dimension_optimizer - INFO - Transformation age : 1 colonnes
2025-12-22 22:08:17 - dimension_optimizer - WARNING - Colonnes FRONTALIER ou CDPCSP manquantes pour REVENU
2025-12-22 22:08:17 - dimension_optimizer - INFO - Transformation revenu : 1 colonnes
2025-12-22 22:08:17 - dimension_optimizer - WARNING - Colonne nb_enfant manquante
2025-12-22 22:08:17 - dimension_optimizer - INFO - Transformation enfants : 2 colonnes
2025-12-22 22:08:17 - dimension_optimizer - WARNING - Colonne CD_OCC_LGT manquante
2025-12-22 22:08:17 - dimension_optimizer - INFO - Transformation logement : 2 colonnes
2025-12-22 22:08:17 - dimension_optimizer - INFO - Transformation terminée : (2000, 9)
2025-12-22 22:08:17 - dimension_optimizer - INFO - Dimensions créées : 8
2025-12-22 22:08:17 - dimension_optimizer - INFO - Colonnes finales : ['Situation_Couple', 'Situation_Celibataire', 'AGE', 'REVENU_Score', 'Enfants_Avec', 'Enfants_Sans', 'Logement_Proprietaire', 'Logement_NonProprietaire']
2025-12-22 22:08:18 - dimension_optimizer - INFO - DimensionOptimizer initialisé - Mode : stratifie
2025-12-22 22:08:18 - dimension_optimizer - INFO - Début transformation dimensionnelle - Mode stratifie
2025-12-22 22:08:18 - dimension_optimizer - INFO - Shape initiale : (2000, 19)
2025-12-22 22:08:18 - dimension_optimizer - INFO - Transformation situation_composite : 2 colonnes
2025-12-22 22:08:18 - dimension_optimizer - INFO - Transformation age : 1 colonnes
2025-12-22 22:08:18 - dimension_optimizer - WARNING - Colonnes FRONTALIER ou CDPCSP manquantes pour REVENU
2025-12-22 22:08:18 - dimension_optimizer - INFO - Transformation revenu : 1 colonnes
2025-12-22 22:08:18 - dimension_optimizer - WARNING - Colonne nb_enfant manquante
2025-12-22 22:08:18 - dimension_optimizer - INFO - Transformation enfants : 2 colonnes
2025-12-22 22:08:18 - dimension_optimizer - WARNING - Colonne CD_OCC_LGT manquante
2025-12-22 22:08:18 - dimension_optimizer - INFO - Transformation logement : 2 colonnes
2025-12-22 22:08:18 - dimension_optimizer - INFO - Transformation terminée : (2000, 9)
2025-12-22 22:08:18 - dimension_optimizer - INFO - Dimensions créées : 8
2025-12-22 22:08:18 - dimension_optimizer - INFO - Colonnes finales : ['Situation_Couple', 'Situation_Celibataire', 'AGE', 'REVENU_Score', 'Enfants_Avec', 'Enfants_Sans', 'Logement_Proprietaire', 'Logement_NonProprietaire']
2025-12-22 22:08:19 - dimension_optimizer - INFO - DimensionOptimizer initialisé - Mode : stratifie
2025-12-22 22:08:19 - dimension_optimizer - INFO - Début transformation dimensionnelle - Mode stratifie
2025-12-22 22:08:19 - dimension_optimizer - INFO - Shape initiale : (2000, 19)
2025-12-22 22:08:19 - dimension_optimizer - INFO - Transformation situation_composite : 2 colonnes
2025-12-22 22:08:19 - dimension_optimizer - INFO - Transformation age : 1 colonnes
2025-12-22 22:08:19 - dimension_optimizer - WARNING - Colonnes FRONTALIER ou CDPCSP manquantes pour REVENU
2025-12-22 22:08:19 - dimension_optimizer - INFO - Transformation revenu : 1 colonnes
2025-12-22 22:08:19 - dimension_optimizer - WARNING - Colonne nb_enfant manquante
2025-12-22 22:08:19 - dimension_optimizer - INFO - Transformation enfants : 2 colonnes
2025-12-22 22:08:19 - dimension_optimizer - WARNING - Colonne CD_OCC_LGT manquante
2025-12-22 22:08:19 - dimension_optimizer - INFO - Transformation logement : 2 colonnes
2025-12-22 22:08:19 - dimension_optimizer - INFO - Transformation terminée : (2000, 9)
2025-12-22 22:08:19 - dimension_optimizer - INFO - Dimensions créées : 8
2025-12-22 22:08:19 - dimension_optimizer - INFO - Colonnes finales : ['Situation_Couple', 'Situation_Celibataire', 'AGE', 'REVENU_Score', 'Enfants_Avec', 'Enfants_Sans', 'Logement_Proprietaire', 'Logement_NonProprietaire']
2025-12-22 22:08:20 - dimension_optimizer - INFO - DimensionOptimizer initialisé - Mode : stratifie
2025-12-22 22:08:20 - dimension_optimizer - INFO - Début transformation dimensionnelle - Mode stratifie
2025-12-22 22:08:20 - dimension_optimizer - INFO - Shape initiale : (2000, 19)
2025-12-22 22:08:20 - dimension_optimizer - INFO - Transformation situation_composite : 2 colonnes
2025-12-22 22:08:20 - dimension_optimizer - INFO - Transformation age : 1 colonnes
2025-12-22 22:08:20 - dimension_optimizer - WARNING - Colonnes FRONTALIER ou CDPCSP manquantes pour REVENU
2025-12-22 22:08:20 - dimension_optimizer - INFO - Transformation revenu : 1 colonnes
2025-12-22 22:08:20 - dimension_optimizer - WARNING - Colonne nb_enfant manquante
2025-12-22 22:08:20 - dimension_optimizer - INFO - Transformation enfants : 2 colonnes
2025-12-22 22:08:20 - dimension_optimizer - WARNING - Colonne CD_OCC_LGT manquante
2025-12-22 22:08:20 - dimension_optimizer - INFO - Transformation logement : 2 colonnes
2025-12-22 22:08:20 - dimension_optimizer - INFO - Transformation terminée : (2000, 9)
2025-12-22 22:08:20 - dimension_optimizer - INFO - Dimensions créées : 8
2025-12-22 22:08:20 - dimension_optimizer - INFO - Colonnes finales : ['Situation_Couple', 'Situation_Celibataire', 'AGE', 'REVENU_Score', 'Enfants_Avec', 'Enfants_Sans', 'Logement_Proprietaire', 'Logement_NonProprietaire']
2025-12-22 22:08:20 - dimension_optimizer - INFO - DimensionOptimizer initialisé - Mode : stratifie
2025-12-22 22:08:20 - dimension_optimizer - INFO - Début transformation dimensionnelle - Mode stratifie
2025-12-22 22:08:20 - dimension_optimizer - INFO - Shape initiale : (2000, 19)
2025-12-22 22:08:20 - dimension_optimizer - INFO - Transformation situation_composite : 2 colonnes
2025-12-22 22:08:20 - dimension_optimizer - INFO - Transformation age : 1 colonnes
2025-12-22 22:08:20 - dimension_optimizer - WARNING - Colonnes FRONTALIER ou CDPCSP manquantes pour REVENU
2025-12-22 22:08:20 - dimension_optimizer - INFO - Transformation revenu : 1 colonnes
2025-12-22 22:08:20 - dimension_optimizer - WARNING - Colonne nb_enfant manquante
2025-12-22 22:08:20 - dimension_optimizer - INFO - Transformation enfants : 2 colonnes
2025-12-22 22:08:20 - dimension_optimizer - WARNING - Colonne CD_OCC_LGT manquante
2025-12-22 22:08:20 - dimension_optimizer - INFO - Transformation logement : 2 colonnes
2025-12-22 22:08:20 - dimension_optimizer - INFO - Transformation terminée : (2000, 9)
2025-12-22 22:08:20 - dimension_optimizer - INFO - Dimensions créées : 8
2025-12-22 22:08:20 - dimension_optimizer - INFO - Colonnes finales : ['Situation_Couple', 'Situation_Celibataire', 'AGE', 'REVENU_Score', 'Enfants_Avec', 'Enfants_Sans', 'Logement_Proprietaire', 'Logement_NonProprietaire']
2025-12-22 22:08:20 - dimension_optimizer - INFO - DimensionOptimizer initialisé - Mode : stratifie
2025-12-22 22:08:20 - dimension_optimizer - INFO - Début transformation dimensionnelle - Mode stratifie
2025-12-22 22:08:20 - dimension_optimizer - INFO - Shape initiale : (200, 19)
2025-12-22 22:08:20 - dimension_optimizer - INFO - Transformation situation_composite : 2 colonnes
2025-12-22 22:08:20 - dimension_optimizer - INFO - Transformation age : 1 colonnes
2025-12-22 22:08:20 - dimension_optimizer - WARNING - Colonnes FRONTALIER ou CDPCSP manquantes pour REVENU
2025-12-22 22:08:20 - dimension_optimizer - INFO - Transformation revenu : 1 colonnes
2025-12-22 22:08:20 - dimension_optimizer - WARNING - Colonne nb_enfant manquante
2025-12-22 22:08:20 - dimension_optimizer - INFO - Transformation enfants : 2 colonnes
2025-12-22 22:08:20 - dimension_optimizer - WARNING - Colonne CD_OCC_LGT manquante
2025-12-22 22:08:20 - dimension_optimizer - INFO - Transformation logement : 2 colonnes
2025-12-22 22:08:20 - dimension_optimizer - INFO - Transformation terminée : (200, 9)
2025-12-22 22:08:20 - dimension_optimizer - INFO - Dimensions créées : 8
2025-12-22 22:08:20 - dimension_optimizer - INFO - Colonnes finales : ['Situation_Couple', 'Situation_Celibataire', 'AGE', 'REVENU_Score', 'Enfants_Avec', 'Enfants_Sans', 'Logement_Proprietaire', 'Logement_NonProprietaire']
2025-12-22 22:08:20 - dimension_optimizer - INFO - DimensionOptimizer initialisé - Mode : stratifie
2025-12-22 22:08:20 - dimension_optimizer - INFO - Début transformation dimensionnelle - Mode stratifie
2025-12-22 22:08:20 - dimension_optimizer - INFO - Shape initiale : (2000, 19)
2025-12-22 22:08:20 - dimension_optimizer - INFO - Transformation situation_composite : 2 colonnes
2025-12-22 22:08:20 - dimension_optimizer - INFO - Transformation age : 1 colonnes
2025-12-22 22:08:20 - dimension_optimizer - WARNING - Colonnes FRONTALIER ou CDPCSP manquantes pour REVENU
2025-12-22 22:08:20 - dimension_optimizer - INFO - Transformation revenu : 1 colonnes
2025-12-22 22:08:20 - dimension_optimizer - WARNING - Colonne nb_enfant manquante
2025-12-22 22:08:20 - dimension_optimizer - INFO - Transformation enfants : 2 colonnes
2025-12-22 22:08:20 - dimension_optimizer - WARNING - Colonne CD_OCC_LGT manquante
2025-12-22 22:08:20 - dimension_optimizer - INFO - Transformation logement : 2 colonnes
2025-12-22 22:08:20 - dimension_optimizer - INFO - Transformation terminée : (2000, 9)
2025-12-22 22:08:20 - dimension_optimizer - INFO - Dimensions créées : 8
2025-12-22 22:08:20 - dimension_optimizer - INFO - Colonnes finales : ['Situation_Couple', 'Situation_Celibataire', 'AGE', 'REVENU_Score', 'Enfants_Avec', 'Enfants_Sans', 'Logement_Proprietaire', 'Logement_NonProprietaire']
2025-12-22 22:08:21 - dimension_optimizer - INFO - DimensionOptimizer initialisé - Mode : stratifie
2025-12-22 22:08:21 - dimension_optimizer - INFO - Début transformation dimensionnelle - Mode stratifie
2025-12-22 22:08:21 - dimension_optimizer - INFO - Shape initiale : (2000, 19)
2025-12-22 22:08:21 - dimension_optimizer - INFO - Transformation situation_composite : 2 colonnes
2025-12-22 22:08:21 - dimension_optimizer - INFO - Transformation age : 1 colonnes
2025-12-22 22:08:21 - dimension_optimizer - WARNING - Colonnes FRONTALIER ou CDPCSP manquantes pour REVENU
2025-12-22 22:08:21 - dimension_optimizer - INFO - Transformation revenu : 1 colonnes
2025-12-22 22:08:21 - dimension_optimizer - WARNING - Colonne nb_enfant manquante
2025-12-22 22:08:21 - dimension_optimizer - INFO - Transformation enfants : 2 colonnes
2025-12-22 22:08:21 - dimension_optimizer - WARNING - Colonne CD_OCC_LGT manquante
2025-12-22 22:08:21 - dimension_optimizer - INFO - Transformation logement : 2 colonnes
2025-12-22 22:08:21 - dimension_optimizer - INFO - Transformation terminée : (2000, 9)
2025-12-22 22:08:21 - dimension_optimizer - INFO - Dimensions créées : 8
2025-12-22 22:08:21 - dimension_optimizer - INFO - Colonnes finales : ['Situation_Couple', 'Situation_Celibataire', 'AGE', 'REVENU_Score', 'Enfants_Avec', 'Enfants_Sans', 'Logement_Proprietaire', 'Logement_NonProprietaire']
2025-12-22 22:08:22 - dimension_optimizer - INFO - DimensionOptimizer initialisé - Mode : stratifie
2025-12-22 22:08:22 - dimension_optimizer - INFO - Début transformation dimensionnelle - Mode stratifie
2025-12-22 22:08:22 - dimension_optimizer - INFO - Shape initiale : (2000, 19)
2025-12-22 22:08:22 - dimension_optimizer - INFO - Transformation situation_composite : 2 colonnes
2025-12-22 22:08:22 - dimension_optimizer - INFO - Transformation age : 1 colonnes
2025-12-22 22:08:22 - dimension_optimizer - WARNING - Colonnes FRONTALIER ou CDPCSP manquantes pour REVENU
2025-12-22 22:08:22 - dimension_optimizer - INFO - Transformation revenu : 1 colonnes
2025-12-22 22:08:22 - dimension_optimizer - WARNING - Colonne nb_enfant manquante
2025-12-22 22:08:22 - dimension_optimizer - INFO - Transformation enfants : 2 colonnes
2025-12-22 22:08:22 - dimension_optimizer - WARNING - Colonne CD_OCC_LGT manquante
2025-12-22 22:08:22 - dimension_optimizer - INFO - Transformation logement : 2 colonnes
2025-12-22 22:08:22 - dimension_optimizer - INFO - Transformation terminée : (2000, 9)
2025-12-22 22:08:22 - dimension_optimizer - INFO - Dimensions créées : 8
2025-12-22 22:08:22 - dimension_optimizer - INFO - Colonnes finales : ['Situation_Couple', 'Situation_Celibataire', 'AGE', 'REVENU_Score', 'Enfants_Avec', 'Enfants_Sans', 'Logement_Proprietaire', 'Logement_NonProprietaire']
2025-12-22 22:08:23 - dimension_optimizer - INFO - DimensionOptimizer initialisé - Mode : stratifie
2025-12-22 22:08:23 - dimension_optimizer - INFO - Début transformation dimensionnelle - Mode stratifie
2025-12-22 22:08:23 - dimension_optimizer - INFO - Shape initiale : (2000, 19)
2025-12-22 22:08:23 - dimension_optimizer - INFO - Transformation situation_composite : 2 colonnes
2025-12-22 22:08:23 - dimension_optimizer - INFO - Transformation age : 1 colonnes
2025-12-22 22:08:23 - dimension_optimizer - WARNING - Colonnes FRONTALIER ou CDPCSP manquantes pour REVENU
2025-12-22 22:08:23 - dimension_optimizer - INFO - Transformation revenu : 1 colonnes
2025-12-22 22:08:23 - dimension_optimizer - WARNING - Colonne nb_enfant manquante
2025-12-22 22:08:23 - dimension_optimizer - INFO - Transformation enfants : 2 colonnes
2025-12-22 22:08:23 - dimension_optimizer - WARNING - Colonne CD_OCC_LGT manquante
2025-12-22 22:08:23 - dimension_optimizer - INFO - Transformation logement : 2 colonnes
2025-12-22 22:08:23 - dimension_optimizer - INFO - Transformation terminée : (2000, 9)
2025-12-22 22:08:23 - dimension_optimizer - INFO - Dimensions créées : 8
2025-12-22 22:08:23 - dimension_optimizer - INFO - Colonnes finales : ['Situation_Couple', 'Situation_Celibataire', 'AGE', 'REVENU_Score', 'Enfants_Avec', 'Enfants_Sans', 'Logement_Proprietaire', 'Logement_NonProprietaire']
2025-12-22 22:08:24 - dimension_optimizer - INFO - DimensionOptimizer initialisé - Mode : stratifie
2025-12-22 22:08:24 - dimension_optimizer - INFO - Début transformation dimensionnelle - Mode stratifie
2025-12-22 22:08:24 - dimension_optimizer - INFO - Shape initiale : (2000, 19)
2025-12-22 22:08:24 - dimension_optimizer - INFO - Transformation situation_composite : 2 colonnes
2025-12-22 22:08:24 - dimension_optimizer - INFO - Transformation age : 1 colonnes
2025-12-22 22:08:24 - dimension_optimizer - WARNING - Colonnes FRONTALIER ou CDPCSP manquantes pour REVENU
2025-12-22 22:08:24 - dimension_optimizer - INFO - Transformation revenu : 1 colonnes
2025-12-22 22:08:24 - dimension_optimizer - WARNING - Colonne nb_enfant manquante
2025-12-22 22:08:24 - dimension_optimizer - INFO - Transformation enfants : 2 colonnes
2025-12-22 22:08:24 - dimension_optimizer - WARNING - Colonne CD_OCC_LGT manquante
2025-12-22 22:08:24 - dimension_optimizer - INFO - Transformation logement : 2 colonnes
2025-12-22 22:08:24 - dimension_optimizer - INFO - Transformation terminée : (2000, 9)
2025-12-22 22:08:24 - dimension_optimizer - INFO - Dimensions créées : 8
2025-12-22 22:08:24 - dimension_optimizer - INFO - Colonnes finales : ['Situation_Couple', 'Situation_Celibataire', 'AGE', 'REVENU_Score', 'Enfants_Avec', 'Enfants_Sans', 'Logement_Proprietaire', 'Logement_NonProprietaire']
2025-12-22 22:08:25 - dimension_optimizer - INFO - DimensionOptimizer initialisé - Mode : stratifie
2025-12-22 22:08:25 - dimension_optimizer - INFO - Début transformation dimensionnelle - Mode stratifie
2025-12-22 22:08:25 - dimension_optimizer - INFO - Shape initiale : (1000, 19)
2025-12-22 22:08:25 - dimension_optimizer - INFO - Transformation situation_composite : 2 colonnes
2025-12-22 22:08:25 - dimension_optimizer - INFO - Transformation age : 1 colonnes
2025-12-22 22:08:25 - dimension_optimizer - WARNING - Colonnes FRONTALIER ou CDPCSP manquantes pour REVENU
2025-12-22 22:08:25 - dimension_optimizer - INFO - Transformation revenu : 1 colonnes
2025-12-22 22:08:25 - dimension_optimizer - WARNING - Colonne nb_enfant manquante
2025-12-22 22:08:25 - dimension_optimizer - INFO - Transformation enfants : 2 colonnes
2025-12-22 22:08:25 - dimension_optimizer - WARNING - Colonne CD_OCC_LGT manquante
2025-12-22 22:08:25 - dimension_optimizer - INFO - Transformation logement : 2 colonnes
2025-12-22 22:08:25 - dimension_optimizer - INFO - Transformation terminée : (1000, 9)
2025-12-22 22:08:25 - dimension_optimizer - INFO - Dimensions créées : 8
2025-12-22 22:08:25 - dimension_optimizer - INFO - Colonnes finales : ['Situation_Couple', 'Situation_Celibataire', 'AGE', 'REVENU_Score', 'Enfants_Avec', 'Enfants_Sans', 'Logement_Proprietaire', 'Logement_NonProprietaire']
2025-12-22 22:08:25 - dimension_optimizer - INFO - DimensionOptimizer initialisé - Mode : stratifie
2025-12-22 22:08:25 - dimension_optimizer - INFO - Début transformation dimensionnelle - Mode stratifie
2025-12-22 22:08:25 - dimension_optimizer - INFO - Shape initiale : (1000, 19)
2025-12-22 22:08:25 - dimension_optimizer - INFO - Transformation situation_composite : 2 colonnes
2025-12-22 22:08:25 - dimension_optimizer - INFO - Transformation age : 1 colonnes
2025-12-22 22:08:25 - dimension_optimizer - WARNING - Colonnes FRONTALIER ou CDPCSP manquantes pour REVENU
2025-12-22 22:08:25 - dimension_optimizer - INFO - Transformation revenu : 1 colonnes
2025-12-22 22:08:25 - dimension_optimizer - WARNING - Colonne nb_enfant manquante
2025-12-22 22:08:25 - dimension_optimizer - INFO - Transformation enfants : 2 colonnes
2025-12-22 22:08:25 - dimension_optimizer - WARNING - Colonne CD_OCC_LGT manquante
2025-12-22 22:08:25 - dimension_optimizer - INFO - Transformation logement : 2 colonnes
2025-12-22 22:08:25 - dimension_optimizer - INFO - Transformation terminée : (1000, 9)
2025-12-22 22:08:25 - dimension_optimizer - INFO - Dimensions créées : 8
2025-12-22 22:08:25 - dimension_optimizer - INFO - Colonnes finales : ['Situation_Couple', 'Situation_Celibataire', 'AGE', 'REVENU_Score', 'Enfants_Avec', 'Enfants_Sans', 'Logement_Proprietaire', 'Logement_NonProprietaire']
2025-12-22 22:08:26 - dimension_optimizer - INFO - DimensionOptimizer initialisé - Mode : stratifie
2025-12-22 22:08:26 - dimension_optimizer - INFO - Début transformation dimensionnelle - Mode stratifie
2025-12-22 22:08:26 - dimension_optimizer - INFO - Shape initiale : (500, 19)
2025-12-22 22:08:26 - dimension_optimizer - INFO - Transformation situation_composite : 2 colonnes
2025-12-22 22:08:26 - dimension_optimizer - INFO - Transformation age : 1 colonnes
2025-12-22 22:08:26 - dimension_optimizer - WARNING - Colonnes FRONTALIER ou CDPCSP manquantes pour REVENU
2025-12-22 22:08:26 - dimension_optimizer - INFO - Transformation revenu : 1 colonnes
2025-12-22 22:08:26 - dimension_optimizer - WARNING - Colonne nb_enfant manquante
2025-12-22 22:08:26 - dimension_optimizer - INFO - Transformation enfants : 2 colonnes
2025-12-22 22:08:26 - dimension_optimizer - WARNING - Colonne CD_OCC_LGT manquante
2025-12-22 22:08:26 - dimension_optimizer - INFO - Transformation logement : 2 colonnes
2025-12-22 22:08:26 - dimension_optimizer - INFO - Transformation terminée : (500, 9)
2025-12-22 22:08:26 - dimension_optimizer - INFO - Dimensions créées : 8
2025-12-22 22:08:26 - dimension_optimizer - INFO - Colonnes finales : ['Situation_Couple', 'Situation_Celibataire', 'AGE', 'REVENU_Score', 'Enfants_Avec', 'Enfants_Sans', 'Logement_Proprietaire', 'Logement_NonProprietaire']
2025-12-22 22:08:27 - dimension_optimizer - INFO - DimensionOptimizer initialisé - Mode : global
2025-12-22 22:08:27 - dimension_optimizer - INFO - Début transformation dimensionnelle - Mode global
2025-12-22 22:08:27 - dimension_optimizer - INFO - Shape initiale : (500, 19)
2025-12-22 22:08:27 - dimension_optimizer - INFO - Transformation situation_composite : 2 colonnes
2025-12-22 22:08:27 - dimension_optimizer - INFO - Transformation age : 4 colonnes
2025-12-22 22:08:27 - dimension_optimizer - WARNING - Colonnes FRONTALIER ou CDPCSP manquantes pour REVENU
2025-12-22 22:08:27 - dimension_optimizer - INFO - Transformation revenu : 1 colonnes
2025-12-22 22:08:27 - dimension_optimizer - WARNING - Colonne nb_enfant manquante
2025-12-22 22:08:27 - dimension_optimizer - INFO - Transformation enfants : 2 colonnes
2025-12-22 22:08:27 - dimension_optimizer - WARNING - Colonne CD_OCC_LGT manquante
2025-12-22 22:08:27 - dimension_optimizer - INFO - Transformation logement : 2 colonnes
2025-12-22 22:08:27 - dimension_optimizer - INFO - Transformation terminée : (500, 12)
2025-12-22 22:08:27 - dimension_optimizer - INFO - Dimensions créées : 11
2025-12-22 22:08:27 - dimension_optimizer - INFO - Colonnes finales : ['Situation_Couple', 'Situation_Celibataire', 'Age_Jeunes', 'Age_Actifs', 'Age_Seniors', 'Age_Retraites', 'REVENU_Score', 'Enfants_Avec', 'Enfants_Sans', 'Logement_Proprietaire', 'Logement_NonProprietaire']
2025-12-22 22:08:27 - dimension_optimizer - INFO - DimensionOptimizer initialisé - Mode : stratifie
2025-12-22 22:08:27 - dimension_optimizer - INFO - Début transformation dimensionnelle - Mode stratifie
2025-12-22 22:08:27 - dimension_optimizer - INFO - Shape initiale : (50, 19)
2025-12-22 22:08:27 - dimension_optimizer - INFO - Transformation situation_composite : 2 colonnes
2025-12-22 22:08:27 - dimension_optimizer - INFO - Transformation age : 1 colonnes
2025-12-22 22:08:27 - dimension_optimizer - WARNING - Colonnes FRONTALIER ou CDPCSP manquantes pour REVENU
2025-12-22 22:08:27 - dimension_optimizer - INFO - Transformation revenu : 1 colonnes
2025-12-22 22:08:27 - dimension_optimizer - WARNING - Colonne nb_enfant manquante
2025-12-22 22:08:27 - dimension_optimizer - INFO - Transformation enfants : 2 colonnes
2025-12-22 22:08:27 - dimension_optimizer - WARNING - Colonne CD_OCC_LGT manquante
2025-12-22 22:08:27 - dimension_optimizer - INFO - Transformation logement : 2 colonnes
2025-12-22 22:08:27 - dimension_optimizer - INFO - Transformation terminée : (50, 9)
2025-12-22 22:08:27 - dimension_optimizer - INFO - Dimensions créées : 8
2025-12-22 22:08:27 - dimension_optimizer - INFO - Colonnes finales : ['Situation_Couple', 'Situation_Celibataire', 'AGE', 'REVENU_Score', 'Enfants_Avec', 'Enfants_Sans', 'Logement_Proprietaire', 'Logement_NonProprietaire']
2025-12-22 22:08:38 - dimension_optimizer - INFO - Logger dimension_optimizer configuré - Fichier: /Users/taieb/Documents/GITHUB REPO/ML_banking_segmentation/logs/dimension_optimizer_20251222.log
2025-12-22 22:08:38 - dimension_optimizer - INFO - DimensionOptimizer initialisé - Mode : stratifie
2025-12-22 22:08:38 - dimension_optimizer - INFO - Début transformation dimensionnelle - Mode stratifie
2025-12-22 22:08:38 - dimension_optimizer - INFO - Shape initiale : (50, 19)
2025-12-22 22:08:38 - dimension_optimizer - INFO - Transformation situation_composite : 2 colonnes
2025-12-22 22:08:38 - dimension_optimizer - INFO - Transformation age : 1 colonnes
2025-12-22 22:08:38 - dimension_optimizer - WARNING - Colonnes FRONTALIER ou CDPCSP manquantes pour REVENU
2025-12-22 22:08:38 - dimension_optimizer - INFO - Transformation revenu : 1 colonnes
2025-12-22 22:08:38 - dimension_optimizer - WARNING - Colonne nb_enfant manquante
2025-12-22 22:08:38 - dimension_optimizer - INFO - Transformation enfants : 2 colonnes
2025-12-22 22:08:38 - dimension_optimizer - WARNING - Colonne CD_OCC_LGT manquante
2025-12-22 22:08:38 - dimension_optimizer - INFO - Transformation logement : 2 colonnes
2025-12-22 22:08:38 - dimension_optimizer - INFO - Transformation terminée : (50, 9)
2025-12-22 22:08:38 - dimension_optimizer - INFO - Dimensions créées : 8
2025-12-22 22:08:38 - dimension_optimizer - INFO - Colonnes finales : ['Situation_Couple', 'Situation_Celibataire', 'AGE', 'REVENU_Score', 'Enfants_Avec', 'Enfants_Sans', 'Logement_Proprietaire', 'Logement_NonProprietaire']
2025-12-22 22:09:25 - dimension_optimizer - INFO - Logger dimension_optimizer configuré - Fichier: /Users/taieb/Documents/GITHUB REPO/ML_banking_segmentation/logs/dimension_optimizer_20251222.log
2025-12-22 22:09:25 - dimension_optimizer - INFO - DimensionOptimizer initialisé - Mode : stratifie
2025-12-22 22:09:25 - dimension_optimizer - INFO - Début transformation dimensionnelle - Mode stratifie
2025-12-22 22:09:25 - dimension_optimizer - INFO - Shape initiale : (5000, 19)
2025-12-22 22:09:25 - dimension_optimizer - INFO - Transformation situation_composite : 2 colonnes
2025-12-22 22:09:25 - dimension_optimizer - INFO - Transformation age : 1 colonnes
2025-12-22 22:09:25 - dimension_optimizer - WARNING - Colonnes FRONTALIER ou CDPCSP manquantes pour REVENU
2025-12-22 22:09:25 - dimension_optimizer - INFO - Transformation revenu : 1 colonnes
2025-12-22 22:09:25 - dimension_optimizer - WARNING - Colonne nb_enfant manquante
2025-12-22 22:09:25 - dimension_optimizer - INFO - Transformation enfants : 2 colonnes
2025-12-22 22:09:25 - dimension_optimizer - WARNING - Colonne CD_OCC_LGT manquante
2025-12-22 22:09:25 - dimension_optimizer - INFO - Transformation logement : 2 colonnes
2025-12-22 22:09:25 - dimension_optimizer - INFO - Transformation terminée : (5000, 9)
2025-12-22 22:09:25 - dimension_optimizer - INFO - Dimensions créées : 8
2025-12-22 22:09:25 - dimension_optimizer - INFO - Colonnes finales : ['Situation_Couple', 'Situation_Celibataire', 'AGE', 'REVENU_Score', 'Enfants_Avec', 'Enfants_Sans', 'Logement_Proprietaire', 'Logement_NonProprietaire']
2025-12-22 22:09:28 - dimension_optimizer - INFO - DimensionOptimizer initialisé - Mode : stratifie
2025-12-22 22:09:28 - dimension_optimizer - INFO - Début transformation dimensionnelle - Mode stratifie
2025-12-22 22:09:28 - dimension_optimizer - INFO - Shape initiale : (1500, 19)
2025-12-22 22:09:28 - dimension_optimizer - INFO - Transformation situation_composite : 2 colonnes
2025-12-22 22:09:28 - dimension_optimizer - INFO - Transformation age : 1 colonnes
2025-12-22 22:09:28 - dimension_optimizer - WARNING - Colonnes FRONTALIER ou CDPCSP manquantes pour REVENU
2025-12-22 22:09:28 - dimension_optimizer - INFO - Transformation revenu : 1 colonnes
2025-12-22 22:09:28 - dimension_optimizer - WARNING - Colonne nb_enfant manquante
2025-12-22 22:09:28 - dimension_optimizer - INFO - Transformation enfants : 2 colonnes
2025-12-22 22:09:28 - dimension_optimizer - WARNING - Colonne CD_OCC_LGT manquante
2025-12-22 22:09:28 - dimension_optimizer - INFO - Transformation logement : 2 colonnes
2025-12-22 22:09:28 - dimension_optimizer - INFO - Transformation terminée : (1500, 9)
2025-12-22 22:09:28 - dimension_optimizer - INFO - Dimensions créées : 8
2025-12-22 22:09:28 - dimension_optimizer - INFO - Colonnes finales : ['Situation_Couple', 'Situation_Celibataire', 'AGE', 'REVENU_Score', 'Enfants_Avec', 'Enfants_Sans', 'Logement_Proprietaire', 'Logement_NonProprietaire']
2025-12-22 22:09:30 - dimension_optimizer - INFO - DimensionOptimizer initialisé - Mode : stratifie
2025-12-22 22:09:30 - dimension_optimizer - INFO - Début transformation dimensionnelle - Mode stratifie
2025-12-22 22:09:30 - dimension_optimizer - INFO - Shape initiale : (1000, 19)
2025-12-22 22:09:30 - dimension_optimizer - INFO - Transformation situation_composite : 2 colonnes
2025-12-22 22:09:30 - dimension_optimizer - INFO - Transformation age : 1 colonnes
2025-12-22 22:09:30 - dimension_optimizer - WARNING - Colonnes FRONTALIER ou CDPCSP manquantes pour REVENU
2025-12-22 22:09:30 - dimension_optimizer - INFO - Transformation revenu : 1 colonnes
2025-12-22 22:09:30 - dimension_optimizer - WARNING - Colonne nb_enfant manquante
2025-12-22 22:09:30 - dimension_optimizer - INFO - Transformation enfants : 2 colonnes
2025-12-22 22:09:30 - dimension_optimizer - WARNING - Colonne CD_OCC_LGT manquante
2025-12-22 22:09:30 - dimension_optimizer - INFO - Transformation logement : 2 colonnes
2025-12-22 22:09:30 - dimension_optimizer - INFO - Transformation terminée : (1000, 9)
2025-12-22 22:09:30 - dimension_optimizer - INFO - Dimensions créées : 8
2025-12-22 22:09:30 - dimension_optimizer - INFO - Colonnes finales : ['Situation_Couple', 'Situation_Celibataire', 'AGE', 'REVENU_Score', 'Enfants_Avec', 'Enfants_Sans', 'Logement_Proprietaire', 'Logement_NonProprietaire']
2025-12-22 22:09:30 - dimension_optimizer - INFO - DimensionOptimizer initialisé - Mode : global
2025-12-22 22:09:30 - dimension_optimizer - INFO - Début transformation dimensionnelle - Mode global
2025-12-22 22:09:30 - dimension_optimizer - INFO - Shape initiale : (1000, 19)
2025-12-22 22:09:30 - dimension_optimizer - INFO - Transformation situation_composite : 2 colonnes
2025-12-22 22:09:30 - dimension_optimizer - INFO - Transformation age : 4 colonnes
2025-12-22 22:09:30 - dimension_optimizer - WARNING - Colonnes FRONTALIER ou CDPCSP manquantes pour REVENU
2025-12-22 22:09:30 - dimension_optimizer - INFO - Transformation revenu : 1 colonnes
2025-12-22 22:09:30 - dimension_optimizer - WARNING - Colonne nb_enfant manquante
2025-12-22 22:09:30 - dimension_optimizer - INFO - Transformation enfants : 2 colonnes
2025-12-22 22:09:30 - dimension_optimizer - WARNING - Colonne CD_OCC_LGT manquante
2025-12-22 22:09:30 - dimension_optimizer - INFO - Transformation logement : 2 colonnes
2025-12-22 22:09:30 - dimension_optimizer - INFO - Transformation terminée : (1000, 12)
2025-12-22 22:09:30 - dimension_optimizer - INFO - Dimensions créées : 11
2025-12-22 22:09:30 - dimension_optimizer - INFO - Colonnes finales : ['Situation_Couple', 'Situation_Celibataire', 'Age_Jeunes', 'Age_Actifs', 'Age_Seniors', 'Age_Retraites', 'REVENU_Score', 'Enfants_Avec', 'Enfants_Sans', 'Logement_Proprietaire', 'Logement_NonProprietaire']
2025-12-22 22:09:30 - dimension_optimizer - INFO - DimensionOptimizer initialisé - Mode : stratifie
2025-12-22 22:09:30 - dimension_optimizer - INFO - DimensionOptimizer initialisé - Mode : stratifie
2025-12-22 22:09:30 - dimension_optimizer - INFO - Début transformation dimensionnelle - Mode stratifie
2025-12-22 22:09:30 - dimension_optimizer - INFO - Shape initiale : (1000, 19)
2025-12-22 22:09:30 - dimension_optimizer - INFO - Transformation situation_composite : 2 colonnes
2025-12-22 22:09:30 - dimension_optimizer - INFO - Transformation age : 1 colonnes
2025-12-22 22:09:30 - dimension_optimizer - WARNING - Colonnes FRONTALIER ou CDPCSP manquantes pour REVENU
2025-12-22 22:09:30 - dimension_optimizer - INFO - Transformation revenu : 1 colonnes
2025-12-22 22:09:30 - dimension_optimizer - WARNING - Colonne nb_enfant manquante
2025-12-22 22:09:30 - dimension_optimizer - INFO - Transformation enfants : 2 colonnes
2025-12-22 22:09:30 - dimension_optimizer - WARNING - Colonne CD_OCC_LGT manquante
2025-12-22 22:09:30 - dimension_optimizer - INFO - Transformation logement : 2 colonnes
2025-12-22 22:09:30 - dimension_optimizer - INFO - Transformation terminée : (1000, 9)
2025-12-22 22:09:30 - dimension_optimizer - INFO - Dimensions créées : 8
2025-12-22 22:09:30 - dimension_optimizer - INFO - Colonnes finales : ['Situation_Couple', 'Situation_Celibataire', 'AGE', 'REVENU_Score', 'Enfants_Avec', 'Enfants_Sans', 'Logement_Proprietaire', 'Logement_NonProprietaire']
2025-12-22 22:09:30 - dimension_optimizer - INFO - DimensionOptimizer initialisé - Mode : stratifie
2025-12-22 22:09:30 - dimension_optimizer - INFO - Début transformation dimensionnelle - Mode stratifie
2025-12-22 22:09:30 - dimension_optimizer - INFO - Shape initiale : (1000, 19)
2025-12-22 22:09:30 - dimension_optimizer - INFO - Transformation situation_composite : 2 colonnes
2025-12-22 22:09:30 - dimension_optimizer - INFO - Transformation age : 1 colonnes
2025-12-22 22:09:30 - dimension_optimizer - WARNING - Colonnes FRONTALIER ou CDPCSP manquantes pour REVENU
2025-12-22 22:09:30 - dimension_optimizer - INFO - Transformation revenu : 1 colonnes
2025-12-22 22:09:30 - dimension_optimizer - WARNING - Colonne nb_enfant manquante
2025-12-22 22:09:30 - dimension_optimizer - INFO - Transformation enfants : 2 colonnes
2025-12-22 22:09:30 - dimension_optimizer - WARNING - Colonne CD_OCC_LGT manquante
2025-12-22 22:09:30 - dimension_optimizer - INFO - Transformation logement : 2 colonnes
2025-12-22 22:09:30 - dimension_optimizer - INFO - Transformation terminée : (1000, 8)
2025-12-22 22:09:30 - dimension_optimizer - INFO - Dimensions créées : 8
2025-12-22 22:09:30 - dimension_optimizer - INFO - Colonnes finales : ['Situation_Couple', 'Situation_Celibataire', 'AGE', 'REVENU_Score', 'Enfants_Avec', 'Enfants_Sans', 'Logement_Proprietaire', 'Logement_NonProprietaire']
2025-12-22 22:09:30 - dimension_optimizer - INFO - DimensionOptimizer initialisé - Mode : stratifie
2025-12-22 22:09:30 - dimension_optimizer - INFO - Début transformation dimensionnelle - Mode stratifie
2025-12-22 22:09:30 - dimension_optimizer - INFO - Shape initiale : (2000, 19)
2025-12-22 22:09:30 - dimension_optimizer - INFO - Transformation situation_composite : 2 colonnes
2025-12-22 22:09:30 - dimension_optimizer - INFO - Transformation age : 1 colonnes
2025-12-22 22:09:30 - dimension_optimizer - WARNING - Colonnes FRONTALIER ou CDPCSP manquantes pour REVENU
2025-12-22 22:09:30 - dimension_optimizer - INFO - Transformation revenu : 1 colonnes
2025-12-22 22:09:30 - dimension_optimizer - WARNING - Colonne nb_enfant manquante
2025-12-22 22:09:30 - dimension_optimizer - INFO - Transformation enfants : 2 colonnes
2025-12-22 22:09:30 - dimension_optimizer - WARNING - Colonne CD_OCC_LGT manquante
2025-12-22 22:09:30 - dimension_optimizer - INFO - Transformation logement : 2 colonnes
2025-12-22 22:09:30 - dimension_optimizer - INFO - Transformation terminée : (2000, 9)
2025-12-22 22:09:30 - dimension_optimizer - INFO - Dimensions créées : 8
2025-12-22 22:09:30 - dimension_optimizer - INFO - Colonnes finales : ['Situation_Couple', 'Situation_Celibataire', 'AGE', 'REVENU_Score', 'Enfants_Avec', 'Enfants_Sans', 'Logement_Proprietaire', 'Logement_NonProprietaire']
2025-12-22 22:09:31 - dimension_optimizer - INFO - DimensionOptimizer initialisé - Mode : stratifie
2025-12-22 22:09:31 - dimension_optimizer - INFO - Début transformation dimensionnelle - Mode stratifie
2025-12-22 22:09:31 - dimension_optimizer - INFO - Shape initiale : (2000, 19)
2025-12-22 22:09:31 - dimension_optimizer - INFO - Transformation situation_composite : 2 colonnes
2025-12-22 22:09:31 - dimension_optimizer - INFO - Transformation age : 1 colonnes
2025-12-22 22:09:31 - dimension_optimizer - WARNING - Colonnes FRONTALIER ou CDPCSP manquantes pour REVENU
2025-12-22 22:09:31 - dimension_optimizer - INFO - Transformation revenu : 1 colonnes
2025-12-22 22:09:31 - dimension_optimizer - WARNING - Colonne nb_enfant manquante
2025-12-22 22:09:31 - dimension_optimizer - INFO - Transformation enfants : 2 colonnes
2025-12-22 22:09:31 - dimension_optimizer - WARNING - Colonne CD_OCC_LGT manquante
2025-12-22 22:09:31 - dimension_optimizer - INFO - Transformation logement : 2 colonnes
2025-12-22 22:09:31 - dimension_optimizer - INFO - Transformation terminée : (2000, 9)
2025-12-22 22:09:31 - dimension_optimizer - INFO - Dimensions créées : 8
2025-12-22 22:09:31 - dimension_optimizer - INFO - Colonnes finales : ['Situation_Couple', 'Situation_Celibataire', 'AGE', 'REVENU_Score', 'Enfants_Avec', 'Enfants_Sans', 'Logement_Proprietaire', 'Logement_NonProprietaire']
2025-12-22 22:09:31 - dimension_optimizer - INFO - DimensionOptimizer initialisé - Mode : stratifie
2025-12-22 22:09:31 - dimension_optimizer - INFO - Début transformation dimensionnelle - Mode stratifie
2025-12-22 22:09:31 - dimension_optimizer - INFO - Shape initiale : (2000, 19)
2025-12-22 22:09:31 - dimension_optimizer - INFO - Transformation situation_composite : 2 colonnes
2025-12-22 22:09:31 - dimension_optimizer - INFO - Transformation age : 1 colonnes
2025-12-22 22:09:31 - dimension_optimizer - WARNING - Colonnes FRONTALIER ou CDPCSP manquantes pour REVENU
2025-12-22 22:09:31 - dimension_optimizer - INFO - Transformation revenu : 1 colonnes
2025-12-22 22:09:31 - dimension_optimizer - WARNING - Colonne nb_enfant manquante
2025-12-22 22:09:31 - dimension_optimizer - INFO - Transformation enfants : 2 colonnes
2025-12-22 22:09:31 - dimension_optimizer - WARNING - Colonne CD_OCC_LGT manquante
2025-12-22 22:09:31 - dimension_optimizer - INFO - Transformation logement : 2 colonnes
2025-12-22 22:09:31 - dimension_optimizer - INFO - Transformation terminée : (2000, 9)
2025-12-22 22:09:31 - dimension_optimizer - INFO - Dimensions créées : 8
2025-12-22 22:09:31 - dimension_optimizer - INFO - Colonnes finales : ['Situation_Couple', 'Situation_Celibataire', 'AGE', 'REVENU_Score', 'Enfants_Avec', 'Enfants_Sans', 'Logement_Proprietaire', 'Logement_NonProprietaire']
2025-12-22 22:09:32 - dimension_optimizer - INFO - DimensionOptimizer initialisé - Mode : stratifie
2025-12-22 22:09:32 - dimension_optimizer - INFO - Début transformation dimensionnelle - Mode stratifie
2025-12-22 22:09:32 - dimension_optimizer - INFO - Shape initiale : (2000, 19)
2025-12-22 22:09:32 - dimension_optimizer - INFO - Transformation situation_composite : 2 colonnes
2025-12-22 22:09:32 - dimension_optimizer - INFO - Transformation age : 1 colonnes
2025-12-22 22:09:32 - dimension_optimizer - WARNING - Colonnes FRONTALIER ou CDPCSP manquantes pour REVENU
2025-12-22 22:09:32 - dimension_optimizer - INFO - Transformation revenu : 1 colonnes
2025-12-22 22:09:32 - dimension_optimizer - WARNING - Colonne nb_enfant manquante
2025-12-22 22:09:32 - dimension_optimizer - INFO - Transformation enfants : 2 colonnes
2025-12-22 22:09:32 - dimension_optimizer - WARNING - Colonne CD_OCC_LGT manquante
2025-12-22 22:09:32 - dimension_optimizer - INFO - Transformation logement : 2 colonnes
2025-12-22 22:09:32 - dimension_optimizer - INFO - Transformation terminée : (2000, 9)
2025-12-22 22:09:32 - dimension_optimizer - INFO - Dimensions créées : 8
2025-12-22 22:09:32 - dimension_optimizer - INFO - Colonnes finales : ['Situation_Couple', 'Situation_Celibataire', 'AGE', 'REVENU_Score', 'Enfants_Avec', 'Enfants_Sans', 'Logement_Proprietaire', 'Logement_NonProprietaire']
2025-12-22 22:09:32 - dimension_optimizer - INFO - DimensionOptimizer initialisé - Mode : stratifie
2025-12-22 22:09:32 - dimension_optimizer - INFO - Début transformation dimensionnelle - Mode stratifie
2025-12-22 22:09:32 - dimension_optimizer - INFO - Shape initiale : (2000, 19)
2025-12-22 22:09:32 - dimension_optimizer - INFO - Transformation situation_composite : 2 colonnes
2025-12-22 22:09:32 - dimension_optimizer - INFO - Transformation age : 1 colonnes
2025-12-22 22:09:32 - dimension_optimizer - WARNING - Colonnes FRONTALIER ou CDPCSP manquantes pour REVENU
2025-12-22 22:09:32 - dimension_optimizer - INFO - Transformation revenu : 1 colonnes
2025-12-22 22:09:32 - dimension_optimizer - WARNING - Colonne nb_enfant manquante
2025-12-22 22:09:32 - dimension_optimizer - INFO - Transformation enfants : 2 colonnes
2025-12-22 22:09:32 - dimension_optimizer - WARNING - Colonne CD_OCC_LGT manquante
2025-12-22 22:09:32 - dimension_optimizer - INFO - Transformation logement : 2 colonnes
2025-12-22 22:09:32 - dimension_optimizer - INFO - Transformation terminée : (2000, 9)
2025-12-22 22:09:32 - dimension_optimizer - INFO - Dimensions créées : 8
2025-12-22 22:09:32 - dimension_optimizer - INFO - Colonnes finales : ['Situation_Couple', 'Situation_Celibataire', 'AGE', 'REVENU_Score', 'Enfants_Avec', 'Enfants_Sans', 'Logement_Proprietaire', 'Logement_NonProprietaire']
2025-12-22 22:09:32 - dimension_optimizer - INFO - DimensionOptimizer initialisé - Mode : stratifie
2025-12-22 22:09:32 - dimension_optimizer - INFO - Début transformation dimensionnelle - Mode stratifie
2025-12-22 22:09:32 - dimension_optimizer - INFO - Shape initiale : (200, 19)
2025-12-22 22:09:32 - dimension_optimizer - INFO - Transformation situation_composite : 2 colonnes
2025-12-22 22:09:32 - dimension_optimizer - INFO - Transformation age : 1 colonnes
2025-12-22 22:09:32 - dimension_optimizer - WARNING - Colonnes FRONTALIER ou CDPCSP manquantes pour REVENU
2025-12-22 22:09:32 - dimension_optimizer - INFO - Transformation revenu : 1 colonnes
2025-12-22 22:09:32 - dimension_optimizer - WARNING - Colonne nb_enfant manquante
2025-12-22 22:09:32 - dimension_optimizer - INFO - Transformation enfants : 2 colonnes
2025-12-22 22:09:32 - dimension_optimizer - WARNING - Colonne CD_OCC_LGT manquante
2025-12-22 22:09:32 - dimension_optimizer - INFO - Transformation logement : 2 colonnes
2025-12-22 22:09:32 - dimension_optimizer - INFO - Transformation terminée : (200, 9)
2025-12-22 22:09:32 - dimension_optimizer - INFO - Dimensions créées : 8
2025-12-22 22:09:32 - dimension_optimizer - INFO - Colonnes finales : ['Situation_Couple', 'Situation_Celibataire', 'AGE', 'REVENU_Score', 'Enfants_Avec', 'Enfants_Sans', 'Logement_Proprietaire', 'Logement_NonProprietaire']
2025-12-22 22:09:32 - dimension_optimizer - INFO - DimensionOptimizer initialisé - Mode : stratifie
2025-12-22 22:09:32 - dimension_optimizer - INFO - Début transformation dimensionnelle - Mode stratifie
2025-12-22 22:09:32 - dimension_optimizer - INFO - Shape initiale : (2000, 19)
2025-12-22 22:09:32 - dimension_optimizer - INFO - Transformation situation_composite : 2 colonnes
2025-12-22 22:09:32 - dimension_optimizer - INFO - Transformation age : 1 colonnes
2025-12-22 22:09:32 - dimension_optimizer - WARNING - Colonnes FRONTALIER ou CDPCSP manquantes pour REVENU
2025-12-22 22:09:32 - dimension_optimizer - INFO - Transformation revenu : 1 colonnes
2025-12-22 22:09:32 - dimension_optimizer - WARNING - Colonne nb_enfant manquante
2025-12-22 22:09:32 - dimension_optimizer - INFO - Transformation enfants : 2 colonnes
2025-12-22 22:09:32 - dimension_optimizer - WARNING - Colonne CD_OCC_LGT manquante
2025-12-22 22:09:32 - dimension_optimizer - INFO - Transformation logement : 2 colonnes
2025-12-22 22:09:32 - dimension_optimizer - INFO - Transformation terminée : (2000, 9)
2025-12-22 22:09:32 - dimension_optimizer - INFO - Dimensions créées : 8
2025-12-22 22:09:32 - dimension_optimizer - INFO - Colonnes finales : ['Situation_Couple', 'Situation_Celibataire', 'AGE', 'REVENU_Score', 'Enfants_Avec', 'Enfants_Sans', 'Logement_Proprietaire', 'Logement_NonProprietaire']
2025-12-22 22:09:33 - dimension_optimizer - INFO - DimensionOptimizer initialisé - Mode : stratifie
2025-12-22 22:09:33 - dimension_optimizer - INFO - Début transformation dimensionnelle - Mode stratifie
2025-12-22 22:09:33 - dimension_optimizer - INFO - Shape initiale : (2000, 19)
2025-12-22 22:09:33 - dimension_optimizer - INFO - Transformation situation_composite : 2 colonnes
2025-12-22 22:09:33 - dimension_optimizer - INFO - Transformation age : 1 colonnes
2025-12-22 22:09:33 - dimension_optimizer - WARNING - Colonnes FRONTALIER ou CDPCSP manquantes pour REVENU
2025-12-22 22:09:33 - dimension_optimizer - INFO - Transformation revenu : 1 colonnes
2025-12-22 22:09:33 - dimension_optimizer - WARNING - Colonne nb_enfant manquante
2025-12-22 22:09:33 - dimension_optimizer - INFO - Transformation enfants : 2 colonnes
2025-12-22 22:09:33 - dimension_optimizer - WARNING - Colonne CD_OCC_LGT manquante
2025-12-22 22:09:33 - dimension_optimizer - INFO - Transformation logement : 2 colonnes
2025-12-22 22:09:33 - dimension_optimizer - INFO - Transformation terminée : (2000, 9)
2025-12-22 22:09:33 - dimension_optimizer - INFO - Dimensions créées : 8
2025-12-22 22:09:33 - dimension_optimizer - INFO - Colonnes finales : ['Situation_Couple', 'Situation_Celibataire', 'AGE', 'REVENU_Score', 'Enfants_Avec', 'Enfants_Sans', 'Logement_Proprietaire', 'Logement_NonProprietaire']
2025-12-22 22:09:34 - dimension_optimizer - INFO - DimensionOptimizer initialisé - Mode : stratifie
2025-12-22 22:09:34 - dimension_optimizer - INFO - Début transformation dimensionnelle - Mode stratifie
2025-12-22 22:09:34 - dimension_optimizer - INFO - Shape initiale : (2000, 19)
2025-12-22 22:09:34 - dimension_optimizer - INFO - Transformation situation_composite : 2 colonnes
2025-12-22 22:09:34 - dimension_optimizer - INFO - Transformation age : 1 colonnes
2025-12-22 22:09:34 - dimension_optimizer - WARNING - Colonnes FRONTALIER ou CDPCSP manquantes pour REVENU
2025-12-22 22:09:34 - dimension_optimizer - INFO - Transformation revenu : 1 colonnes
2025-12-22 22:09:34 - dimension_optimizer - WARNING - Colonne nb_enfant manquante
2025-12-22 22:09:34 - dimension_optimizer - INFO - Transformation enfants : 2 colonnes
2025-12-22 22:09:34 - dimension_optimizer - WARNING - Colonne CD_OCC_LGT manquante
2025-12-22 22:09:34 - dimension_optimizer - INFO - Transformation logement : 2 colonnes
2025-12-22 22:09:34 - dimension_optimizer - INFO - Transformation terminée : (2000, 9)
2025-12-22 22:09:34 - dimension_optimizer - INFO - Dimensions créées : 8
2025-12-22 22:09:34 - dimension_optimizer - INFO - Colonnes finales : ['Situation_Couple', 'Situation_Celibataire', 'AGE', 'REVENU_Score', 'Enfants_Avec', 'Enfants_Sans', 'Logement_Proprietaire', 'Logement_NonProprietaire']
2025-12-22 22:09:35 - dimension_optimizer - INFO - DimensionOptimizer initialisé - Mode : stratifie
2025-12-22 22:09:35 - dimension_optimizer - INFO - Début transformation dimensionnelle - Mode stratifie
2025-12-22 22:09:35 - dimension_optimizer - INFO - Shape initiale : (2000, 19)
2025-12-22 22:09:35 - dimension_optimizer - INFO - Transformation situation_composite : 2 colonnes
2025-12-22 22:09:35 - dimension_optimizer - INFO - Transformation age : 1 colonnes
2025-12-22 22:09:35 - dimension_optimizer - WARNING - Colonnes FRONTALIER ou CDPCSP manquantes pour REVENU
2025-12-22 22:09:35 - dimension_optimizer - INFO - Transformation revenu : 1 colonnes
2025-12-22 22:09:35 - dimension_optimizer - WARNING - Colonne nb_enfant manquante
2025-12-22 22:09:35 - dimension_optimizer - INFO - Transformation enfants : 2 colonnes
2025-12-22 22:09:35 - dimension_optimizer - WARNING - Colonne CD_OCC_LGT manquante
2025-12-22 22:09:35 - dimension_optimizer - INFO - Transformation logement : 2 colonnes
2025-12-22 22:09:35 - dimension_optimizer - INFO - Transformation terminée : (2000, 9)
2025-12-22 22:09:35 - dimension_optimizer - INFO - Dimensions créées : 8
2025-12-22 22:09:35 - dimension_optimizer - INFO - Colonnes finales : ['Situation_Couple', 'Situation_Celibataire', 'AGE', 'REVENU_Score', 'Enfants_Avec', 'Enfants_Sans', 'Logement_Proprietaire', 'Logement_NonProprietaire']
2025-12-22 22:09:36 - dimension_optimizer - INFO - DimensionOptimizer initialisé - Mode : stratifie
2025-12-22 22:09:36 - dimension_optimizer - INFO - Début transformation dimensionnelle - Mode stratifie
2025-12-22 22:09:36 - dimension_optimizer - INFO - Shape initiale : (2000, 19)
2025-12-22 22:09:36 - dimension_optimizer - INFO - Transformation situation_composite : 2 colonnes
2025-12-22 22:09:36 - dimension_optimizer - INFO - Transformation age : 1 colonnes
2025-12-22 22:09:36 - dimension_optimizer - WARNING - Colonnes FRONTALIER ou CDPCSP manquantes pour REVENU
2025-12-22 22:09:36 - dimension_optimizer - INFO - Transformation revenu : 1 colonnes
2025-12-22 22:09:36 - dimension_optimizer - WARNING - Colonne nb_enfant manquante
2025-12-22 22:09:36 - dimension_optimizer - INFO - Transformation enfants : 2 colonnes
2025-12-22 22:09:36 - dimension_optimizer - WARNING - Colonne CD_OCC_LGT manquante
2025-12-22 22:09:36 - dimension_optimizer - INFO - Transformation logement : 2 colonnes
2025-12-22 22:09:36 - dimension_optimizer - INFO - Transformation terminée : (2000, 9)
2025-12-22 22:09:36 - dimension_optimizer - INFO - Dimensions créées : 8
2025-12-22 22:09:36 - dimension_optimizer - INFO - Colonnes finales : ['Situation_Couple', 'Situation_Celibataire', 'AGE', 'REVENU_Score', 'Enfants_Avec', 'Enfants_Sans', 'Logement_Proprietaire', 'Logement_NonProprietaire']
2025-12-22 22:09:36 - dimension_optimizer - INFO - DimensionOptimizer initialisé - Mode : stratifie
2025-12-22 22:09:36 - dimension_optimizer - INFO - Début transformation dimensionnelle - Mode stratifie
2025-12-22 22:09:36 - dimension_optimizer - INFO - Shape initiale : (1000, 19)
2025-12-22 22:09:36 - dimension_optimizer - INFO - Transformation situation_composite : 2 colonnes
2025-12-22 22:09:36 - dimension_optimizer - INFO - Transformation age : 1 colonnes
2025-12-22 22:09:36 - dimension_optimizer - WARNING - Colonnes FRONTALIER ou CDPCSP manquantes pour REVENU
2025-12-22 22:09:36 - dimension_optimizer - INFO - Transformation revenu : 1 colonnes
2025-12-22 22:09:36 - dimension_optimizer - WARNING - Colonne nb_enfant manquante
2025-12-22 22:09:36 - dimension_optimizer - INFO - Transformation enfants : 2 colonnes
2025-12-22 22:09:36 - dimension_optimizer - WARNING - Colonne CD_OCC_LGT manquante
2025-12-22 22:09:36 - dimension_optimizer - INFO - Transformation logement : 2 colonnes
2025-12-22 22:09:36 - dimension_optimizer - INFO - Transformation terminée : (1000, 9)
2025-12-22 22:09:36 - dimension_optimizer - INFO - Dimensions créées : 8
2025-12-22 22:09:36 - dimension_optimizer - INFO - Colonnes finales : ['Situation_Couple', 'Situation_Celibataire', 'AGE', 'REVENU_Score', 'Enfants_Avec', 'Enfants_Sans', 'Logement_Proprietaire', 'Logement_NonProprietaire']
2025-12-22 22:09:36 - dimension_optimizer - INFO - DimensionOptimizer initialisé - Mode : stratifie
2025-12-22 22:09:36 - dimension_optimizer - INFO - Début transformation dimensionnelle - Mode stratifie
2025-12-22 22:09:36 - dimension_optimizer - INFO - Shape initiale : (1000, 19)
2025-12-22 22:09:36 - dimension_optimizer - INFO - Transformation situation_composite : 2 colonnes
2025-12-22 22:09:36 - dimension_optimizer - INFO - Transformation age : 1 colonnes
2025-12-22 22:09:36 - dimension_optimizer - WARNING - Colonnes FRONTALIER ou CDPCSP manquantes pour REVENU
2025-12-22 22:09:36 - dimension_optimizer - INFO - Transformation revenu : 1 colonnes
2025-12-22 22:09:36 - dimension_optimizer - WARNING - Colonne nb_enfant manquante
2025-12-22 22:09:36 - dimension_optimizer - INFO - Transformation enfants : 2 colonnes
2025-12-22 22:09:36 - dimension_optimizer - WARNING - Colonne CD_OCC_LGT manquante
2025-12-22 22:09:36 - dimension_optimizer - INFO - Transformation logement : 2 colonnes
2025-12-22 22:09:36 - dimension_optimizer - INFO - Transformation terminée : (1000, 9)
2025-12-22 22:09:36 - dimension_optimizer - INFO - Dimensions créées : 8
2025-12-22 22:09:36 - dimension_optimizer - INFO - Colonnes finales : ['Situation_Couple', 'Situation_Celibataire', 'AGE', 'REVENU_Score', 'Enfants_Avec', 'Enfants_Sans', 'Logement_Proprietaire', 'Logement_NonProprietaire']
2025-12-22 22:09:37 - dimension_optimizer - INFO - DimensionOptimizer initialisé - Mode : stratifie
2025-12-22 22:09:37 - dimension_optimizer - INFO - Début transformation dimensionnelle - Mode stratifie
2025-12-22 22:09:37 - dimension_optimizer - INFO - Shape initiale : (1000, 19)
2025-12-22 22:09:37 - dimension_optimizer - INFO - Transformation situation_composite : 2 colonnes
2025-12-22 22:09:37 - dimension_optimizer - INFO - Transformation age : 1 colonnes
2025-12-22 22:09:37 - dimension_optimizer - WARNING - Colonnes FRONTALIER ou CDPCSP manquantes pour REVENU
2025-12-22 22:09:37 - dimension_optimizer - INFO - Transformation revenu : 1 colonnes
2025-12-22 22:09:37 - dimension_optimizer - WARNING - Colonne nb_enfant manquante
2025-12-22 22:09:37 - dimension_optimizer - INFO - Transformation enfants : 2 colonnes
2025-12-22 22:09:37 - dimension_optimizer - WARNING - Colonne CD_OCC_LGT manquante
2025-12-22 22:09:37 - dimension_optimizer - INFO - Transformation logement : 2 colonnes
2025-12-22 22:09:37 - dimension_optimizer - INFO - Transformation terminée : (1000, 9)
2025-12-22 22:09:37 - dimension_optimizer - INFO - Dimensions créées : 8
2025-12-22 22:09:37 - dimension_optimizer - INFO - Colonnes finales : ['Situation_Couple', 'Situation_Celibataire', 'AGE', 'REVENU_Score', 'Enfants_Avec', 'Enfants_Sans', 'Logement_Proprietaire', 'Logement_NonProprietaire']
2025-12-22 22:09:38 - dimension_optimizer - INFO - DimensionOptimizer initialisé - Mode : global
2025-12-22 22:09:38 - dimension_optimizer - INFO - Début transformation dimensionnelle - Mode global
2025-12-22 22:09:38 - dimension_optimizer - INFO - Shape initiale : (1000, 19)
2025-12-22 22:09:38 - dimension_optimizer - INFO - Transformation situation_composite : 2 colonnes
2025-12-22 22:09:38 - dimension_optimizer - INFO - Transformation age : 4 colonnes
2025-12-22 22:09:38 - dimension_optimizer - WARNING - Colonnes FRONTALIER ou CDPCSP manquantes pour REVENU
2025-12-22 22:09:38 - dimension_optimizer - INFO - Transformation revenu : 1 colonnes
2025-12-22 22:09:38 - dimension_optimizer - WARNING - Colonne nb_enfant manquante
2025-12-22 22:09:38 - dimension_optimizer - INFO - Transformation enfants : 2 colonnes
2025-12-22 22:09:38 - dimension_optimizer - WARNING - Colonne CD_OCC_LGT manquante
2025-12-22 22:09:38 - dimension_optimizer - INFO - Transformation logement : 2 colonnes
2025-12-22 22:09:38 - dimension_optimizer - INFO - Transformation terminée : (1000, 12)
2025-12-22 22:09:38 - dimension_optimizer - INFO - Dimensions créées : 11
2025-12-22 22:09:38 - dimension_optimizer - INFO - Colonnes finales : ['Situation_Couple', 'Situation_Celibataire', 'Age_Jeunes', 'Age_Actifs', 'Age_Seniors', 'Age_Retraites', 'REVENU_Score', 'Enfants_Avec', 'Enfants_Sans', 'Logement_Proprietaire', 'Logement_NonProprietaire']
2025-12-22 22:09:38 - dimension_optimizer - INFO - DimensionOptimizer initialisé - Mode : stratifie
2025-12-22 22:09:38 - dimension_optimizer - INFO - Début transformation dimensionnelle - Mode stratifie
2025-12-22 22:09:38 - dimension_optimizer - INFO - Shape initiale : (400, 19)
2025-12-22 22:09:38 - dimension_optimizer - INFO - Transformation situation_composite : 2 colonnes
2025-12-22 22:09:38 - dimension_optimizer - INFO - Transformation age : 1 colonnes
2025-12-22 22:09:38 - dimension_optimizer - WARNING - Colonnes FRONTALIER ou CDPCSP manquantes pour REVENU
2025-12-22 22:09:38 - dimension_optimizer - INFO - Transformation revenu : 1 colonnes
2025-12-22 22:09:38 - dimension_optimizer - WARNING - Colonne nb_enfant manquante
2025-12-22 22:09:38 - dimension_optimizer - INFO - Transformation enfants : 2 colonnes
2025-12-22 22:09:38 - dimension_optimizer - WARNING - Colonne CD_OCC_LGT manquante
2025-12-22 22:09:38 - dimension_optimizer - INFO - Transformation logement : 2 colonnes
2025-12-22 22:09:38 - dimension_optimizer - INFO - Transformation terminée : (400, 9)
2025-12-22 22:09:38 - dimension_optimizer - INFO - Dimensions créées : 8
2025-12-22 22:09:38 - dimension_optimizer - INFO - Colonnes finales : ['Situation_Couple', 'Situation_Celibataire', 'AGE', 'REVENU_Score', 'Enfants_Avec', 'Enfants_Sans', 'Logement_Proprietaire', 'Logement_NonProprietaire']
2025-12-22 22:09:50 - dimension_optimizer - INFO - Logger dimension_optimizer configuré - Fichier: /Users/taieb/Documents/GITHUB REPO/ML_banking_segmentation/logs/dimension_optimizer_20251222.log
2025-12-22 22:09:50 - dimension_optimizer - INFO - DimensionOptimizer initialisé - Mode : stratifie
2025-12-22 22:09:50 - dimension_optimizer - INFO - Début transformation dimensionnelle - Mode stratifie
2025-12-22 22:09:50 - dimension_optimizer - INFO - Shape initiale : (1000, 19)
2025-12-22 22:09:50 - dimension_optimizer - INFO - Transformation situation_composite : 2 colonnes
2025-12-22 22:09:50 - dimension_optimizer - INFO - Transformation age : 1 colonnes
2025-12-22 22:09:50 - dimension_optimizer - WARNING - Colonnes FRONTALIER ou CDPCSP manquantes pour REVENU
2025-12-22 22:09:50 - dimension_optimizer - INFO - Transformation revenu : 1 colonnes
2025-12-22 22:09:50 - dimension_optimizer - WARNING - Colonne nb_enfant manquante
2025-12-22 22:09:50 - dimension_optimizer - INFO - Transformation enfants : 2 colonnes
2025-12-22 22:09:50 - dimension_optimizer - WARNING - Colonne CD_OCC_LGT manquante
2025-12-22 22:09:50 - dimension_optimizer - INFO - Transformation logement : 2 colonnes
2025-12-22 22:09:50 - dimension_optimizer - INFO - Transformation terminée : (1000, 9)
2025-12-22 22:09:50 - dimension_optimizer - INFO - Dimensions créées : 8
2025-12-22 22:09:50 - dimension_optimizer - INFO - Colonnes finales : ['Situation_Couple', 'Situation_Celibataire', 'AGE', 'REVENU_Score', 'Enfants_Avec', 'Enfants_Sans', 'Logement_Proprietaire', 'Logement_NonProprietaire']
2025-12-22 22:09:51 - dimension_optimizer - INFO - DimensionOptimizer initialisé - Mode : global
2025-12-22 22:09:51 - dimension_optimizer - INFO - Début transformation dimensionnelle - Mode global
2025-12-22 22:09:51 - dimension_optimizer - INFO - Shape initiale : (1000, 19)
2025-12-22 22:09:51 - dimension_optimizer - INFO - Transformation situation_composite : 2 colonnes
2025-12-22 22:09:51 - dimension_optimizer - INFO - Transformation age : 4 colonnes
2025-12-22 22:09:51 - dimension_optimizer - WARNING - Colonnes FRONTALIER ou CDPCSP manquantes pour REVENU
2025-12-22 22:09:51 - dimension_optimizer - INFO - Transformation revenu : 1 colonnes
2025-12-22 22:09:51 - dimension_optimizer - WARNING - Colonne nb_enfant manquante
2025-12-22 22:09:51 - dimension_optimizer - INFO - Transformation enfants : 2 colonnes
2025-12-22 22:09:51 - dimension_optimizer - WARNING - Colonne CD_OCC_LGT manquante
2025-12-22 22:09:51 - dimension_optimizer - INFO - Transformation logement : 2 colonnes
2025-12-22 22:09:51 - dimension_optimizer - INFO - Transformation terminée : (1000, 12)
2025-12-22 22:09:51 - dimension_optimizer - INFO - Dimensions créées : 11
2025-12-22 22:09:51 - dimension_optimizer - INFO - Colonnes finales : ['Situation_Couple', 'Situation_Celibataire', 'Age_Jeunes', 'Age_Actifs', 'Age_Seniors', 'Age_Retraites', 'REVENU_Score', 'Enfants_Avec', 'Enfants_Sans', 'Logement_Proprietaire', 'Logement_NonProprietaire']
2025-12-22 22:10:01 - dimension_optimizer - INFO - Logger dimension_optimizer configuré - Fichier: /Users/taieb/Documents/GITHUB REPO/ML_banking_segmentation/logs/dimension_optimizer_20251222.log
2025-12-22 22:10:01 - dimension_optimizer - INFO - DimensionOptimizer initialisé - Mode : stratifie
2025-12-22 22:10:01 - dimension_optimizer - INFO - Début transformation dimensionnelle - Mode stratifie
2025-12-22 22:10:01 - dimension_optimizer - INFO - Shape initiale : (1000, 19)
2025-12-22 22:10:01 - dimension_optimizer - INFO - Transformation situation_composite : 2 colonnes
2025-12-22 22:10:01 - dimension_optimizer - INFO - Transformation age : 1 colonnes
2025-12-22 22:10:01 - dimension_optimizer - WARNING - Colonnes FRONTALIER ou CDPCSP manquantes pour REVENU
2025-12-22 22:10:01 - dimension_optimizer - INFO - Transformation revenu : 1 colonnes
2025-12-22 22:10:01 - dimension_optimizer - WARNING - Colonne nb_enfant manquante
2025-12-22 22:10:01 - dimension_optimizer - INFO - Transformation enfants : 2 colonnes
2025-12-22 22:10:01 - dimension_optimizer - WARNING - Colonne CD_OCC_LGT manquante
2025-12-22 22:10:01 - dimension_optimizer - INFO - Transformation logement : 2 colonnes
2025-12-22 22:10:01 - dimension_optimizer - INFO - Transformation terminée : (1000, 9)
2025-12-22 22:10:01 - dimension_optimizer - INFO - Dimensions créées : 8
2025-12-22 22:10:01 - dimension_optimizer - INFO - Colonnes finales : ['Situation_Couple', 'Situation_Celibataire', 'AGE', 'REVENU_Score', 'Enfants_Avec', 'Enfants_Sans', 'Logement_Proprietaire', 'Logement_NonProprietaire']
2025-12-22 22:10:02 - dimension_optimizer - INFO - DimensionOptimizer initialisé - Mode : global
2025-12-22 22:10:02 - dimension_optimizer - INFO - Début transformation dimensionnelle - Mode global
2025-12-22 22:10:02 - dimension_optimizer - INFO - Shape initiale : (1000, 19)
2025-12-22 22:10:02 - dimension_optimizer - INFO - Transformation situation_composite : 2 colonnes
2025-12-22 22:10:02 - dimension_optimizer - INFO - Transformation age : 4 colonnes
2025-12-22 22:10:02 - dimension_optimizer - WARNING - Colonnes FRONTALIER ou CDPCSP manquantes pour REVENU
2025-12-22 22:10:02 - dimension_optimizer - INFO - Transformation revenu : 1 colonnes
2025-12-22 22:10:02 - dimension_optimizer - WARNING - Colonne nb_enfant manquante
2025-12-22 22:10:02 - dimension_optimizer - INFO - Transformation enfants : 2 colonnes
2025-12-22 22:10:02 - dimension_optimizer - WARNING - Colonne CD_OCC_LGT manquante
2025-12-22 22:10:02 - dimension_optimizer - INFO - Transformation logement : 2 colonnes
2025-12-22 22:10:02 - dimension_optimizer - INFO - Transformation terminée : (1000, 12)
2025-12-22 22:10:02 - dimension_optimizer - INFO - Dimensions créées : 11
2025-12-22 22:10:02 - dimension_optimizer - INFO - Colonnes finales : ['Situation_Couple', 'Situation_Celibataire', 'Age_Jeunes', 'Age_Actifs', 'Age_Seniors', 'Age_Retraites', 'REVENU_Score', 'Enfants_Avec', 'Enfants_Sans', 'Logement_Proprietaire', 'Logement_NonProprietaire']
2025-12-22 22:10:19 - dimension_optimizer - INFO - Logger dimension_optimizer configuré - Fichier: /Users/taieb/Documents/GITHUB REPO/ML_banking_segmentation/logs/dimension_optimizer_20251222.log
2025-12-22 22:10:19 - dimension_optimizer - INFO - DimensionOptimizer initialisé - Mode : stratifie
2025-12-22 22:10:19 - dimension_optimizer - INFO - Début transformation dimensionnelle - Mode stratifie
2025-12-22 22:10:19 - dimension_optimizer - INFO - Shape initiale : (5000, 19)
2025-12-22 22:10:19 - dimension_optimizer - INFO - Transformation situation_composite : 2 colonnes
2025-12-22 22:10:19 - dimension_optimizer - INFO - Transformation age : 1 colonnes
2025-12-22 22:10:19 - dimension_optimizer - WARNING - Colonnes FRONTALIER ou CDPCSP manquantes pour REVENU
2025-12-22 22:10:19 - dimension_optimizer - INFO - Transformation revenu : 1 colonnes
2025-12-22 22:10:19 - dimension_optimizer - WARNING - Colonne nb_enfant manquante
2025-12-22 22:10:19 - dimension_optimizer - INFO - Transformation enfants : 2 colonnes
2025-12-22 22:10:19 - dimension_optimizer - WARNING - Colonne CD_OCC_LGT manquante
2025-12-22 22:10:19 - dimension_optimizer - INFO - Transformation logement : 2 colonnes
2025-12-22 22:10:19 - dimension_optimizer - INFO - Transformation terminée : (5000, 9)
2025-12-22 22:10:19 - dimension_optimizer - INFO - Dimensions créées : 8
2025-12-22 22:10:19 - dimension_optimizer - INFO - Colonnes finales : ['Situation_Couple', 'Situation_Celibataire', 'AGE', 'REVENU_Score', 'Enfants_Avec', 'Enfants_Sans', 'Logement_Proprietaire', 'Logement_NonProprietaire']
2025-12-22 22:10:23 - dimension_optimizer - INFO - DimensionOptimizer initialisé - Mode : stratifie
2025-12-22 22:10:23 - dimension_optimizer - INFO - Début transformation dimensionnelle - Mode stratifie
2025-12-22 22:10:23 - dimension_optimizer - INFO - Shape initiale : (1500, 19)
2025-12-22 22:10:23 - dimension_optimizer - INFO - Transformation situation_composite : 2 colonnes
2025-12-22 22:10:23 - dimension_optimizer - INFO - Transformation age : 1 colonnes
2025-12-22 22:10:23 - dimension_optimizer - WARNING - Colonnes FRONTALIER ou CDPCSP manquantes pour REVENU
2025-12-22 22:10:23 - dimension_optimizer - INFO - Transformation revenu : 1 colonnes
2025-12-22 22:10:23 - dimension_optimizer - WARNING - Colonne nb_enfant manquante
2025-12-22 22:10:23 - dimension_optimizer - INFO - Transformation enfants : 2 colonnes
2025-12-22 22:10:23 - dimension_optimizer - WARNING - Colonne CD_OCC_LGT manquante
2025-12-22 22:10:23 - dimension_optimizer - INFO - Transformation logement : 2 colonnes
2025-12-22 22:10:23 - dimension_optimizer - INFO - Transformation terminée : (1500, 9)
2025-12-22 22:10:23 - dimension_optimizer - INFO - Dimensions créées : 8
2025-12-22 22:10:23 - dimension_optimizer - INFO - Colonnes finales : ['Situation_Couple', 'Situation_Celibataire', 'AGE', 'REVENU_Score', 'Enfants_Avec', 'Enfants_Sans', 'Logement_Proprietaire', 'Logement_NonProprietaire']
2025-12-22 22:10:24 - dimension_optimizer - INFO - DimensionOptimizer initialisé - Mode : stratifie
2025-12-22 22:10:24 - dimension_optimizer - INFO - Début transformation dimensionnelle - Mode stratifie
2025-12-22 22:10:24 - dimension_optimizer - INFO - Shape initiale : (1000, 19)
2025-12-22 22:10:24 - dimension_optimizer - INFO - Transformation situation_composite : 2 colonnes
2025-12-22 22:10:24 - dimension_optimizer - INFO - Transformation age : 1 colonnes
2025-12-22 22:10:24 - dimension_optimizer - WARNING - Colonnes FRONTALIER ou CDPCSP manquantes pour REVENU
2025-12-22 22:10:24 - dimension_optimizer - INFO - Transformation revenu : 1 colonnes
2025-12-22 22:10:24 - dimension_optimizer - WARNING - Colonne nb_enfant manquante
2025-12-22 22:10:24 - dimension_optimizer - INFO - Transformation enfants : 2 colonnes
2025-12-22 22:10:24 - dimension_optimizer - WARNING - Colonne CD_OCC_LGT manquante
2025-12-22 22:10:24 - dimension_optimizer - INFO - Transformation logement : 2 colonnes
2025-12-22 22:10:24 - dimension_optimizer - INFO - Transformation terminée : (1000, 9)
2025-12-22 22:10:24 - dimension_optimizer - INFO - Dimensions créées : 8
2025-12-22 22:10:24 - dimension_optimizer - INFO - Colonnes finales : ['Situation_Couple', 'Situation_Celibataire', 'AGE', 'REVENU_Score', 'Enfants_Avec', 'Enfants_Sans', 'Logement_Proprietaire', 'Logement_NonProprietaire']
2025-12-22 22:10:24 - dimension_optimizer - INFO - DimensionOptimizer initialisé - Mode : global
2025-12-22 22:10:24 - dimension_optimizer - INFO - Début transformation dimensionnelle - Mode global
2025-12-22 22:10:24 - dimension_optimizer - INFO - Shape initiale : (1000, 19)
2025-12-22 22:10:24 - dimension_optimizer - INFO - Transformation situation_composite : 2 colonnes
2025-12-22 22:10:24 - dimension_optimizer - INFO - Transformation age : 4 colonnes
2025-12-22 22:10:24 - dimension_optimizer - WARNING - Colonnes FRONTALIER ou CDPCSP manquantes pour REVENU
2025-12-22 22:10:24 - dimension_optimizer - INFO - Transformation revenu : 1 colonnes
2025-12-22 22:10:24 - dimension_optimizer - WARNING - Colonne nb_enfant manquante
2025-12-22 22:10:24 - dimension_optimizer - INFO - Transformation enfants : 2 colonnes
2025-12-22 22:10:24 - dimension_optimizer - WARNING - Colonne CD_OCC_LGT manquante
2025-12-22 22:10:24 - dimension_optimizer - INFO - Transformation logement : 2 colonnes
2025-12-22 22:10:24 - dimension_optimizer - INFO - Transformation terminée : (1000, 12)
2025-12-22 22:10:24 - dimension_optimizer - INFO - Dimensions créées : 11
2025-12-22 22:10:24 - dimension_optimizer - INFO - Colonnes finales : ['Situation_Couple', 'Situation_Celibataire', 'Age_Jeunes', 'Age_Actifs', 'Age_Seniors', 'Age_Retraites', 'REVENU_Score', 'Enfants_Avec', 'Enfants_Sans', 'Logement_Proprietaire', 'Logement_NonProprietaire']
2025-12-22 22:10:24 - dimension_optimizer - INFO - DimensionOptimizer initialisé - Mode : stratifie
2025-12-22 22:10:24 - dimension_optimizer - INFO - DimensionOptimizer initialisé - Mode : stratifie
2025-12-22 22:10:24 - dimension_optimizer - INFO - Début transformation dimensionnelle - Mode stratifie
2025-12-22 22:10:24 - dimension_optimizer - INFO - Shape initiale : (1000, 19)
2025-12-22 22:10:24 - dimension_optimizer - INFO - Transformation situation_composite : 2 colonnes
2025-12-22 22:10:24 - dimension_optimizer - INFO - Transformation age : 1 colonnes
2025-12-22 22:10:24 - dimension_optimizer - WARNING - Colonnes FRONTALIER ou CDPCSP manquantes pour REVENU
2025-12-22 22:10:24 - dimension_optimizer - INFO - Transformation revenu : 1 colonnes
2025-12-22 22:10:24 - dimension_optimizer - WARNING - Colonne nb_enfant manquante
2025-12-22 22:10:24 - dimension_optimizer - INFO - Transformation enfants : 2 colonnes
2025-12-22 22:10:24 - dimension_optimizer - WARNING - Colonne CD_OCC_LGT manquante
2025-12-22 22:10:24 - dimension_optimizer - INFO - Transformation logement : 2 colonnes
2025-12-22 22:10:24 - dimension_optimizer - INFO - Transformation terminée : (1000, 9)
2025-12-22 22:10:24 - dimension_optimizer - INFO - Dimensions créées : 8
2025-12-22 22:10:24 - dimension_optimizer - INFO - Colonnes finales : ['Situation_Couple', 'Situation_Celibataire', 'AGE', 'REVENU_Score', 'Enfants_Avec', 'Enfants_Sans', 'Logement_Proprietaire', 'Logement_NonProprietaire']
2025-12-22 22:10:24 - dimension_optimizer - INFO - DimensionOptimizer initialisé - Mode : stratifie
2025-12-22 22:10:24 - dimension_optimizer - INFO - Début transformation dimensionnelle - Mode stratifie
2025-12-22 22:10:24 - dimension_optimizer - INFO - Shape initiale : (1000, 19)
2025-12-22 22:10:24 - dimension_optimizer - INFO - Transformation situation_composite : 2 colonnes
2025-12-22 22:10:24 - dimension_optimizer - INFO - Transformation age : 1 colonnes
2025-12-22 22:10:24 - dimension_optimizer - WARNING - Colonnes FRONTALIER ou CDPCSP manquantes pour REVENU
2025-12-22 22:10:24 - dimension_optimizer - INFO - Transformation revenu : 1 colonnes
2025-12-22 22:10:24 - dimension_optimizer - WARNING - Colonne nb_enfant manquante
2025-12-22 22:10:24 - dimension_optimizer - INFO - Transformation enfants : 2 colonnes
2025-12-22 22:10:24 - dimension_optimizer - WARNING - Colonne CD_OCC_LGT manquante
2025-12-22 22:10:24 - dimension_optimizer - INFO - Transformation logement : 2 colonnes
2025-12-22 22:10:24 - dimension_optimizer - INFO - Transformation terminée : (1000, 8)
2025-12-22 22:10:24 - dimension_optimizer - INFO - Dimensions créées : 8
2025-12-22 22:10:24 - dimension_optimizer - INFO - Colonnes finales : ['Situation_Couple', 'Situation_Celibataire', 'AGE', 'REVENU_Score', 'Enfants_Avec', 'Enfants_Sans', 'Logement_Proprietaire', 'Logement_NonProprietaire']
2025-12-22 22:10:24 - dimension_optimizer - INFO - DimensionOptimizer initialisé - Mode : stratifie
2025-12-22 22:10:24 - dimension_optimizer - INFO - Début transformation dimensionnelle - Mode stratifie
2025-12-22 22:10:24 - dimension_optimizer - INFO - Shape initiale : (2000, 19)
2025-12-22 22:10:24 - dimension_optimizer - INFO - Transformation situation_composite : 2 colonnes
2025-12-22 22:10:24 - dimension_optimizer - INFO - Transformation age : 1 colonnes
2025-12-22 22:10:24 - dimension_optimizer - WARNING - Colonnes FRONTALIER ou CDPCSP manquantes pour REVENU
2025-12-22 22:10:24 - dimension_optimizer - INFO - Transformation revenu : 1 colonnes
2025-12-22 22:10:24 - dimension_optimizer - WARNING - Colonne nb_enfant manquante
2025-12-22 22:10:24 - dimension_optimizer - INFO - Transformation enfants : 2 colonnes
2025-12-22 22:10:24 - dimension_optimizer - WARNING - Colonne CD_OCC_LGT manquante
2025-12-22 22:10:24 - dimension_optimizer - INFO - Transformation logement : 2 colonnes
2025-12-22 22:10:24 - dimension_optimizer - INFO - Transformation terminée : (2000, 9)
2025-12-22 22:10:24 - dimension_optimizer - INFO - Dimensions créées : 8
2025-12-22 22:10:24 - dimension_optimizer - INFO - Colonnes finales : ['Situation_Couple', 'Situation_Celibataire', 'AGE', 'REVENU_Score', 'Enfants_Avec', 'Enfants_Sans', 'Logement_Proprietaire', 'Logement_NonProprietaire']
2025-12-22 22:10:25 - dimension_optimizer - INFO - DimensionOptimizer initialisé - Mode : stratifie
2025-12-22 22:10:25 - dimension_optimizer - INFO - Début transformation dimensionnelle - Mode stratifie
2025-12-22 22:10:25 - dimension_optimizer - INFO - Shape initiale : (2000, 19)
2025-12-22 22:10:25 - dimension_optimizer - INFO - Transformation situation_composite : 2 colonnes
2025-12-22 22:10:25 - dimension_optimizer - INFO - Transformation age : 1 colonnes
2025-12-22 22:10:25 - dimension_optimizer - WARNING - Colonnes FRONTALIER ou CDPCSP manquantes pour REVENU
2025-12-22 22:10:25 - dimension_optimizer - INFO - Transformation revenu : 1 colonnes
2025-12-22 22:10:25 - dimension_optimizer - WARNING - Colonne nb_enfant manquante
2025-12-22 22:10:25 - dimension_optimizer - INFO - Transformation enfants : 2 colonnes
2025-12-22 22:10:25 - dimension_optimizer - WARNING - Colonne CD_OCC_LGT manquante
2025-12-22 22:10:25 - dimension_optimizer - INFO - Transformation logement : 2 colonnes
2025-12-22 22:10:25 - dimension_optimizer - INFO - Transformation terminée : (2000, 9)
2025-12-22 22:10:25 - dimension_optimizer - INFO - Dimensions créées : 8
2025-12-22 22:10:25 - dimension_optimizer - INFO - Colonnes finales : ['Situation_Couple', 'Situation_Celibataire', 'AGE', 'REVENU_Score', 'Enfants_Avec', 'Enfants_Sans', 'Logement_Proprietaire', 'Logement_NonProprietaire']
2025-12-22 22:10:26 - dimension_optimizer - INFO - DimensionOptimizer initialisé - Mode : stratifie
2025-12-22 22:10:26 - dimension_optimizer - INFO - Début transformation dimensionnelle - Mode stratifie
2025-12-22 22:10:26 - dimension_optimizer - INFO - Shape initiale : (2000, 19)
2025-12-22 22:10:26 - dimension_optimizer - INFO - Transformation situation_composite : 2 colonnes
2025-12-22 22:10:26 - dimension_optimizer - INFO - Transformation age : 1 colonnes
2025-12-22 22:10:26 - dimension_optimizer - WARNING - Colonnes FRONTALIER ou CDPCSP manquantes pour REVENU
2025-12-22 22:10:26 - dimension_optimizer - INFO - Transformation revenu : 1 colonnes
2025-12-22 22:10:26 - dimension_optimizer - WARNING - Colonne nb_enfant manquante
2025-12-22 22:10:26 - dimension_optimizer - INFO - Transformation enfants : 2 colonnes
2025-12-22 22:10:26 - dimension_optimizer - WARNING - Colonne CD_OCC_LGT manquante
2025-12-22 22:10:26 - dimension_optimizer - INFO - Transformation logement : 2 colonnes
2025-12-22 22:10:26 - dimension_optimizer - INFO - Transformation terminée : (2000, 9)
2025-12-22 22:10:26 - dimension_optimizer - INFO - Dimensions créées : 8
2025-12-22 22:10:26 - dimension_optimizer - INFO - Colonnes finales : ['Situation_Couple', 'Situation_Celibataire', 'AGE', 'REVENU_Score', 'Enfants_Avec', 'Enfants_Sans', 'Logement_Proprietaire', 'Logement_NonProprietaire']
2025-12-22 22:10:26 - dimension_optimizer - INFO - DimensionOptimizer initialisé - Mode : stratifie
2025-12-22 22:10:26 - dimension_optimizer - INFO - Début transformation dimensionnelle - Mode stratifie
2025-12-22 22:10:26 - dimension_optimizer - INFO - Shape initiale : (2000, 19)
2025-12-22 22:10:26 - dimension_optimizer - INFO - Transformation situation_composite : 2 colonnes
2025-12-22 22:10:26 - dimension_optimizer - INFO - Transformation age : 1 colonnes
2025-12-22 22:10:26 - dimension_optimizer - WARNING - Colonnes FRONTALIER ou CDPCSP manquantes pour REVENU
2025-12-22 22:10:26 - dimension_optimizer - INFO - Transformation revenu : 1 colonnes
2025-12-22 22:10:26 - dimension_optimizer - WARNING - Colonne nb_enfant manquante
2025-12-22 22:10:26 - dimension_optimizer - INFO - Transformation enfants : 2 colonnes
2025-12-22 22:10:26 - dimension_optimizer - WARNING - Colonne CD_OCC_LGT manquante
2025-12-22 22:10:26 - dimension_optimizer - INFO - Transformation logement : 2 colonnes
2025-12-22 22:10:26 - dimension_optimizer - INFO - Transformation terminée : (2000, 9)
2025-12-22 22:10:26 - dimension_optimizer - INFO - Dimensions créées : 8
2025-12-22 22:10:26 - dimension_optimizer - INFO - Colonnes finales : ['Situation_Couple', 'Situation_Celibataire', 'AGE', 'REVENU_Score', 'Enfants_Avec', 'Enfants_Sans', 'Logement_Proprietaire', 'Logement_NonProprietaire']
2025-12-22 22:10:26 - dimension_optimizer - INFO - DimensionOptimizer initialisé - Mode : stratifie
2025-12-22 22:10:26 - dimension_optimizer - INFO - Début transformation dimensionnelle - Mode stratifie
2025-12-22 22:10:26 - dimension_optimizer - INFO - Shape initiale : (2000, 19)
2025-12-22 22:10:26 - dimension_optimizer - INFO - Transformation situation_composite : 2 colonnes
2025-12-22 22:10:26 - dimension_optimizer - INFO - Transformation age : 1 colonnes
2025-12-22 22:10:26 - dimension_optimizer - WARNING - Colonnes FRONTALIER ou CDPCSP manquantes pour REVENU
2025-12-22 22:10:26 - dimension_optimizer - INFO - Transformation revenu : 1 colonnes
2025-12-22 22:10:26 - dimension_optimizer - WARNING - Colonne nb_enfant manquante
2025-12-22 22:10:26 - dimension_optimizer - INFO - Transformation enfants : 2 colonnes
2025-12-22 22:10:26 - dimension_optimizer - WARNING - Colonne CD_OCC_LGT manquante
2025-12-22 22:10:26 - dimension_optimizer - INFO - Transformation logement : 2 colonnes
2025-12-22 22:10:26 - dimension_optimizer - INFO - Transformation terminée : (2000, 9)
2025-12-22 22:10:26 - dimension_optimizer - INFO - Dimensions créées : 8
2025-12-22 22:10:26 - dimension_optimizer - INFO - Colonnes finales : ['Situation_Couple', 'Situation_Celibataire', 'AGE', 'REVENU_Score', 'Enfants_Avec', 'Enfants_Sans', 'Logement_Proprietaire', 'Logement_NonProprietaire']
2025-12-22 22:10:27 - dimension_optimizer - INFO - DimensionOptimizer initialisé - Mode : stratifie
2025-12-22 22:10:27 - dimension_optimizer - INFO - Début transformation dimensionnelle - Mode stratifie
2025-12-22 22:10:27 - dimension_optimizer - INFO - Shape initiale : (200, 19)
2025-12-22 22:10:27 - dimension_optimizer - INFO - Transformation situation_composite : 2 colonnes
2025-12-22 22:10:27 - dimension_optimizer - INFO - Transformation age : 1 colonnes
2025-12-22 22:10:27 - dimension_optimizer - WARNING - Colonnes FRONTALIER ou CDPCSP manquantes pour REVENU
2025-12-22 22:10:27 - dimension_optimizer - INFO - Transformation revenu : 1 colonnes
2025-12-22 22:10:27 - dimension_optimizer - WARNING - Colonne nb_enfant manquante
2025-12-22 22:10:27 - dimension_optimizer - INFO - Transformation enfants : 2 colonnes
2025-12-22 22:10:27 - dimension_optimizer - WARNING - Colonne CD_OCC_LGT manquante
2025-12-22 22:10:27 - dimension_optimizer - INFO - Transformation logement : 2 colonnes
2025-12-22 22:10:27 - dimension_optimizer - INFO - Transformation terminée : (200, 9)
2025-12-22 22:10:27 - dimension_optimizer - INFO - Dimensions créées : 8
2025-12-22 22:10:27 - dimension_optimizer - INFO - Colonnes finales : ['Situation_Couple', 'Situation_Celibataire', 'AGE', 'REVENU_Score', 'Enfants_Avec', 'Enfants_Sans', 'Logement_Proprietaire', 'Logement_NonProprietaire']
2025-12-22 22:10:27 - dimension_optimizer - INFO - DimensionOptimizer initialisé - Mode : stratifie
2025-12-22 22:10:27 - dimension_optimizer - INFO - Début transformation dimensionnelle - Mode stratifie
2025-12-22 22:10:27 - dimension_optimizer - INFO - Shape initiale : (2000, 19)
2025-12-22 22:10:27 - dimension_optimizer - INFO - Transformation situation_composite : 2 colonnes
2025-12-22 22:10:27 - dimension_optimizer - INFO - Transformation age : 1 colonnes
2025-12-22 22:10:27 - dimension_optimizer - WARNING - Colonnes FRONTALIER ou CDPCSP manquantes pour REVENU
2025-12-22 22:10:27 - dimension_optimizer - INFO - Transformation revenu : 1 colonnes
2025-12-22 22:10:27 - dimension_optimizer - WARNING - Colonne nb_enfant manquante
2025-12-22 22:10:27 - dimension_optimizer - INFO - Transformation enfants : 2 colonnes
2025-12-22 22:10:27 - dimension_optimizer - WARNING - Colonne CD_OCC_LGT manquante
2025-12-22 22:10:27 - dimension_optimizer - INFO - Transformation logement : 2 colonnes
2025-12-22 22:10:27 - dimension_optimizer - INFO - Transformation terminée : (2000, 9)
2025-12-22 22:10:27 - dimension_optimizer - INFO - Dimensions créées : 8
2025-12-22 22:10:27 - dimension_optimizer - INFO - Colonnes finales : ['Situation_Couple', 'Situation_Celibataire', 'AGE', 'REVENU_Score', 'Enfants_Avec', 'Enfants_Sans', 'Logement_Proprietaire', 'Logement_NonProprietaire']
2025-12-22 22:10:27 - dimension_optimizer - INFO - DimensionOptimizer initialisé - Mode : stratifie
2025-12-22 22:10:27 - dimension_optimizer - INFO - Début transformation dimensionnelle - Mode stratifie
2025-12-22 22:10:27 - dimension_optimizer - INFO - Shape initiale : (2000, 19)
2025-12-22 22:10:27 - dimension_optimizer - INFO - Transformation situation_composite : 2 colonnes
2025-12-22 22:10:27 - dimension_optimizer - INFO - Transformation age : 1 colonnes
2025-12-22 22:10:27 - dimension_optimizer - WARNING - Colonnes FRONTALIER ou CDPCSP manquantes pour REVENU
2025-12-22 22:10:27 - dimension_optimizer - INFO - Transformation revenu : 1 colonnes
2025-12-22 22:10:27 - dimension_optimizer - WARNING - Colonne nb_enfant manquante
2025-12-22 22:10:27 - dimension_optimizer - INFO - Transformation enfants : 2 colonnes
2025-12-22 22:10:27 - dimension_optimizer - WARNING - Colonne CD_OCC_LGT manquante
2025-12-22 22:10:27 - dimension_optimizer - INFO - Transformation logement : 2 colonnes
2025-12-22 22:10:27 - dimension_optimizer - INFO - Transformation terminée : (2000, 9)
2025-12-22 22:10:27 - dimension_optimizer - INFO - Dimensions créées : 8
2025-12-22 22:10:27 - dimension_optimizer - INFO - Colonnes finales : ['Situation_Couple', 'Situation_Celibataire', 'AGE', 'REVENU_Score', 'Enfants_Avec', 'Enfants_Sans', 'Logement_Proprietaire', 'Logement_NonProprietaire']
2025-12-22 22:10:28 - dimension_optimizer - INFO - DimensionOptimizer initialisé - Mode : stratifie
2025-12-22 22:10:28 - dimension_optimizer - INFO - Début transformation dimensionnelle - Mode stratifie
2025-12-22 22:10:28 - dimension_optimizer - INFO - Shape initiale : (2000, 19)
2025-12-22 22:10:28 - dimension_optimizer - INFO - Transformation situation_composite : 2 colonnes
2025-12-22 22:10:28 - dimension_optimizer - INFO - Transformation age : 1 colonnes
2025-12-22 22:10:28 - dimension_optimizer - WARNING - Colonnes FRONTALIER ou CDPCSP manquantes pour REVENU
2025-12-22 22:10:28 - dimension_optimizer - INFO - Transformation revenu : 1 colonnes
2025-12-22 22:10:28 - dimension_optimizer - WARNING - Colonne nb_enfant manquante
2025-12-22 22:10:28 - dimension_optimizer - INFO - Transformation enfants : 2 colonnes
2025-12-22 22:10:28 - dimension_optimizer - WARNING - Colonne CD_OCC_LGT manquante
2025-12-22 22:10:28 - dimension_optimizer - INFO - Transformation logement : 2 colonnes
2025-12-22 22:10:28 - dimension_optimizer - INFO - Transformation terminée : (2000, 9)
2025-12-22 22:10:28 - dimension_optimizer - INFO - Dimensions créées : 8
2025-12-22 22:10:28 - dimension_optimizer - INFO - Colonnes finales : ['Situation_Couple', 'Situation_Celibataire', 'AGE', 'REVENU_Score', 'Enfants_Avec', 'Enfants_Sans', 'Logement_Proprietaire', 'Logement_NonProprietaire']
2025-12-22 22:10:29 - dimension_optimizer - INFO - DimensionOptimizer initialisé - Mode : stratifie
2025-12-22 22:10:29 - dimension_optimizer - INFO - Début transformation dimensionnelle - Mode stratifie
2025-12-22 22:10:29 - dimension_optimizer - INFO - Shape initiale : (2000, 19)
2025-12-22 22:10:29 - dimension_optimizer - INFO - Transformation situation_composite : 2 colonnes
2025-12-22 22:10:29 - dimension_optimizer - INFO - Transformation age : 1 colonnes
2025-12-22 22:10:29 - dimension_optimizer - WARNING - Colonnes FRONTALIER ou CDPCSP manquantes pour REVENU
2025-12-22 22:10:29 - dimension_optimizer - INFO - Transformation revenu : 1 colonnes
2025-12-22 22:10:29 - dimension_optimizer - WARNING - Colonne nb_enfant manquante
2025-12-22 22:10:29 - dimension_optimizer - INFO - Transformation enfants : 2 colonnes
2025-12-22 22:10:29 - dimension_optimizer - WARNING - Colonne CD_OCC_LGT manquante
2025-12-22 22:10:29 - dimension_optimizer - INFO - Transformation logement : 2 colonnes
2025-12-22 22:10:29 - dimension_optimizer - INFO - Transformation terminée : (2000, 9)
2025-12-22 22:10:29 - dimension_optimizer - INFO - Dimensions créées : 8
2025-12-22 22:10:29 - dimension_optimizer - INFO - Colonnes finales : ['Situation_Couple', 'Situation_Celibataire', 'AGE', 'REVENU_Score', 'Enfants_Avec', 'Enfants_Sans', 'Logement_Proprietaire', 'Logement_NonProprietaire']
2025-12-22 22:10:30 - dimension_optimizer - INFO - DimensionOptimizer initialisé - Mode : stratifie
2025-12-22 22:10:30 - dimension_optimizer - INFO - Début transformation dimensionnelle - Mode stratifie
2025-12-22 22:10:30 - dimension_optimizer - INFO - Shape initiale : (2000, 19)
2025-12-22 22:10:30 - dimension_optimizer - INFO - Transformation situation_composite : 2 colonnes
2025-12-22 22:10:30 - dimension_optimizer - INFO - Transformation age : 1 colonnes
2025-12-22 22:10:30 - dimension_optimizer - WARNING - Colonnes FRONTALIER ou CDPCSP manquantes pour REVENU
2025-12-22 22:10:30 - dimension_optimizer - INFO - Transformation revenu : 1 colonnes
2025-12-22 22:10:30 - dimension_optimizer - WARNING - Colonne nb_enfant manquante
2025-12-22 22:10:30 - dimension_optimizer - INFO - Transformation enfants : 2 colonnes
2025-12-22 22:10:30 - dimension_optimizer - WARNING - Colonne CD_OCC_LGT manquante
2025-12-22 22:10:30 - dimension_optimizer - INFO - Transformation logement : 2 colonnes
2025-12-22 22:10:30 - dimension_optimizer - INFO - Transformation terminée : (2000, 9)
2025-12-22 22:10:30 - dimension_optimizer - INFO - Dimensions créées : 8
2025-12-22 22:10:30 - dimension_optimizer - INFO - Colonnes finales : ['Situation_Couple', 'Situation_Celibataire', 'AGE', 'REVENU_Score', 'Enfants_Avec', 'Enfants_Sans', 'Logement_Proprietaire', 'Logement_NonProprietaire']
2025-12-22 22:10:30 - dimension_optimizer - INFO - DimensionOptimizer initialisé - Mode : stratifie
2025-12-22 22:10:30 - dimension_optimizer - INFO - Début transformation dimensionnelle - Mode stratifie
2025-12-22 22:10:30 - dimension_optimizer - INFO - Shape initiale : (1000, 19)
2025-12-22 22:10:30 - dimension_optimizer - INFO - Transformation situation_composite : 2 colonnes
2025-12-22 22:10:30 - dimension_optimizer - INFO - Transformation age : 1 colonnes
2025-12-22 22:10:30 - dimension_optimizer - WARNING - Colonnes FRONTALIER ou CDPCSP manquantes pour REVENU
2025-12-22 22:10:30 - dimension_optimizer - INFO - Transformation revenu : 1 colonnes
2025-12-22 22:10:30 - dimension_optimizer - WARNING - Colonne nb_enfant manquante
2025-12-22 22:10:30 - dimension_optimizer - INFO - Transformation enfants : 2 colonnes
2025-12-22 22:10:30 - dimension_optimizer - WARNING - Colonne CD_OCC_LGT manquante
2025-12-22 22:10:30 - dimension_optimizer - INFO - Transformation logement : 2 colonnes
2025-12-22 22:10:30 - dimension_optimizer - INFO - Transformation terminée : (1000, 9)
2025-12-22 22:10:30 - dimension_optimizer - INFO - Dimensions créées : 8
2025-12-22 22:10:30 - dimension_optimizer - INFO - Colonnes finales : ['Situation_Couple', 'Situation_Celibataire', 'AGE', 'REVENU_Score', 'Enfants_Avec', 'Enfants_Sans', 'Logement_Proprietaire', 'Logement_NonProprietaire']
2025-12-22 22:10:31 - dimension_optimizer - INFO - DimensionOptimizer initialisé - Mode : stratifie
2025-12-22 22:10:31 - dimension_optimizer - INFO - Début transformation dimensionnelle - Mode stratifie
2025-12-22 22:10:31 - dimension_optimizer - INFO - Shape initiale : (1000, 19)
2025-12-22 22:10:31 - dimension_optimizer - INFO - Transformation situation_composite : 2 colonnes
2025-12-22 22:10:31 - dimension_optimizer - INFO - Transformation age : 1 colonnes
2025-12-22 22:10:31 - dimension_optimizer - WARNING - Colonnes FRONTALIER ou CDPCSP manquantes pour REVENU
2025-12-22 22:10:31 - dimension_optimizer - INFO - Transformation revenu : 1 colonnes
2025-12-22 22:10:31 - dimension_optimizer - WARNING - Colonne nb_enfant manquante
2025-12-22 22:10:31 - dimension_optimizer - INFO - Transformation enfants : 2 colonnes
2025-12-22 22:10:31 - dimension_optimizer - WARNING - Colonne CD_OCC_LGT manquante
2025-12-22 22:10:31 - dimension_optimizer - INFO - Transformation logement : 2 colonnes
2025-12-22 22:10:31 - dimension_optimizer - INFO - Transformation terminée : (1000, 9)
2025-12-22 22:10:31 - dimension_optimizer - INFO - Dimensions créées : 8
2025-12-22 22:10:31 - dimension_optimizer - INFO - Colonnes finales : ['Situation_Couple', 'Situation_Celibataire', 'AGE', 'REVENU_Score', 'Enfants_Avec', 'Enfants_Sans', 'Logement_Proprietaire', 'Logement_NonProprietaire']
2025-12-22 22:10:31 - dimension_optimizer - INFO - DimensionOptimizer initialisé - Mode : stratifie
2025-12-22 22:10:31 - dimension_optimizer - INFO - Début transformation dimensionnelle - Mode stratifie
2025-12-22 22:10:31 - dimension_optimizer - INFO - Shape initiale : (1000, 19)
2025-12-22 22:10:31 - dimension_optimizer - INFO - Transformation situation_composite : 2 colonnes
2025-12-22 22:10:31 - dimension_optimizer - INFO - Transformation age : 1 colonnes
2025-12-22 22:10:31 - dimension_optimizer - WARNING - Colonnes FRONTALIER ou CDPCSP manquantes pour REVENU
2025-12-22 22:10:31 - dimension_optimizer - INFO - Transformation revenu : 1 colonnes
2025-12-22 22:10:31 - dimension_optimizer - WARNING - Colonne nb_enfant manquante
2025-12-22 22:10:31 - dimension_optimizer - INFO - Transformation enfants : 2 colonnes
2025-12-22 22:10:31 - dimension_optimizer - WARNING - Colonne CD_OCC_LGT manquante
2025-12-22 22:10:31 - dimension_optimizer - INFO - Transformation logement : 2 colonnes
2025-12-22 22:10:31 - dimension_optimizer - INFO - Transformation terminée : (1000, 9)
2025-12-22 22:10:31 - dimension_optimizer - INFO - Dimensions créées : 8
2025-12-22 22:10:31 - dimension_optimizer - INFO - Colonnes finales : ['Situation_Couple', 'Situation_Celibataire', 'AGE', 'REVENU_Score', 'Enfants_Avec', 'Enfants_Sans', 'Logement_Proprietaire', 'Logement_NonProprietaire']
2025-12-22 22:10:32 - dimension_optimizer - INFO - DimensionOptimizer initialisé - Mode : global
2025-12-22 22:10:32 - dimension_optimizer - INFO - Début transformation dimensionnelle - Mode global
2025-12-22 22:10:32 - dimension_optimizer - INFO - Shape initiale : (1000, 19)
2025-12-22 22:10:32 - dimension_optimizer - INFO - Transformation situation_composite : 2 colonnes
2025-12-22 22:10:32 - dimension_optimizer - INFO - Transformation age : 4 colonnes
2025-12-22 22:10:32 - dimension_optimizer - WARNING - Colonnes FRONTALIER ou CDPCSP manquantes pour REVENU
2025-12-22 22:10:32 - dimension_optimizer - INFO - Transformation revenu : 1 colonnes
2025-12-22 22:10:32 - dimension_optimizer - WARNING - Colonne nb_enfant manquante
2025-12-22 22:10:32 - dimension_optimizer - INFO - Transformation enfants : 2 colonnes
2025-12-22 22:10:32 - dimension_optimizer - WARNING - Colonne CD_OCC_LGT manquante
2025-12-22 22:10:32 - dimension_optimizer - INFO - Transformation logement : 2 colonnes
2025-12-22 22:10:32 - dimension_optimizer - INFO - Transformation terminée : (1000, 12)
2025-12-22 22:10:32 - dimension_optimizer - INFO - Dimensions créées : 11
2025-12-22 22:10:32 - dimension_optimizer - INFO - Colonnes finales : ['Situation_Couple', 'Situation_Celibataire', 'Age_Jeunes', 'Age_Actifs', 'Age_Seniors', 'Age_Retraites', 'REVENU_Score', 'Enfants_Avec', 'Enfants_Sans', 'Logement_Proprietaire', 'Logement_NonProprietaire']
2025-12-22 22:10:32 - dimension_optimizer - INFO - DimensionOptimizer initialisé - Mode : stratifie
2025-12-22 22:10:32 - dimension_optimizer - INFO - Début transformation dimensionnelle - Mode stratifie
2025-12-22 22:10:32 - dimension_optimizer - INFO - Shape initiale : (400, 19)
2025-12-22 22:10:32 - dimension_optimizer - INFO - Transformation situation_composite : 2 colonnes
2025-12-22 22:10:32 - dimension_optimizer - INFO - Transformation age : 1 colonnes
2025-12-22 22:10:32 - dimension_optimizer - WARNING - Colonnes FRONTALIER ou CDPCSP manquantes pour REVENU
2025-12-22 22:10:32 - dimension_optimizer - INFO - Transformation revenu : 1 colonnes
2025-12-22 22:10:32 - dimension_optimizer - WARNING - Colonne nb_enfant manquante
2025-12-22 22:10:32 - dimension_optimizer - INFO - Transformation enfants : 2 colonnes
2025-12-22 22:10:32 - dimension_optimizer - WARNING - Colonne CD_OCC_LGT manquante
2025-12-22 22:10:32 - dimension_optimizer - INFO - Transformation logement : 2 colonnes
2025-12-22 22:10:32 - dimension_optimizer - INFO - Transformation terminée : (400, 9)
2025-12-22 22:10:32 - dimension_optimizer - INFO - Dimensions créées : 8
2025-12-22 22:10:32 - dimension_optimizer - INFO - Colonnes finales : ['Situation_Couple', 'Situation_Celibataire', 'AGE', 'REVENU_Score', 'Enfants_Avec', 'Enfants_Sans', 'Logement_Proprietaire', 'Logement_NonProprietaire']
2025-12-22 22:10:48 - dimension_optimizer - INFO - Logger dimension_optimizer configuré - Fichier: /Users/taieb/Documents/GITHUB REPO/ML_banking_segmentation/logs/dimension_optimizer_20251222.log
2025-12-22 22:10:48 - dimension_optimizer - INFO - DimensionOptimizer initialisé - Mode : stratifie
2025-12-22 22:10:48 - dimension_optimizer - INFO - Début transformation dimensionnelle - Mode stratifie
2025-12-22 22:10:48 - dimension_optimizer - INFO - Shape initiale : (1000, 19)
2025-12-22 22:10:48 - dimension_optimizer - INFO - Transformation situation_composite : 2 colonnes
2025-12-22 22:10:48 - dimension_optimizer - INFO - Transformation age : 1 colonnes
2025-12-22 22:10:48 - dimension_optimizer - WARNING - Colonnes FRONTALIER ou CDPCSP manquantes pour REVENU
2025-12-22 22:10:48 - dimension_optimizer - INFO - Transformation revenu : 1 colonnes
2025-12-22 22:10:48 - dimension_optimizer - WARNING - Colonne nb_enfant manquante
2025-12-22 22:10:48 - dimension_optimizer - INFO - Transformation enfants : 2 colonnes
2025-12-22 22:10:48 - dimension_optimizer - WARNING - Colonne CD_OCC_LGT manquante
2025-12-22 22:10:48 - dimension_optimizer - INFO - Transformation logement : 2 colonnes
2025-12-22 22:10:48 - dimension_optimizer - INFO - Transformation terminée : (1000, 9)
2025-12-22 22:10:48 - dimension_optimizer - INFO - Dimensions créées : 8
2025-12-22 22:10:48 - dimension_optimizer - INFO - Colonnes finales : ['Situation_Couple', 'Situation_Celibataire', 'AGE', 'REVENU_Score', 'Enfants_Avec', 'Enfants_Sans', 'Logement_Proprietaire', 'Logement_NonProprietaire']
2025-12-22 22:10:49 - dimension_optimizer - INFO - DimensionOptimizer initialisé - Mode : global
2025-12-22 22:10:49 - dimension_optimizer - INFO - Début transformation dimensionnelle - Mode global
2025-12-22 22:10:49 - dimension_optimizer - INFO - Shape initiale : (1000, 19)
2025-12-22 22:10:49 - dimension_optimizer - INFO - Transformation situation_composite : 2 colonnes
2025-12-22 22:10:49 - dimension_optimizer - INFO - Transformation age : 4 colonnes
2025-12-22 22:10:49 - dimension_optimizer - WARNING - Colonnes FRONTALIER ou CDPCSP manquantes pour REVENU
2025-12-22 22:10:49 - dimension_optimizer - INFO - Transformation revenu : 1 colonnes
2025-12-22 22:10:49 - dimension_optimizer - WARNING - Colonne nb_enfant manquante
2025-12-22 22:10:49 - dimension_optimizer - INFO - Transformation enfants : 2 colonnes
2025-12-22 22:10:49 - dimension_optimizer - WARNING - Colonne CD_OCC_LGT manquante
2025-12-22 22:10:49 - dimension_optimizer - INFO - Transformation logement : 2 colonnes
2025-12-22 22:10:49 - dimension_optimizer - INFO - Transformation terminée : (1000, 12)
2025-12-22 22:10:49 - dimension_optimizer - INFO - Dimensions créées : 11
2025-12-22 22:10:49 - dimension_optimizer - INFO - Colonnes finales : ['Situation_Couple', 'Situation_Celibataire', 'Age_Jeunes', 'Age_Actifs', 'Age_Seniors', 'Age_Retraites', 'REVENU_Score', 'Enfants_Avec', 'Enfants_Sans', 'Logement_Proprietaire', 'Logement_NonProprietaire']
2025-12-22 22:11:21 - dimension_optimizer - INFO - Logger dimension_optimizer configuré - Fichier: /Users/taieb/Documents/GITHUB REPO/ML_banking_segmentation/logs/dimension_optimizer_20251222.log
2025-12-22 22:11:21 - dimension_optimizer - INFO - DimensionOptimizer initialisé - Mode : stratifie
2025-12-22 22:11:21 - dimension_optimizer - INFO - Début transformation dimensionnelle - Mode stratifie
2025-12-22 22:11:21 - dimension_optimizer - INFO - Shape initiale : (5000, 19)
2025-12-22 22:11:21 - dimension_optimizer - INFO - Transformation situation_composite : 2 colonnes
2025-12-22 22:11:21 - dimension_optimizer - INFO - Transformation age : 1 colonnes
2025-12-22 22:11:21 - dimension_optimizer - WARNING - Colonnes FRONTALIER ou CDPCSP manquantes pour REVENU
2025-12-22 22:11:21 - dimension_optimizer - INFO - Transformation revenu : 1 colonnes
2025-12-22 22:11:21 - dimension_optimizer - WARNING - Colonne nb_enfant manquante
2025-12-22 22:11:21 - dimension_optimizer - INFO - Transformation enfants : 2 colonnes
2025-12-22 22:11:21 - dimension_optimizer - WARNING - Colonne CD_OCC_LGT manquante
2025-12-22 22:11:21 - dimension_optimizer - INFO - Transformation logement : 2 colonnes
2025-12-22 22:11:21 - dimension_optimizer - INFO - Transformation terminée : (5000, 9)
2025-12-22 22:11:21 - dimension_optimizer - INFO - Dimensions créées : 8
2025-12-22 22:11:21 - dimension_optimizer - INFO - Colonnes finales : ['Situation_Couple', 'Situation_Celibataire', 'AGE', 'REVENU_Score', 'Enfants_Avec', 'Enfants_Sans', 'Logement_Proprietaire', 'Logement_NonProprietaire']
2025-12-22 22:11:25 - dimension_optimizer - INFO - DimensionOptimizer initialisé - Mode : stratifie
2025-12-22 22:11:25 - dimension_optimizer - INFO - Début transformation dimensionnelle - Mode stratifie
2025-12-22 22:11:25 - dimension_optimizer - INFO - Shape initiale : (1500, 19)
2025-12-22 22:11:25 - dimension_optimizer - INFO - Transformation situation_composite : 2 colonnes
2025-12-22 22:11:25 - dimension_optimizer - INFO - Transformation age : 1 colonnes
2025-12-22 22:11:25 - dimension_optimizer - WARNING - Colonnes FRONTALIER ou CDPCSP manquantes pour REVENU
2025-12-22 22:11:25 - dimension_optimizer - INFO - Transformation revenu : 1 colonnes
2025-12-22 22:11:25 - dimension_optimizer - WARNING - Colonne nb_enfant manquante
2025-12-22 22:11:25 - dimension_optimizer - INFO - Transformation enfants : 2 colonnes
2025-12-22 22:11:25 - dimension_optimizer - WARNING - Colonne CD_OCC_LGT manquante
2025-12-22 22:11:25 - dimension_optimizer - INFO - Transformation logement : 2 colonnes
2025-12-22 22:11:25 - dimension_optimizer - INFO - Transformation terminée : (1500, 9)
2025-12-22 22:11:25 - dimension_optimizer - INFO - Dimensions créées : 8
2025-12-22 22:11:25 - dimension_optimizer - INFO - Colonnes finales : ['Situation_Couple', 'Situation_Celibataire', 'AGE', 'REVENU_Score', 'Enfants_Avec', 'Enfants_Sans', 'Logement_Proprietaire', 'Logement_NonProprietaire']
2025-12-22 22:11:26 - dimension_optimizer - INFO - DimensionOptimizer initialisé - Mode : stratifie
2025-12-22 22:11:26 - dimension_optimizer - INFO - Début transformation dimensionnelle - Mode stratifie
2025-12-22 22:11:26 - dimension_optimizer - INFO - Shape initiale : (1000, 19)
2025-12-22 22:11:26 - dimension_optimizer - INFO - Transformation situation_composite : 2 colonnes
2025-12-22 22:11:26 - dimension_optimizer - INFO - Transformation age : 1 colonnes
2025-12-22 22:11:26 - dimension_optimizer - WARNING - Colonnes FRONTALIER ou CDPCSP manquantes pour REVENU
2025-12-22 22:11:26 - dimension_optimizer - INFO - Transformation revenu : 1 colonnes
2025-12-22 22:11:26 - dimension_optimizer - WARNING - Colonne nb_enfant manquante
2025-12-22 22:11:26 - dimension_optimizer - INFO - Transformation enfants : 2 colonnes
2025-12-22 22:11:26 - dimension_optimizer - WARNING - Colonne CD_OCC_LGT manquante
2025-12-22 22:11:26 - dimension_optimizer - INFO - Transformation logement : 2 colonnes
2025-12-22 22:11:26 - dimension_optimizer - INFO - Transformation terminée : (1000, 9)
2025-12-22 22:11:26 - dimension_optimizer - INFO - Dimensions créées : 8
2025-12-22 22:11:26 - dimension_optimizer - INFO - Colonnes finales : ['Situation_Couple', 'Situation_Celibataire', 'AGE', 'REVENU_Score', 'Enfants_Avec', 'Enfants_Sans', 'Logement_Proprietaire', 'Logement_NonProprietaire']
2025-12-22 22:11:26 - dimension_optimizer - INFO - DimensionOptimizer initialisé - Mode : global
2025-12-22 22:11:26 - dimension_optimizer - INFO - Début transformation dimensionnelle - Mode global
2025-12-22 22:11:26 - dimension_optimizer - INFO - Shape initiale : (1000, 19)
2025-12-22 22:11:26 - dimension_optimizer - INFO - Transformation situation_composite : 2 colonnes
2025-12-22 22:11:26 - dimension_optimizer - INFO - Transformation age : 4 colonnes
2025-12-22 22:11:26 - dimension_optimizer - WARNING - Colonnes FRONTALIER ou CDPCSP manquantes pour REVENU
2025-12-22 22:11:26 - dimension_optimizer - INFO - Transformation revenu : 1 colonnes
2025-12-22 22:11:26 - dimension_optimizer - WARNING - Colonne nb_enfant manquante
2025-12-22 22:11:26 - dimension_optimizer - INFO - Transformation enfants : 2 colonnes
2025-12-22 22:11:26 - dimension_optimizer - WARNING - Colonne CD_OCC_LGT manquante
2025-12-22 22:11:26 - dimension_optimizer - INFO - Transformation logement : 2 colonnes
2025-12-22 22:11:26 - dimension_optimizer - INFO - Transformation terminée : (1000, 12)
2025-12-22 22:11:26 - dimension_optimizer - INFO - Dimensions créées : 11
2025-12-22 22:11:26 - dimension_optimizer - INFO - Colonnes finales : ['Situation_Couple', 'Situation_Celibataire', 'Age_Jeunes', 'Age_Actifs', 'Age_Seniors', 'Age_Retraites', 'REVENU_Score', 'Enfants_Avec', 'Enfants_Sans', 'Logement_Proprietaire', 'Logement_NonProprietaire']
2025-12-22 22:11:26 - dimension_optimizer - INFO - DimensionOptimizer initialisé - Mode : stratifie
2025-12-22 22:11:26 - dimension_optimizer - INFO - DimensionOptimizer initialisé - Mode : stratifie
2025-12-22 22:11:26 - dimension_optimizer - INFO - Début transformation dimensionnelle - Mode stratifie
2025-12-22 22:11:26 - dimension_optimizer - INFO - Shape initiale : (1000, 19)
2025-12-22 22:11:26 - dimension_optimizer - INFO - Transformation situation_composite : 2 colonnes
2025-12-22 22:11:26 - dimension_optimizer - INFO - Transformation age : 1 colonnes
2025-12-22 22:11:26 - dimension_optimizer - WARNING - Colonnes FRONTALIER ou CDPCSP manquantes pour REVENU
2025-12-22 22:11:26 - dimension_optimizer - INFO - Transformation revenu : 1 colonnes
2025-12-22 22:11:26 - dimension_optimizer - WARNING - Colonne nb_enfant manquante
2025-12-22 22:11:26 - dimension_optimizer - INFO - Transformation enfants : 2 colonnes
2025-12-22 22:11:26 - dimension_optimizer - WARNING - Colonne CD_OCC_LGT manquante
2025-12-22 22:11:26 - dimension_optimizer - INFO - Transformation logement : 2 colonnes
2025-12-22 22:11:26 - dimension_optimizer - INFO - Transformation terminée : (1000, 9)
2025-12-22 22:11:26 - dimension_optimizer - INFO - Dimensions créées : 8
2025-12-22 22:11:26 - dimension_optimizer - INFO - Colonnes finales : ['Situation_Couple', 'Situation_Celibataire', 'AGE', 'REVENU_Score', 'Enfants_Avec', 'Enfants_Sans', 'Logement_Proprietaire', 'Logement_NonProprietaire']
2025-12-22 22:11:26 - dimension_optimizer - INFO - DimensionOptimizer initialisé - Mode : stratifie
2025-12-22 22:11:26 - dimension_optimizer - INFO - Début transformation dimensionnelle - Mode stratifie
2025-12-22 22:11:26 - dimension_optimizer - INFO - Shape initiale : (1000, 19)
2025-12-22 22:11:26 - dimension_optimizer - INFO - Transformation situation_composite : 2 colonnes
2025-12-22 22:11:26 - dimension_optimizer - INFO - Transformation age : 1 colonnes
2025-12-22 22:11:26 - dimension_optimizer - WARNING - Colonnes FRONTALIER ou CDPCSP manquantes pour REVENU
2025-12-22 22:11:26 - dimension_optimizer - INFO - Transformation revenu : 1 colonnes
2025-12-22 22:11:26 - dimension_optimizer - WARNING - Colonne nb_enfant manquante
2025-12-22 22:11:26 - dimension_optimizer - INFO - Transformation enfants : 2 colonnes
2025-12-22 22:11:26 - dimension_optimizer - WARNING - Colonne CD_OCC_LGT manquante
2025-12-22 22:11:26 - dimension_optimizer - INFO - Transformation logement : 2 colonnes
2025-12-22 22:11:26 - dimension_optimizer - INFO - Transformation terminée : (1000, 8)
2025-12-22 22:11:26 - dimension_optimizer - INFO - Dimensions créées : 8
2025-12-22 22:11:26 - dimension_optimizer - INFO - Colonnes finales : ['Situation_Couple', 'Situation_Celibataire', 'AGE', 'REVENU_Score', 'Enfants_Avec', 'Enfants_Sans', 'Logement_Proprietaire', 'Logement_NonProprietaire']
2025-12-22 22:11:26 - dimension_optimizer - INFO - DimensionOptimizer initialisé - Mode : stratifie
2025-12-22 22:11:26 - dimension_optimizer - INFO - Début transformation dimensionnelle - Mode stratifie
2025-12-22 22:11:26 - dimension_optimizer - INFO - Shape initiale : (2000, 19)
2025-12-22 22:11:26 - dimension_optimizer - INFO - Transformation situation_composite : 2 colonnes
2025-12-22 22:11:26 - dimension_optimizer - INFO - Transformation age : 1 colonnes
2025-12-22 22:11:26 - dimension_optimizer - WARNING - Colonnes FRONTALIER ou CDPCSP manquantes pour REVENU
2025-12-22 22:11:26 - dimension_optimizer - INFO - Transformation revenu : 1 colonnes
2025-12-22 22:11:26 - dimension_optimizer - WARNING - Colonne nb_enfant manquante
2025-12-22 22:11:26 - dimension_optimizer - INFO - Transformation enfants : 2 colonnes
2025-12-22 22:11:26 - dimension_optimizer - WARNING - Colonne CD_OCC_LGT manquante
2025-12-22 22:11:26 - dimension_optimizer - INFO - Transformation logement : 2 colonnes
2025-12-22 22:11:26 - dimension_optimizer - INFO - Transformation terminée : (2000, 9)
2025-12-22 22:11:26 - dimension_optimizer - INFO - Dimensions créées : 8
2025-12-22 22:11:26 - dimension_optimizer - INFO - Colonnes finales : ['Situation_Couple', 'Situation_Celibataire', 'AGE', 'REVENU_Score', 'Enfants_Avec', 'Enfants_Sans', 'Logement_Proprietaire', 'Logement_NonProprietaire']
2025-12-22 22:11:27 - dimension_optimizer - INFO - DimensionOptimizer initialisé - Mode : stratifie
2025-12-22 22:11:27 - dimension_optimizer - INFO - Début transformation dimensionnelle - Mode stratifie
2025-12-22 22:11:27 - dimension_optimizer - INFO - Shape initiale : (2000, 19)
2025-12-22 22:11:27 - dimension_optimizer - INFO - Transformation situation_composite : 2 colonnes
2025-12-22 22:11:27 - dimension_optimizer - INFO - Transformation age : 1 colonnes
2025-12-22 22:11:27 - dimension_optimizer - WARNING - Colonnes FRONTALIER ou CDPCSP manquantes pour REVENU
2025-12-22 22:11:27 - dimension_optimizer - INFO - Transformation revenu : 1 colonnes
2025-12-22 22:11:27 - dimension_optimizer - WARNING - Colonne nb_enfant manquante
2025-12-22 22:11:27 - dimension_optimizer - INFO - Transformation enfants : 2 colonnes
2025-12-22 22:11:27 - dimension_optimizer - WARNING - Colonne CD_OCC_LGT manquante
2025-12-22 22:11:27 - dimension_optimizer - INFO - Transformation logement : 2 colonnes
2025-12-22 22:11:27 - dimension_optimizer - INFO - Transformation terminée : (2000, 9)
2025-12-22 22:11:27 - dimension_optimizer - INFO - Dimensions créées : 8
2025-12-22 22:11:27 - dimension_optimizer - INFO - Colonnes finales : ['Situation_Couple', 'Situation_Celibataire', 'AGE', 'REVENU_Score', 'Enfants_Avec', 'Enfants_Sans', 'Logement_Proprietaire', 'Logement_NonProprietaire']
2025-12-22 22:11:28 - dimension_optimizer - INFO - DimensionOptimizer initialisé - Mode : stratifie
2025-12-22 22:11:28 - dimension_optimizer - INFO - Début transformation dimensionnelle - Mode stratifie
2025-12-22 22:11:28 - dimension_optimizer - INFO - Shape initiale : (2000, 19)
2025-12-22 22:11:28 - dimension_optimizer - INFO - Transformation situation_composite : 2 colonnes
2025-12-22 22:11:28 - dimension_optimizer - INFO - Transformation age : 1 colonnes
2025-12-22 22:11:28 - dimension_optimizer - WARNING - Colonnes FRONTALIER ou CDPCSP manquantes pour REVENU
2025-12-22 22:11:28 - dimension_optimizer - INFO - Transformation revenu : 1 colonnes
2025-12-22 22:11:28 - dimension_optimizer - WARNING - Colonne nb_enfant manquante
2025-12-22 22:11:28 - dimension_optimizer - INFO - Transformation enfants : 2 colonnes
2025-12-22 22:11:28 - dimension_optimizer - WARNING - Colonne CD_OCC_LGT manquante
2025-12-22 22:11:28 - dimension_optimizer - INFO - Transformation logement : 2 colonnes
2025-12-22 22:11:28 - dimension_optimizer - INFO - Transformation terminée : (2000, 9)
2025-12-22 22:11:28 - dimension_optimizer - INFO - Dimensions créées : 8
2025-12-22 22:11:28 - dimension_optimizer - INFO - Colonnes finales : ['Situation_Couple', 'Situation_Celibataire', 'AGE', 'REVENU_Score', 'Enfants_Avec', 'Enfants_Sans', 'Logement_Proprietaire', 'Logement_NonProprietaire']
2025-12-22 22:11:28 - dimension_optimizer - INFO - DimensionOptimizer initialisé - Mode : stratifie
2025-12-22 22:11:28 - dimension_optimizer - INFO - Début transformation dimensionnelle - Mode stratifie
2025-12-22 22:11:28 - dimension_optimizer - INFO - Shape initiale : (2000, 19)
2025-12-22 22:11:28 - dimension_optimizer - INFO - Transformation situation_composite : 2 colonnes
2025-12-22 22:11:28 - dimension_optimizer - INFO - Transformation age : 1 colonnes
2025-12-22 22:11:28 - dimension_optimizer - WARNING - Colonnes FRONTALIER ou CDPCSP manquantes pour REVENU
2025-12-22 22:11:28 - dimension_optimizer - INFO - Transformation revenu : 1 colonnes
2025-12-22 22:11:28 - dimension_optimizer - WARNING - Colonne nb_enfant manquante
2025-12-22 22:11:28 - dimension_optimizer - INFO - Transformation enfants : 2 colonnes
2025-12-22 22:11:28 - dimension_optimizer - WARNING - Colonne CD_OCC_LGT manquante
2025-12-22 22:11:28 - dimension_optimizer - INFO - Transformation logement : 2 colonnes
2025-12-22 22:11:28 - dimension_optimizer - INFO - Transformation terminée : (2000, 9)
2025-12-22 22:11:28 - dimension_optimizer - INFO - Dimensions créées : 8
2025-12-22 22:11:28 - dimension_optimizer - INFO - Colonnes finales : ['Situation_Couple', 'Situation_Celibataire', 'AGE', 'REVENU_Score', 'Enfants_Avec', 'Enfants_Sans', 'Logement_Proprietaire', 'Logement_NonProprietaire']
2025-12-22 22:11:28 - dimension_optimizer - INFO - DimensionOptimizer initialisé - Mode : stratifie
2025-12-22 22:11:28 - dimension_optimizer - INFO - Début transformation dimensionnelle - Mode stratifie
2025-12-22 22:11:28 - dimension_optimizer - INFO - Shape initiale : (2000, 19)
2025-12-22 22:11:28 - dimension_optimizer - INFO - Transformation situation_composite : 2 colonnes
2025-12-22 22:11:28 - dimension_optimizer - INFO - Transformation age : 1 colonnes
2025-12-22 22:11:28 - dimension_optimizer - WARNING - Colonnes FRONTALIER ou CDPCSP manquantes pour REVENU
2025-12-22 22:11:28 - dimension_optimizer - INFO - Transformation revenu : 1 colonnes
2025-12-22 22:11:28 - dimension_optimizer - WARNING - Colonne nb_enfant manquante
2025-12-22 22:11:28 - dimension_optimizer - INFO - Transformation enfants : 2 colonnes
2025-12-22 22:11:28 - dimension_optimizer - WARNING - Colonne CD_OCC_LGT manquante
2025-12-22 22:11:28 - dimension_optimizer - INFO - Transformation logement : 2 colonnes
2025-12-22 22:11:28 - dimension_optimizer - INFO - Transformation terminée : (2000, 9)
2025-12-22 22:11:28 - dimension_optimizer - INFO - Dimensions créées : 8
2025-12-22 22:11:28 - dimension_optimizer - INFO - Colonnes finales : ['Situation_Couple', 'Situation_Celibataire', 'AGE', 'REVENU_Score', 'Enfants_Avec', 'Enfants_Sans', 'Logement_Proprietaire', 'Logement_NonProprietaire']
2025-12-22 22:11:29 - dimension_optimizer - INFO - DimensionOptimizer initialisé - Mode : stratifie
2025-12-22 22:11:29 - dimension_optimizer - INFO - Début transformation dimensionnelle - Mode stratifie
2025-12-22 22:11:29 - dimension_optimizer - INFO - Shape initiale : (200, 19)
2025-12-22 22:11:29 - dimension_optimizer - INFO - Transformation situation_composite : 2 colonnes
2025-12-22 22:11:29 - dimension_optimizer - INFO - Transformation age : 1 colonnes
2025-12-22 22:11:29 - dimension_optimizer - WARNING - Colonnes FRONTALIER ou CDPCSP manquantes pour REVENU
2025-12-22 22:11:29 - dimension_optimizer - INFO - Transformation revenu : 1 colonnes
2025-12-22 22:11:29 - dimension_optimizer - WARNING - Colonne nb_enfant manquante
2025-12-22 22:11:29 - dimension_optimizer - INFO - Transformation enfants : 2 colonnes
2025-12-22 22:11:29 - dimension_optimizer - WARNING - Colonne CD_OCC_LGT manquante
2025-12-22 22:11:29 - dimension_optimizer - INFO - Transformation logement : 2 colonnes
2025-12-22 22:11:29 - dimension_optimizer - INFO - Transformation terminée : (200, 9)
2025-12-22 22:11:29 - dimension_optimizer - INFO - Dimensions créées : 8
2025-12-22 22:11:29 - dimension_optimizer - INFO - Colonnes finales : ['Situation_Couple', 'Situation_Celibataire', 'AGE', 'REVENU_Score', 'Enfants_Avec', 'Enfants_Sans', 'Logement_Proprietaire', 'Logement_NonProprietaire']
2025-12-22 22:11:29 - dimension_optimizer - INFO - DimensionOptimizer initialisé - Mode : stratifie
2025-12-22 22:11:29 - dimension_optimizer - INFO - Début transformation dimensionnelle - Mode stratifie
2025-12-22 22:11:29 - dimension_optimizer - INFO - Shape initiale : (2000, 19)
2025-12-22 22:11:29 - dimension_optimizer - INFO - Transformation situation_composite : 2 colonnes
2025-12-22 22:11:29 - dimension_optimizer - INFO - Transformation age : 1 colonnes
2025-12-22 22:11:29 - dimension_optimizer - WARNING - Colonnes FRONTALIER ou CDPCSP manquantes pour REVENU
2025-12-22 22:11:29 - dimension_optimizer - INFO - Transformation revenu : 1 colonnes
2025-12-22 22:11:29 - dimension_optimizer - WARNING - Colonne nb_enfant manquante
2025-12-22 22:11:29 - dimension_optimizer - INFO - Transformation enfants : 2 colonnes
2025-12-22 22:11:29 - dimension_optimizer - WARNING - Colonne CD_OCC_LGT manquante
2025-12-22 22:11:29 - dimension_optimizer - INFO - Transformation logement : 2 colonnes
2025-12-22 22:11:29 - dimension_optimizer - INFO - Transformation terminée : (2000, 9)
2025-12-22 22:11:29 - dimension_optimizer - INFO - Dimensions créées : 8
2025-12-22 22:11:29 - dimension_optimizer - INFO - Colonnes finales : ['Situation_Couple', 'Situation_Celibataire', 'AGE', 'REVENU_Score', 'Enfants_Avec', 'Enfants_Sans', 'Logement_Proprietaire', 'Logement_NonProprietaire']
2025-12-22 22:11:30 - dimension_optimizer - INFO - DimensionOptimizer initialisé - Mode : stratifie
2025-12-22 22:11:30 - dimension_optimizer - INFO - Début transformation dimensionnelle - Mode stratifie
2025-12-22 22:11:30 - dimension_optimizer - INFO - Shape initiale : (2000, 19)
2025-12-22 22:11:30 - dimension_optimizer - INFO - Transformation situation_composite : 2 colonnes
2025-12-22 22:11:30 - dimension_optimizer - INFO - Transformation age : 1 colonnes
2025-12-22 22:11:30 - dimension_optimizer - WARNING - Colonnes FRONTALIER ou CDPCSP manquantes pour REVENU
2025-12-22 22:11:30 - dimension_optimizer - INFO - Transformation revenu : 1 colonnes
2025-12-22 22:11:30 - dimension_optimizer - WARNING - Colonne nb_enfant manquante
2025-12-22 22:11:30 - dimension_optimizer - INFO - Transformation enfants : 2 colonnes
2025-12-22 22:11:30 - dimension_optimizer - WARNING - Colonne CD_OCC_LGT manquante
2025-12-22 22:11:30 - dimension_optimizer - INFO - Transformation logement : 2 colonnes
2025-12-22 22:11:30 - dimension_optimizer - INFO - Transformation terminée : (2000, 9)
2025-12-22 22:11:30 - dimension_optimizer - INFO - Dimensions créées : 8
2025-12-22 22:11:30 - dimension_optimizer - INFO - Colonnes finales : ['Situation_Couple', 'Situation_Celibataire', 'AGE', 'REVENU_Score', 'Enfants_Avec', 'Enfants_Sans', 'Logement_Proprietaire', 'Logement_NonProprietaire']
2025-12-22 22:11:30 - dimension_optimizer - INFO - DimensionOptimizer initialisé - Mode : stratifie
2025-12-22 22:11:30 - dimension_optimizer - INFO - Début transformation dimensionnelle - Mode stratifie
2025-12-22 22:11:30 - dimension_optimizer - INFO - Shape initiale : (2000, 19)
2025-12-22 22:11:30 - dimension_optimizer - INFO - Transformation situation_composite : 2 colonnes
2025-12-22 22:11:30 - dimension_optimizer - INFO - Transformation age : 1 colonnes
2025-12-22 22:11:30 - dimension_optimizer - WARNING - Colonnes FRONTALIER ou CDPCSP manquantes pour REVENU
2025-12-22 22:11:30 - dimension_optimizer - INFO - Transformation revenu : 1 colonnes
2025-12-22 22:11:30 - dimension_optimizer - WARNING - Colonne nb_enfant manquante
2025-12-22 22:11:30 - dimension_optimizer - INFO - Transformation enfants : 2 colonnes
2025-12-22 22:11:30 - dimension_optimizer - WARNING - Colonne CD_OCC_LGT manquante
2025-12-22 22:11:30 - dimension_optimizer - INFO - Transformation logement : 2 colonnes
2025-12-22 22:11:30 - dimension_optimizer - INFO - Transformation terminée : (2000, 9)
2025-12-22 22:11:30 - dimension_optimizer - INFO - Dimensions créées : 8
2025-12-22 22:11:30 - dimension_optimizer - INFO - Colonnes finales : ['Situation_Couple', 'Situation_Celibataire', 'AGE', 'REVENU_Score', 'Enfants_Avec', 'Enfants_Sans', 'Logement_Proprietaire', 'Logement_NonProprietaire']
2025-12-22 22:11:31 - dimension_optimizer - INFO - DimensionOptimizer initialisé - Mode : stratifie
2025-12-22 22:11:31 - dimension_optimizer - INFO - Début transformation dimensionnelle - Mode stratifie
2025-12-22 22:11:31 - dimension_optimizer - INFO - Shape initiale : (2000, 19)
2025-12-22 22:11:31 - dimension_optimizer - INFO - Transformation situation_composite : 2 colonnes
2025-12-22 22:11:31 - dimension_optimizer - INFO - Transformation age : 1 colonnes
2025-12-22 22:11:31 - dimension_optimizer - WARNING - Colonnes FRONTALIER ou CDPCSP manquantes pour REVENU
2025-12-22 22:11:31 - dimension_optimizer - INFO - Transformation revenu : 1 colonnes
2025-12-22 22:11:31 - dimension_optimizer - WARNING - Colonne nb_enfant manquante
2025-12-22 22:11:31 - dimension_optimizer - INFO - Transformation enfants : 2 colonnes
2025-12-22 22:11:31 - dimension_optimizer - WARNING - Colonne CD_OCC_LGT manquante
2025-12-22 22:11:31 - dimension_optimizer - INFO - Transformation logement : 2 colonnes
2025-12-22 22:11:31 - dimension_optimizer - INFO - Transformation terminée : (2000, 9)
2025-12-22 22:11:31 - dimension_optimizer - INFO - Dimensions créées : 8
2025-12-22 22:11:31 - dimension_optimizer - INFO - Colonnes finales : ['Situation_Couple', 'Situation_Celibataire', 'AGE', 'REVENU_Score', 'Enfants_Avec', 'Enfants_Sans', 'Logement_Proprietaire', 'Logement_NonProprietaire']
2025-12-22 22:11:32 - dimension_optimizer - INFO - DimensionOptimizer initialisé - Mode : stratifie
2025-12-22 22:11:32 - dimension_optimizer - INFO - Début transformation dimensionnelle - Mode stratifie
2025-12-22 22:11:32 - dimension_optimizer - INFO - Shape initiale : (2000, 19)
2025-12-22 22:11:32 - dimension_optimizer - INFO - Transformation situation_composite : 2 colonnes
2025-12-22 22:11:32 - dimension_optimizer - INFO - Transformation age : 1 colonnes
2025-12-22 22:11:32 - dimension_optimizer - WARNING - Colonnes FRONTALIER ou CDPCSP manquantes pour REVENU
2025-12-22 22:11:32 - dimension_optimizer - INFO - Transformation revenu : 1 colonnes
2025-12-22 22:11:32 - dimension_optimizer - WARNING - Colonne nb_enfant manquante
2025-12-22 22:11:32 - dimension_optimizer - INFO - Transformation enfants : 2 colonnes
2025-12-22 22:11:32 - dimension_optimizer - WARNING - Colonne CD_OCC_LGT manquante
2025-12-22 22:11:32 - dimension_optimizer - INFO - Transformation logement : 2 colonnes
2025-12-22 22:11:32 - dimension_optimizer - INFO - Transformation terminée : (2000, 9)
2025-12-22 22:11:32 - dimension_optimizer - INFO - Dimensions créées : 8
2025-12-22 22:11:32 - dimension_optimizer - INFO - Colonnes finales : ['Situation_Couple', 'Situation_Celibataire', 'AGE', 'REVENU_Score', 'Enfants_Avec', 'Enfants_Sans', 'Logement_Proprietaire', 'Logement_NonProprietaire']
2025-12-22 22:11:32 - dimension_optimizer - INFO - DimensionOptimizer initialisé - Mode : stratifie
2025-12-22 22:11:32 - dimension_optimizer - INFO - Début transformation dimensionnelle - Mode stratifie
2025-12-22 22:11:32 - dimension_optimizer - INFO - Shape initiale : (1000, 19)
2025-12-22 22:11:32 - dimension_optimizer - INFO - Transformation situation_composite : 2 colonnes
2025-12-22 22:11:32 - dimension_optimizer - INFO - Transformation age : 1 colonnes
2025-12-22 22:11:32 - dimension_optimizer - WARNING - Colonnes FRONTALIER ou CDPCSP manquantes pour REVENU
2025-12-22 22:11:32 - dimension_optimizer - INFO - Transformation revenu : 1 colonnes
2025-12-22 22:11:32 - dimension_optimizer - WARNING - Colonne nb_enfant manquante
2025-12-22 22:11:32 - dimension_optimizer - INFO - Transformation enfants : 2 colonnes
2025-12-22 22:11:32 - dimension_optimizer - WARNING - Colonne CD_OCC_LGT manquante
2025-12-22 22:11:32 - dimension_optimizer - INFO - Transformation logement : 2 colonnes
2025-12-22 22:11:32 - dimension_optimizer - INFO - Transformation terminée : (1000, 9)
2025-12-22 22:11:32 - dimension_optimizer - INFO - Dimensions créées : 8
2025-12-22 22:11:32 - dimension_optimizer - INFO - Colonnes finales : ['Situation_Couple', 'Situation_Celibataire', 'AGE', 'REVENU_Score', 'Enfants_Avec', 'Enfants_Sans', 'Logement_Proprietaire', 'Logement_NonProprietaire']
2025-12-22 22:11:33 - dimension_optimizer - INFO - DimensionOptimizer initialisé - Mode : stratifie
2025-12-22 22:11:33 - dimension_optimizer - INFO - Début transformation dimensionnelle - Mode stratifie
2025-12-22 22:11:33 - dimension_optimizer - INFO - Shape initiale : (1000, 19)
2025-12-22 22:11:33 - dimension_optimizer - INFO - Transformation situation_composite : 2 colonnes
2025-12-22 22:11:33 - dimension_optimizer - INFO - Transformation age : 1 colonnes
2025-12-22 22:11:33 - dimension_optimizer - WARNING - Colonnes FRONTALIER ou CDPCSP manquantes pour REVENU
2025-12-22 22:11:33 - dimension_optimizer - INFO - Transformation revenu : 1 colonnes
2025-12-22 22:11:33 - dimension_optimizer - WARNING - Colonne nb_enfant manquante
2025-12-22 22:11:33 - dimension_optimizer - INFO - Transformation enfants : 2 colonnes
2025-12-22 22:11:33 - dimension_optimizer - WARNING - Colonne CD_OCC_LGT manquante
2025-12-22 22:11:33 - dimension_optimizer - INFO - Transformation logement : 2 colonnes
2025-12-22 22:11:33 - dimension_optimizer - INFO - Transformation terminée : (1000, 9)
2025-12-22 22:11:33 - dimension_optimizer - INFO - Dimensions créées : 8
2025-12-22 22:11:33 - dimension_optimizer - INFO - Colonnes finales : ['Situation_Couple', 'Situation_Celibataire', 'AGE', 'REVENU_Score', 'Enfants_Avec', 'Enfants_Sans', 'Logement_Proprietaire', 'Logement_NonProprietaire']
2025-12-22 22:11:33 - dimension_optimizer - INFO - DimensionOptimizer initialisé - Mode : stratifie
2025-12-22 22:11:33 - dimension_optimizer - INFO - Début transformation dimensionnelle - Mode stratifie
2025-12-22 22:11:33 - dimension_optimizer - INFO - Shape initiale : (1000, 19)
2025-12-22 22:11:33 - dimension_optimizer - INFO - Transformation situation_composite : 2 colonnes
2025-12-22 22:11:33 - dimension_optimizer - INFO - Transformation age : 1 colonnes
2025-12-22 22:11:33 - dimension_optimizer - WARNING - Colonnes FRONTALIER ou CDPCSP manquantes pour REVENU
2025-12-22 22:11:33 - dimension_optimizer - INFO - Transformation revenu : 1 colonnes
2025-12-22 22:11:33 - dimension_optimizer - WARNING - Colonne nb_enfant manquante
2025-12-22 22:11:33 - dimension_optimizer - INFO - Transformation enfants : 2 colonnes
2025-12-22 22:11:33 - dimension_optimizer - WARNING - Colonne CD_OCC_LGT manquante
2025-12-22 22:11:33 - dimension_optimizer - INFO - Transformation logement : 2 colonnes
2025-12-22 22:11:33 - dimension_optimizer - INFO - Transformation terminée : (1000, 9)
2025-12-22 22:11:33 - dimension_optimizer - INFO - Dimensions créées : 8
2025-12-22 22:11:33 - dimension_optimizer - INFO - Colonnes finales : ['Situation_Couple', 'Situation_Celibataire', 'AGE', 'REVENU_Score', 'Enfants_Avec', 'Enfants_Sans', 'Logement_Proprietaire', 'Logement_NonProprietaire']
2025-12-22 22:11:34 - dimension_optimizer - INFO - DimensionOptimizer initialisé - Mode : stratifie
2025-12-22 22:11:34 - dimension_optimizer - INFO - Début transformation dimensionnelle - Mode stratifie
2025-12-22 22:11:34 - dimension_optimizer - INFO - Shape initiale : (400, 19)
2025-12-22 22:11:34 - dimension_optimizer - INFO - Transformation situation_composite : 2 colonnes
2025-12-22 22:11:34 - dimension_optimizer - INFO - Transformation age : 1 colonnes
2025-12-22 22:11:34 - dimension_optimizer - WARNING - Colonnes FRONTALIER ou CDPCSP manquantes pour REVENU
2025-12-22 22:11:34 - dimension_optimizer - INFO - Transformation revenu : 1 colonnes
2025-12-22 22:11:34 - dimension_optimizer - WARNING - Colonne nb_enfant manquante
2025-12-22 22:11:34 - dimension_optimizer - INFO - Transformation enfants : 2 colonnes
2025-12-22 22:11:34 - dimension_optimizer - WARNING - Colonne CD_OCC_LGT manquante
2025-12-22 22:11:34 - dimension_optimizer - INFO - Transformation logement : 2 colonnes
2025-12-22 22:11:34 - dimension_optimizer - INFO - Transformation terminée : (400, 9)
2025-12-22 22:11:34 - dimension_optimizer - INFO - Dimensions créées : 8
2025-12-22 22:11:34 - dimension_optimizer - INFO - Colonnes finales : ['Situation_Couple', 'Situation_Celibataire', 'AGE', 'REVENU_Score', 'Enfants_Avec', 'Enfants_Sans', 'Logement_Proprietaire', 'Logement_NonProprietaire']
2025-12-22 22:15:37 - dimension_optimizer - INFO - Logger dimension_optimizer configuré - Fichier: /Users/taieb/Documents/GITHUB REPO/ML_banking_segmentation/logs/dimension_optimizer_20251222.log
2025-12-22 22:15:37 - dimension_optimizer - INFO - DimensionOptimizer initialisé - Mode : stratifie
2025-12-22 22:15:37 - dimension_optimizer - INFO - Début transformation dimensionnelle - Mode stratifie
2025-12-22 22:15:37 - dimension_optimizer - INFO - Shape initiale : (0, 0)
2025-12-22 22:15:37 - dimension_optimizer - ERROR - DataFrame vide en entrée
2025-12-22 22:15:37 - dimension_optimizer - INFO - DimensionOptimizer initialisé - Mode : stratifie
2025-12-22 22:15:37 - dimension_optimizer - INFO - Début transformation dimensionnelle - Mode stratifie
2025-12-22 22:15:37 - dimension_optimizer - INFO - Shape initiale : (3, 2)
2025-12-22 22:15:37 - dimension_optimizer - INFO - Transformation situation_composite : 2 colonnes
2025-12-22 22:15:37 - dimension_optimizer - INFO - Transformation age : 1 colonnes
2025-12-22 22:15:37 - dimension_optimizer - WARNING - Colonnes FRONTALIER ou CDPCSP manquantes pour REVENU
2025-12-22 22:15:37 - dimension_optimizer - INFO - Transformation revenu : 1 colonnes
2025-12-22 22:15:37 - dimension_optimizer - WARNING - Colonne nb_enfant manquante
2025-12-22 22:15:37 - dimension_optimizer - INFO - Transformation enfants : 2 colonnes
2025-12-22 22:15:37 - dimension_optimizer - WARNING - Colonne CD_OCC_LGT manquante
2025-12-22 22:15:37 - dimension_optimizer - INFO - Transformation logement : 2 colonnes
2025-12-22 22:15:37 - dimension_optimizer - INFO - Transformation terminée : (3, 8)
2025-12-22 22:15:37 - dimension_optimizer - INFO - Dimensions créées : 8
2025-12-22 22:15:37 - dimension_optimizer - INFO - Colonnes finales : ['Situation_Couple', 'Situation_Celibataire', 'AGE', 'REVENU_Score', 'Enfants_Avec', 'Enfants_Sans', 'Logement_Proprietaire', 'Logement_NonProprietaire']
2025-12-22 22:16:20 - dimension_optimizer - INFO - Logger dimension_optimizer configuré - Fichier: /Users/taieb/Documents/GITHUB REPO/ML_banking_segmentation/logs/dimension_optimizer_20251222.log
2025-12-22 22:16:20 - dimension_optimizer - INFO - DimensionOptimizer initialisé - Mode : stratifie
2025-12-22 22:16:20 - dimension_optimizer - INFO - Début transformation dimensionnelle - Mode stratifie
2025-12-22 22:16:20 - dimension_optimizer - INFO - Shape initiale : (5000, 19)
2025-12-22 22:16:20 - dimension_optimizer - INFO - Transformation situation_composite : 2 colonnes
2025-12-22 22:16:20 - dimension_optimizer - INFO - Transformation age : 1 colonnes
2025-12-22 22:16:20 - dimension_optimizer - WARNING - Colonnes FRONTALIER ou CDPCSP manquantes pour REVENU
2025-12-22 22:16:20 - dimension_optimizer - INFO - Transformation revenu : 1 colonnes
2025-12-22 22:16:20 - dimension_optimizer - WARNING - Colonne nb_enfant manquante
2025-12-22 22:16:20 - dimension_optimizer - INFO - Transformation enfants : 2 colonnes
2025-12-22 22:16:20 - dimension_optimizer - WARNING - Colonne CD_OCC_LGT manquante
2025-12-22 22:16:20 - dimension_optimizer - INFO - Transformation logement : 2 colonnes
2025-12-22 22:16:20 - dimension_optimizer - INFO - Transformation terminée : (5000, 9)
2025-12-22 22:16:20 - dimension_optimizer - INFO - Dimensions créées : 8
2025-12-22 22:16:20 - dimension_optimizer - INFO - Colonnes finales : ['Situation_Couple', 'Situation_Celibataire', 'AGE', 'REVENU_Score', 'Enfants_Avec', 'Enfants_Sans', 'Logement_Proprietaire', 'Logement_NonProprietaire']
2025-12-22 22:16:24 - dimension_optimizer - INFO - DimensionOptimizer initialisé - Mode : stratifie
2025-12-22 22:16:24 - dimension_optimizer - INFO - Début transformation dimensionnelle - Mode stratifie
2025-12-22 22:16:24 - dimension_optimizer - INFO - Shape initiale : (1500, 19)
2025-12-22 22:16:24 - dimension_optimizer - INFO - Transformation situation_composite : 2 colonnes
2025-12-22 22:16:24 - dimension_optimizer - INFO - Transformation age : 1 colonnes
2025-12-22 22:16:24 - dimension_optimizer - WARNING - Colonnes FRONTALIER ou CDPCSP manquantes pour REVENU
2025-12-22 22:16:24 - dimension_optimizer - INFO - Transformation revenu : 1 colonnes
2025-12-22 22:16:24 - dimension_optimizer - WARNING - Colonne nb_enfant manquante
2025-12-22 22:16:24 - dimension_optimizer - INFO - Transformation enfants : 2 colonnes
2025-12-22 22:16:24 - dimension_optimizer - WARNING - Colonne CD_OCC_LGT manquante
2025-12-22 22:16:24 - dimension_optimizer - INFO - Transformation logement : 2 colonnes
2025-12-22 22:16:24 - dimension_optimizer - INFO - Transformation terminée : (1500, 9)
2025-12-22 22:16:24 - dimension_optimizer - INFO - Dimensions créées : 8
2025-12-22 22:16:24 - dimension_optimizer - INFO - Colonnes finales : ['Situation_Couple', 'Situation_Celibataire', 'AGE', 'REVENU_Score', 'Enfants_Avec', 'Enfants_Sans', 'Logement_Proprietaire', 'Logement_NonProprietaire']
2025-12-22 22:16:25 - dimension_optimizer - INFO - DimensionOptimizer initialisé - Mode : stratifie
2025-12-22 22:16:25 - dimension_optimizer - INFO - Début transformation dimensionnelle - Mode stratifie
2025-12-22 22:16:25 - dimension_optimizer - INFO - Shape initiale : (1000, 19)
2025-12-22 22:16:25 - dimension_optimizer - INFO - Transformation situation_composite : 2 colonnes
2025-12-22 22:16:25 - dimension_optimizer - INFO - Transformation age : 1 colonnes
2025-12-22 22:16:25 - dimension_optimizer - WARNING - Colonnes FRONTALIER ou CDPCSP manquantes pour REVENU
2025-12-22 22:16:25 - dimension_optimizer - INFO - Transformation revenu : 1 colonnes
2025-12-22 22:16:25 - dimension_optimizer - WARNING - Colonne nb_enfant manquante
2025-12-22 22:16:25 - dimension_optimizer - INFO - Transformation enfants : 2 colonnes
2025-12-22 22:16:25 - dimension_optimizer - WARNING - Colonne CD_OCC_LGT manquante
2025-12-22 22:16:25 - dimension_optimizer - INFO - Transformation logement : 2 colonnes
2025-12-22 22:16:25 - dimension_optimizer - INFO - Transformation terminée : (1000, 9)
2025-12-22 22:16:25 - dimension_optimizer - INFO - Dimensions créées : 8
2025-12-22 22:16:25 - dimension_optimizer - INFO - Colonnes finales : ['Situation_Couple', 'Situation_Celibataire', 'AGE', 'REVENU_Score', 'Enfants_Avec', 'Enfants_Sans', 'Logement_Proprietaire', 'Logement_NonProprietaire']
2025-12-22 22:16:25 - dimension_optimizer - INFO - DimensionOptimizer initialisé - Mode : global
2025-12-22 22:16:25 - dimension_optimizer - INFO - Début transformation dimensionnelle - Mode global
2025-12-22 22:16:25 - dimension_optimizer - INFO - Shape initiale : (1000, 19)
2025-12-22 22:16:25 - dimension_optimizer - INFO - Transformation situation_composite : 2 colonnes
2025-12-22 22:16:25 - dimension_optimizer - INFO - Transformation age : 4 colonnes
2025-12-22 22:16:25 - dimension_optimizer - WARNING - Colonnes FRONTALIER ou CDPCSP manquantes pour REVENU
2025-12-22 22:16:25 - dimension_optimizer - INFO - Transformation revenu : 1 colonnes
2025-12-22 22:16:25 - dimension_optimizer - WARNING - Colonne nb_enfant manquante
2025-12-22 22:16:25 - dimension_optimizer - INFO - Transformation enfants : 2 colonnes
2025-12-22 22:16:25 - dimension_optimizer - WARNING - Colonne CD_OCC_LGT manquante
2025-12-22 22:16:25 - dimension_optimizer - INFO - Transformation logement : 2 colonnes
2025-12-22 22:16:25 - dimension_optimizer - INFO - Transformation terminée : (1000, 12)
2025-12-22 22:16:25 - dimension_optimizer - INFO - Dimensions créées : 11
2025-12-22 22:16:25 - dimension_optimizer - INFO - Colonnes finales : ['Situation_Couple', 'Situation_Celibataire', 'Age_Jeunes', 'Age_Actifs', 'Age_Seniors', 'Age_Retraites', 'REVENU_Score', 'Enfants_Avec', 'Enfants_Sans', 'Logement_Proprietaire', 'Logement_NonProprietaire']
2025-12-22 22:16:26 - dimension_optimizer - INFO - DimensionOptimizer initialisé - Mode : stratifie
2025-12-22 22:16:26 - dimension_optimizer - INFO - DimensionOptimizer initialisé - Mode : stratifie
2025-12-22 22:16:26 - dimension_optimizer - INFO - Début transformation dimensionnelle - Mode stratifie
2025-12-22 22:16:26 - dimension_optimizer - INFO - Shape initiale : (1000, 19)
2025-12-22 22:16:26 - dimension_optimizer - INFO - Transformation situation_composite : 2 colonnes
2025-12-22 22:16:26 - dimension_optimizer - INFO - Transformation age : 1 colonnes
2025-12-22 22:16:26 - dimension_optimizer - WARNING - Colonnes FRONTALIER ou CDPCSP manquantes pour REVENU
2025-12-22 22:16:26 - dimension_optimizer - INFO - Transformation revenu : 1 colonnes
2025-12-22 22:16:26 - dimension_optimizer - WARNING - Colonne nb_enfant manquante
2025-12-22 22:16:26 - dimension_optimizer - INFO - Transformation enfants : 2 colonnes
2025-12-22 22:16:26 - dimension_optimizer - WARNING - Colonne CD_OCC_LGT manquante
2025-12-22 22:16:26 - dimension_optimizer - INFO - Transformation logement : 2 colonnes
2025-12-22 22:16:26 - dimension_optimizer - INFO - Transformation terminée : (1000, 9)
2025-12-22 22:16:26 - dimension_optimizer - INFO - Dimensions créées : 8
2025-12-22 22:16:26 - dimension_optimizer - INFO - Colonnes finales : ['Situation_Couple', 'Situation_Celibataire', 'AGE', 'REVENU_Score', 'Enfants_Avec', 'Enfants_Sans', 'Logement_Proprietaire', 'Logement_NonProprietaire']
2025-12-22 22:16:26 - dimension_optimizer - INFO - DimensionOptimizer initialisé - Mode : stratifie
2025-12-22 22:16:26 - dimension_optimizer - INFO - Début transformation dimensionnelle - Mode stratifie
2025-12-22 22:16:26 - dimension_optimizer - INFO - Shape initiale : (1000, 19)
2025-12-22 22:16:26 - dimension_optimizer - INFO - Transformation situation_composite : 2 colonnes
2025-12-22 22:16:26 - dimension_optimizer - INFO - Transformation age : 1 colonnes
2025-12-22 22:16:26 - dimension_optimizer - WARNING - Colonnes FRONTALIER ou CDPCSP manquantes pour REVENU
2025-12-22 22:16:26 - dimension_optimizer - INFO - Transformation revenu : 1 colonnes
2025-12-22 22:16:26 - dimension_optimizer - WARNING - Colonne nb_enfant manquante
2025-12-22 22:16:26 - dimension_optimizer - INFO - Transformation enfants : 2 colonnes
2025-12-22 22:16:26 - dimension_optimizer - WARNING - Colonne CD_OCC_LGT manquante
2025-12-22 22:16:26 - dimension_optimizer - INFO - Transformation logement : 2 colonnes
2025-12-22 22:16:26 - dimension_optimizer - INFO - Transformation terminée : (1000, 8)
2025-12-22 22:16:26 - dimension_optimizer - INFO - Dimensions créées : 8
2025-12-22 22:16:26 - dimension_optimizer - INFO - Colonnes finales : ['Situation_Couple', 'Situation_Celibataire', 'AGE', 'REVENU_Score', 'Enfants_Avec', 'Enfants_Sans', 'Logement_Proprietaire', 'Logement_NonProprietaire']
2025-12-22 22:16:26 - dimension_optimizer - INFO - DimensionOptimizer initialisé - Mode : stratifie
2025-12-22 22:16:26 - dimension_optimizer - INFO - Début transformation dimensionnelle - Mode stratifie
2025-12-22 22:16:26 - dimension_optimizer - INFO - Shape initiale : (0, 0)
2025-12-22 22:16:26 - dimension_optimizer - ERROR - DataFrame vide en entrée
2025-12-22 22:16:26 - dimension_optimizer - INFO - DimensionOptimizer initialisé - Mode : stratifie
2025-12-22 22:16:26 - dimension_optimizer - INFO - Début transformation dimensionnelle - Mode stratifie
2025-12-22 22:16:26 - dimension_optimizer - INFO - Shape initiale : (3, 2)
2025-12-22 22:16:26 - dimension_optimizer - INFO - Transformation situation_composite : 2 colonnes
2025-12-22 22:16:26 - dimension_optimizer - INFO - Transformation age : 1 colonnes
2025-12-22 22:16:26 - dimension_optimizer - WARNING - Colonnes FRONTALIER ou CDPCSP manquantes pour REVENU
2025-12-22 22:16:26 - dimension_optimizer - INFO - Transformation revenu : 1 colonnes
2025-12-22 22:16:26 - dimension_optimizer - WARNING - Colonne nb_enfant manquante
2025-12-22 22:16:26 - dimension_optimizer - INFO - Transformation enfants : 2 colonnes
2025-12-22 22:16:26 - dimension_optimizer - WARNING - Colonne CD_OCC_LGT manquante
2025-12-22 22:16:26 - dimension_optimizer - INFO - Transformation logement : 2 colonnes
2025-12-22 22:16:26 - dimension_optimizer - INFO - Transformation terminée : (3, 8)
2025-12-22 22:16:26 - dimension_optimizer - INFO - Dimensions créées : 8
2025-12-22 22:16:26 - dimension_optimizer - INFO - Colonnes finales : ['Situation_Couple', 'Situation_Celibataire', 'AGE', 'REVENU_Score', 'Enfants_Avec', 'Enfants_Sans', 'Logement_Proprietaire', 'Logement_NonProprietaire']
2025-12-22 22:16:26 - dimension_optimizer - INFO - DimensionOptimizer initialisé - Mode : stratifie
2025-12-22 22:16:26 - dimension_optimizer - INFO - Début transformation dimensionnelle - Mode stratifie
2025-12-22 22:16:26 - dimension_optimizer - INFO - Shape initiale : (2000, 19)
2025-12-22 22:16:26 - dimension_optimizer - INFO - Transformation situation_composite : 2 colonnes
2025-12-22 22:16:26 - dimension_optimizer - INFO - Transformation age : 1 colonnes
2025-12-22 22:16:26 - dimension_optimizer - WARNING - Colonnes FRONTALIER ou CDPCSP manquantes pour REVENU
2025-12-22 22:16:26 - dimension_optimizer - INFO - Transformation revenu : 1 colonnes
2025-12-22 22:16:26 - dimension_optimizer - WARNING - Colonne nb_enfant manquante
2025-12-22 22:16:26 - dimension_optimizer - INFO - Transformation enfants : 2 colonnes
2025-12-22 22:16:26 - dimension_optimizer - WARNING - Colonne CD_OCC_LGT manquante
2025-12-22 22:16:26 - dimension_optimizer - INFO - Transformation logement : 2 colonnes
2025-12-22 22:16:26 - dimension_optimizer - INFO - Transformation terminée : (2000, 9)
2025-12-22 22:16:26 - dimension_optimizer - INFO - Dimensions créées : 8
2025-12-22 22:16:26 - dimension_optimizer - INFO - Colonnes finales : ['Situation_Couple', 'Situation_Celibataire', 'AGE', 'REVENU_Score', 'Enfants_Avec', 'Enfants_Sans', 'Logement_Proprietaire', 'Logement_NonProprietaire']
2025-12-22 22:16:27 - dimension_optimizer - INFO - DimensionOptimizer initialisé - Mode : stratifie
2025-12-22 22:16:27 - dimension_optimizer - INFO - Début transformation dimensionnelle - Mode stratifie
2025-12-22 22:16:27 - dimension_optimizer - INFO - Shape initiale : (2000, 19)
2025-12-22 22:16:27 - dimension_optimizer - INFO - Transformation situation_composite : 2 colonnes
2025-12-22 22:16:27 - dimension_optimizer - INFO - Transformation age : 1 colonnes
2025-12-22 22:16:27 - dimension_optimizer - WARNING - Colonnes FRONTALIER ou CDPCSP manquantes pour REVENU
2025-12-22 22:16:27 - dimension_optimizer - INFO - Transformation revenu : 1 colonnes
2025-12-22 22:16:27 - dimension_optimizer - WARNING - Colonne nb_enfant manquante
2025-12-22 22:16:27 - dimension_optimizer - INFO - Transformation enfants : 2 colonnes
2025-12-22 22:16:27 - dimension_optimizer - WARNING - Colonne CD_OCC_LGT manquante
2025-12-22 22:16:27 - dimension_optimizer - INFO - Transformation logement : 2 colonnes
2025-12-22 22:16:27 - dimension_optimizer - INFO - Transformation terminée : (2000, 9)
2025-12-22 22:16:27 - dimension_optimizer - INFO - Dimensions créées : 8
2025-12-22 22:16:27 - dimension_optimizer - INFO - Colonnes finales : ['Situation_Couple', 'Situation_Celibataire', 'AGE', 'REVENU_Score', 'Enfants_Avec', 'Enfants_Sans', 'Logement_Proprietaire', 'Logement_NonProprietaire']
2025-12-22 22:16:27 - dimension_optimizer - INFO - DimensionOptimizer initialisé - Mode : stratifie
2025-12-22 22:16:27 - dimension_optimizer - INFO - Début transformation dimensionnelle - Mode stratifie
2025-12-22 22:16:27 - dimension_optimizer - INFO - Shape initiale : (2000, 19)
2025-12-22 22:16:27 - dimension_optimizer - INFO - Transformation situation_composite : 2 colonnes
2025-12-22 22:16:27 - dimension_optimizer - INFO - Transformation age : 1 colonnes
2025-12-22 22:16:27 - dimension_optimizer - WARNING - Colonnes FRONTALIER ou CDPCSP manquantes pour REVENU
2025-12-22 22:16:27 - dimension_optimizer - INFO - Transformation revenu : 1 colonnes
2025-12-22 22:16:27 - dimension_optimizer - WARNING - Colonne nb_enfant manquante
2025-12-22 22:16:27 - dimension_optimizer - INFO - Transformation enfants : 2 colonnes
2025-12-22 22:16:27 - dimension_optimizer - WARNING - Colonne CD_OCC_LGT manquante
2025-12-22 22:16:27 - dimension_optimizer - INFO - Transformation logement : 2 colonnes
2025-12-22 22:16:27 - dimension_optimizer - INFO - Transformation terminée : (2000, 9)
2025-12-22 22:16:27 - dimension_optimizer - INFO - Dimensions créées : 8
2025-12-22 22:16:27 - dimension_optimizer - INFO - Colonnes finales : ['Situation_Couple', 'Situation_Celibataire', 'AGE', 'REVENU_Score', 'Enfants_Avec', 'Enfants_Sans', 'Logement_Proprietaire', 'Logement_NonProprietaire']
2025-12-22 22:16:28 - dimension_optimizer - INFO - DimensionOptimizer initialisé - Mode : stratifie
2025-12-22 22:16:28 - dimension_optimizer - INFO - Début transformation dimensionnelle - Mode stratifie
2025-12-22 22:16:28 - dimension_optimizer - INFO - Shape initiale : (2000, 19)
2025-12-22 22:16:28 - dimension_optimizer - INFO - Transformation situation_composite : 2 colonnes
2025-12-22 22:16:28 - dimension_optimizer - INFO - Transformation age : 1 colonnes
2025-12-22 22:16:28 - dimension_optimizer - WARNING - Colonnes FRONTALIER ou CDPCSP manquantes pour REVENU
2025-12-22 22:16:28 - dimension_optimizer - INFO - Transformation revenu : 1 colonnes
2025-12-22 22:16:28 - dimension_optimizer - WARNING - Colonne nb_enfant manquante
2025-12-22 22:16:28 - dimension_optimizer - INFO - Transformation enfants : 2 colonnes
2025-12-22 22:16:28 - dimension_optimizer - WARNING - Colonne CD_OCC_LGT manquante
2025-12-22 22:16:28 - dimension_optimizer - INFO - Transformation logement : 2 colonnes
2025-12-22 22:16:28 - dimension_optimizer - INFO - Transformation terminée : (2000, 9)
2025-12-22 22:16:28 - dimension_optimizer - INFO - Dimensions créées : 8
2025-12-22 22:16:28 - dimension_optimizer - INFO - Colonnes finales : ['Situation_Couple', 'Situation_Celibataire', 'AGE', 'REVENU_Score', 'Enfants_Avec', 'Enfants_Sans', 'Logement_Proprietaire', 'Logement_NonProprietaire']
2025-12-22 22:16:28 - dimension_optimizer - INFO - DimensionOptimizer initialisé - Mode : stratifie
2025-12-22 22:16:28 - dimension_optimizer - INFO - Début transformation dimensionnelle - Mode stratifie
2025-12-22 22:16:28 - dimension_optimizer - INFO - Shape initiale : (2000, 19)
2025-12-22 22:16:28 - dimension_optimizer - INFO - Transformation situation_composite : 2 colonnes
2025-12-22 22:16:28 - dimension_optimizer - INFO - Transformation age : 1 colonnes
2025-12-22 22:16:28 - dimension_optimizer - WARNING - Colonnes FRONTALIER ou CDPCSP manquantes pour REVENU
2025-12-22 22:16:28 - dimension_optimizer - INFO - Transformation revenu : 1 colonnes
2025-12-22 22:16:28 - dimension_optimizer - WARNING - Colonne nb_enfant manquante
2025-12-22 22:16:28 - dimension_optimizer - INFO - Transformation enfants : 2 colonnes
2025-12-22 22:16:28 - dimension_optimizer - WARNING - Colonne CD_OCC_LGT manquante
2025-12-22 22:16:28 - dimension_optimizer - INFO - Transformation logement : 2 colonnes
2025-12-22 22:16:28 - dimension_optimizer - INFO - Transformation terminée : (2000, 9)
2025-12-22 22:16:28 - dimension_optimizer - INFO - Dimensions créées : 8
2025-12-22 22:16:28 - dimension_optimizer - INFO - Colonnes finales : ['Situation_Couple', 'Situation_Celibataire', 'AGE', 'REVENU_Score', 'Enfants_Avec', 'Enfants_Sans', 'Logement_Proprietaire', 'Logement_NonProprietaire']
2025-12-22 22:16:28 - dimension_optimizer - INFO - DimensionOptimizer initialisé - Mode : stratifie
2025-12-22 22:16:28 - dimension_optimizer - INFO - Début transformation dimensionnelle - Mode stratifie
2025-12-22 22:16:28 - dimension_optimizer - INFO - Shape initiale : (200, 19)
2025-12-22 22:16:28 - dimension_optimizer - INFO - Transformation situation_composite : 2 colonnes
2025-12-22 22:16:28 - dimension_optimizer - INFO - Transformation age : 1 colonnes
2025-12-22 22:16:28 - dimension_optimizer - WARNING - Colonnes FRONTALIER ou CDPCSP manquantes pour REVENU
2025-12-22 22:16:28 - dimension_optimizer - INFO - Transformation revenu : 1 colonnes
2025-12-22 22:16:28 - dimension_optimizer - WARNING - Colonne nb_enfant manquante
2025-12-22 22:16:28 - dimension_optimizer - INFO - Transformation enfants : 2 colonnes
2025-12-22 22:16:28 - dimension_optimizer - WARNING - Colonne CD_OCC_LGT manquante
2025-12-22 22:16:28 - dimension_optimizer - INFO - Transformation logement : 2 colonnes
2025-12-22 22:16:28 - dimension_optimizer - INFO - Transformation terminée : (200, 9)
2025-12-22 22:16:28 - dimension_optimizer - INFO - Dimensions créées : 8
2025-12-22 22:16:28 - dimension_optimizer - INFO - Colonnes finales : ['Situation_Couple', 'Situation_Celibataire', 'AGE', 'REVENU_Score', 'Enfants_Avec', 'Enfants_Sans', 'Logement_Proprietaire', 'Logement_NonProprietaire']
2025-12-22 22:16:29 - dimension_optimizer - INFO - DimensionOptimizer initialisé - Mode : stratifie
2025-12-22 22:16:29 - dimension_optimizer - INFO - Début transformation dimensionnelle - Mode stratifie
2025-12-22 22:16:29 - dimension_optimizer - INFO - Shape initiale : (2000, 19)
2025-12-22 22:16:29 - dimension_optimizer - INFO - Transformation situation_composite : 2 colonnes
2025-12-22 22:16:29 - dimension_optimizer - INFO - Transformation age : 1 colonnes
2025-12-22 22:16:29 - dimension_optimizer - WARNING - Colonnes FRONTALIER ou CDPCSP manquantes pour REVENU
2025-12-22 22:16:29 - dimension_optimizer - INFO - Transformation revenu : 1 colonnes
2025-12-22 22:16:29 - dimension_optimizer - WARNING - Colonne nb_enfant manquante
2025-12-22 22:16:29 - dimension_optimizer - INFO - Transformation enfants : 2 colonnes
2025-12-22 22:16:29 - dimension_optimizer - WARNING - Colonne CD_OCC_LGT manquante
2025-12-22 22:16:29 - dimension_optimizer - INFO - Transformation logement : 2 colonnes
2025-12-22 22:16:29 - dimension_optimizer - INFO - Transformation terminée : (2000, 9)
2025-12-22 22:16:29 - dimension_optimizer - INFO - Dimensions créées : 8
2025-12-22 22:16:29 - dimension_optimizer - INFO - Colonnes finales : ['Situation_Couple', 'Situation_Celibataire', 'AGE', 'REVENU_Score', 'Enfants_Avec', 'Enfants_Sans', 'Logement_Proprietaire', 'Logement_NonProprietaire']
2025-12-22 22:16:29 - dimension_optimizer - INFO - DimensionOptimizer initialisé - Mode : stratifie
2025-12-22 22:16:29 - dimension_optimizer - INFO - Début transformation dimensionnelle - Mode stratifie
2025-12-22 22:16:29 - dimension_optimizer - INFO - Shape initiale : (2000, 19)
2025-12-22 22:16:29 - dimension_optimizer - INFO - Transformation situation_composite : 2 colonnes
2025-12-22 22:16:29 - dimension_optimizer - INFO - Transformation age : 1 colonnes
2025-12-22 22:16:29 - dimension_optimizer - WARNING - Colonnes FRONTALIER ou CDPCSP manquantes pour REVENU
2025-12-22 22:16:29 - dimension_optimizer - INFO - Transformation revenu : 1 colonnes
2025-12-22 22:16:29 - dimension_optimizer - WARNING - Colonne nb_enfant manquante
2025-12-22 22:16:29 - dimension_optimizer - INFO - Transformation enfants : 2 colonnes
2025-12-22 22:16:29 - dimension_optimizer - WARNING - Colonne CD_OCC_LGT manquante
2025-12-22 22:16:29 - dimension_optimizer - INFO - Transformation logement : 2 colonnes
2025-12-22 22:16:29 - dimension_optimizer - INFO - Transformation terminée : (2000, 9)
2025-12-22 22:16:29 - dimension_optimizer - INFO - Dimensions créées : 8
2025-12-22 22:16:29 - dimension_optimizer - INFO - Colonnes finales : ['Situation_Couple', 'Situation_Celibataire', 'AGE', 'REVENU_Score', 'Enfants_Avec', 'Enfants_Sans', 'Logement_Proprietaire', 'Logement_NonProprietaire']
2025-12-22 22:16:30 - dimension_optimizer - INFO - DimensionOptimizer initialisé - Mode : stratifie
2025-12-22 22:16:30 - dimension_optimizer - INFO - Début transformation dimensionnelle - Mode stratifie
2025-12-22 22:16:30 - dimension_optimizer - INFO - Shape initiale : (2000, 19)
2025-12-22 22:16:30 - dimension_optimizer - INFO - Transformation situation_composite : 2 colonnes
2025-12-22 22:16:30 - dimension_optimizer - INFO - Transformation age : 1 colonnes
2025-12-22 22:16:30 - dimension_optimizer - WARNING - Colonnes FRONTALIER ou CDPCSP manquantes pour REVENU
2025-12-22 22:16:30 - dimension_optimizer - INFO - Transformation revenu : 1 colonnes
2025-12-22 22:16:30 - dimension_optimizer - WARNING - Colonne nb_enfant manquante
2025-12-22 22:16:30 - dimension_optimizer - INFO - Transformation enfants : 2 colonnes
2025-12-22 22:16:30 - dimension_optimizer - WARNING - Colonne CD_OCC_LGT manquante
2025-12-22 22:16:30 - dimension_optimizer - INFO - Transformation logement : 2 colonnes
2025-12-22 22:16:30 - dimension_optimizer - INFO - Transformation terminée : (2000, 9)
2025-12-22 22:16:30 - dimension_optimizer - INFO - Dimensions créées : 8
2025-12-22 22:16:30 - dimension_optimizer - INFO - Colonnes finales : ['Situation_Couple', 'Situation_Celibataire', 'AGE', 'REVENU_Score', 'Enfants_Avec', 'Enfants_Sans', 'Logement_Proprietaire', 'Logement_NonProprietaire']
2025-12-22 22:16:31 - dimension_optimizer - INFO - DimensionOptimizer initialisé - Mode : stratifie
2025-12-22 22:16:31 - dimension_optimizer - INFO - Début transformation dimensionnelle - Mode stratifie
2025-12-22 22:16:31 - dimension_optimizer - INFO - Shape initiale : (2000, 19)
2025-12-22 22:16:31 - dimension_optimizer - INFO - Transformation situation_composite : 2 colonnes
2025-12-22 22:16:31 - dimension_optimizer - INFO - Transformation age : 1 colonnes
2025-12-22 22:16:31 - dimension_optimizer - WARNING - Colonnes FRONTALIER ou CDPCSP manquantes pour REVENU
2025-12-22 22:16:31 - dimension_optimizer - INFO - Transformation revenu : 1 colonnes
2025-12-22 22:16:31 - dimension_optimizer - WARNING - Colonne nb_enfant manquante
2025-12-22 22:16:31 - dimension_optimizer - INFO - Transformation enfants : 2 colonnes
2025-12-22 22:16:31 - dimension_optimizer - WARNING - Colonne CD_OCC_LGT manquante
2025-12-22 22:16:31 - dimension_optimizer - INFO - Transformation logement : 2 colonnes
2025-12-22 22:16:31 - dimension_optimizer - INFO - Transformation terminée : (2000, 9)
2025-12-22 22:16:31 - dimension_optimizer - INFO - Dimensions créées : 8
2025-12-22 22:16:31 - dimension_optimizer - INFO - Colonnes finales : ['Situation_Couple', 'Situation_Celibataire', 'AGE', 'REVENU_Score', 'Enfants_Avec', 'Enfants_Sans', 'Logement_Proprietaire', 'Logement_NonProprietaire']
2025-12-22 22:16:32 - dimension_optimizer - INFO - DimensionOptimizer initialisé - Mode : stratifie
2025-12-22 22:16:32 - dimension_optimizer - INFO - Début transformation dimensionnelle - Mode stratifie
2025-12-22 22:16:32 - dimension_optimizer - INFO - Shape initiale : (2000, 19)
2025-12-22 22:16:32 - dimension_optimizer - INFO - Transformation situation_composite : 2 colonnes
2025-12-22 22:16:32 - dimension_optimizer - INFO - Transformation age : 1 colonnes
2025-12-22 22:16:32 - dimension_optimizer - WARNING - Colonnes FRONTALIER ou CDPCSP manquantes pour REVENU
2025-12-22 22:16:32 - dimension_optimizer - INFO - Transformation revenu : 1 colonnes
2025-12-22 22:16:32 - dimension_optimizer - WARNING - Colonne nb_enfant manquante
2025-12-22 22:16:32 - dimension_optimizer - INFO - Transformation enfants : 2 colonnes
2025-12-22 22:16:32 - dimension_optimizer - WARNING - Colonne CD_OCC_LGT manquante
2025-12-22 22:16:32 - dimension_optimizer - INFO - Transformation logement : 2 colonnes
2025-12-22 22:16:32 - dimension_optimizer - INFO - Transformation terminée : (2000, 9)
2025-12-22 22:16:32 - dimension_optimizer - INFO - Dimensions créées : 8
2025-12-22 22:16:32 - dimension_optimizer - INFO - Colonnes finales : ['Situation_Couple', 'Situation_Celibataire', 'AGE', 'REVENU_Score', 'Enfants_Avec', 'Enfants_Sans', 'Logement_Proprietaire', 'Logement_NonProprietaire']
2025-12-22 22:16:32 - dimension_optimizer - INFO - DimensionOptimizer initialisé - Mode : stratifie
2025-12-22 22:16:32 - dimension_optimizer - INFO - Début transformation dimensionnelle - Mode stratifie
2025-12-22 22:16:32 - dimension_optimizer - INFO - Shape initiale : (1000, 19)
2025-12-22 22:16:32 - dimension_optimizer - INFO - Transformation situation_composite : 2 colonnes
2025-12-22 22:16:32 - dimension_optimizer - INFO - Transformation age : 1 colonnes
2025-12-22 22:16:32 - dimension_optimizer - WARNING - Colonnes FRONTALIER ou CDPCSP manquantes pour REVENU
2025-12-22 22:16:32 - dimension_optimizer - INFO - Transformation revenu : 1 colonnes
2025-12-22 22:16:32 - dimension_optimizer - WARNING - Colonne nb_enfant manquante
2025-12-22 22:16:32 - dimension_optimizer - INFO - Transformation enfants : 2 colonnes
2025-12-22 22:16:32 - dimension_optimizer - WARNING - Colonne CD_OCC_LGT manquante
2025-12-22 22:16:32 - dimension_optimizer - INFO - Transformation logement : 2 colonnes
2025-12-22 22:16:32 - dimension_optimizer - INFO - Transformation terminée : (1000, 9)
2025-12-22 22:16:32 - dimension_optimizer - INFO - Dimensions créées : 8
2025-12-22 22:16:32 - dimension_optimizer - INFO - Colonnes finales : ['Situation_Couple', 'Situation_Celibataire', 'AGE', 'REVENU_Score', 'Enfants_Avec', 'Enfants_Sans', 'Logement_Proprietaire', 'Logement_NonProprietaire']
2025-12-22 22:16:33 - dimension_optimizer - INFO - DimensionOptimizer initialisé - Mode : stratifie
2025-12-22 22:16:33 - dimension_optimizer - INFO - Début transformation dimensionnelle - Mode stratifie
2025-12-22 22:16:33 - dimension_optimizer - INFO - Shape initiale : (1000, 19)
2025-12-22 22:16:33 - dimension_optimizer - INFO - Transformation situation_composite : 2 colonnes
2025-12-22 22:16:33 - dimension_optimizer - INFO - Transformation age : 1 colonnes
2025-12-22 22:16:33 - dimension_optimizer - WARNING - Colonnes FRONTALIER ou CDPCSP manquantes pour REVENU
2025-12-22 22:16:33 - dimension_optimizer - INFO - Transformation revenu : 1 colonnes
2025-12-22 22:16:33 - dimension_optimizer - WARNING - Colonne nb_enfant manquante
2025-12-22 22:16:33 - dimension_optimizer - INFO - Transformation enfants : 2 colonnes
2025-12-22 22:16:33 - dimension_optimizer - WARNING - Colonne CD_OCC_LGT manquante
2025-12-22 22:16:33 - dimension_optimizer - INFO - Transformation logement : 2 colonnes
2025-12-22 22:16:33 - dimension_optimizer - INFO - Transformation terminée : (1000, 9)
2025-12-22 22:16:33 - dimension_optimizer - INFO - Dimensions créées : 8
2025-12-22 22:16:33 - dimension_optimizer - INFO - Colonnes finales : ['Situation_Couple', 'Situation_Celibataire', 'AGE', 'REVENU_Score', 'Enfants_Avec', 'Enfants_Sans', 'Logement_Proprietaire', 'Logement_NonProprietaire']
2025-12-22 22:16:33 - dimension_optimizer - INFO - DimensionOptimizer initialisé - Mode : stratifie
2025-12-22 22:16:33 - dimension_optimizer - INFO - Début transformation dimensionnelle - Mode stratifie
2025-12-22 22:16:33 - dimension_optimizer - INFO - Shape initiale : (1000, 19)
2025-12-22 22:16:33 - dimension_optimizer - INFO - Transformation situation_composite : 2 colonnes
2025-12-22 22:16:33 - dimension_optimizer - INFO - Transformation age : 1 colonnes
2025-12-22 22:16:33 - dimension_optimizer - WARNING - Colonnes FRONTALIER ou CDPCSP manquantes pour REVENU
2025-12-22 22:16:33 - dimension_optimizer - INFO - Transformation revenu : 1 colonnes
2025-12-22 22:16:33 - dimension_optimizer - WARNING - Colonne nb_enfant manquante
2025-12-22 22:16:33 - dimension_optimizer - INFO - Transformation enfants : 2 colonnes
2025-12-22 22:16:33 - dimension_optimizer - WARNING - Colonne CD_OCC_LGT manquante
2025-12-22 22:16:33 - dimension_optimizer - INFO - Transformation logement : 2 colonnes
2025-12-22 22:16:33 - dimension_optimizer - INFO - Transformation terminée : (1000, 9)
2025-12-22 22:16:33 - dimension_optimizer - INFO - Dimensions créées : 8
2025-12-22 22:16:33 - dimension_optimizer - INFO - Colonnes finales : ['Situation_Couple', 'Situation_Celibataire', 'AGE', 'REVENU_Score', 'Enfants_Avec', 'Enfants_Sans', 'Logement_Proprietaire', 'Logement_NonProprietaire']
2025-12-22 22:16:34 - dimension_optimizer - INFO - DimensionOptimizer initialisé - Mode : stratifie
2025-12-22 22:16:34 - dimension_optimizer - INFO - Début transformation dimensionnelle - Mode stratifie
2025-12-22 22:16:34 - dimension_optimizer - INFO - Shape initiale : (400, 19)
2025-12-22 22:16:34 - dimension_optimizer - INFO - Transformation situation_composite : 2 colonnes
2025-12-22 22:16:34 - dimension_optimizer - INFO - Transformation age : 1 colonnes
2025-12-22 22:16:34 - dimension_optimizer - WARNING - Colonnes FRONTALIER ou CDPCSP manquantes pour REVENU
2025-12-22 22:16:34 - dimension_optimizer - INFO - Transformation revenu : 1 colonnes
2025-12-22 22:16:34 - dimension_optimizer - WARNING - Colonne nb_enfant manquante
2025-12-22 22:16:34 - dimension_optimizer - INFO - Transformation enfants : 2 colonnes
2025-12-22 22:16:34 - dimension_optimizer - WARNING - Colonne CD_OCC_LGT manquante
2025-12-22 22:16:34 - dimension_optimizer - INFO - Transformation logement : 2 colonnes
2025-12-22 22:16:34 - dimension_optimizer - INFO - Transformation terminée : (400, 9)
2025-12-22 22:16:34 - dimension_optimizer - INFO - Dimensions créées : 8
2025-12-22 22:16:34 - dimension_optimizer - INFO - Colonnes finales : ['Situation_Couple', 'Situation_Celibataire', 'AGE', 'REVENU_Score', 'Enfants_Avec', 'Enfants_Sans', 'Logement_Proprietaire', 'Logement_NonProprietaire']
2025-12-22 22:18:07 - dimension_optimizer - INFO - Logger dimension_optimizer configuré - Fichier: /Users/taieb/Documents/GITHUB REPO/ML_banking_segmentation/logs/dimension_optimizer_20251222.log
2025-12-22 22:18:07 - dimension_optimizer - INFO - DimensionOptimizer initialisé - Mode : stratifie
2025-12-22 22:18:07 - dimension_optimizer - INFO - Début transformation dimensionnelle - Mode stratifie
2025-12-22 22:18:07 - dimension_optimizer - INFO - Shape initiale : (5000, 19)
2025-12-22 22:18:07 - dimension_optimizer - INFO - Transformation situation_composite : 2 colonnes
2025-12-22 22:18:07 - dimension_optimizer - INFO - Transformation age : 1 colonnes
2025-12-22 22:18:07 - dimension_optimizer - WARNING - Colonnes FRONTALIER ou CDPCSP manquantes pour REVENU
2025-12-22 22:18:07 - dimension_optimizer - INFO - Transformation revenu : 1 colonnes
2025-12-22 22:18:07 - dimension_optimizer - WARNING - Colonne nb_enfant manquante
2025-12-22 22:18:07 - dimension_optimizer - INFO - Transformation enfants : 2 colonnes
2025-12-22 22:18:07 - dimension_optimizer - WARNING - Colonne CD_OCC_LGT manquante
2025-12-22 22:18:07 - dimension_optimizer - INFO - Transformation logement : 2 colonnes
2025-12-22 22:18:07 - dimension_optimizer - INFO - Transformation terminée : (5000, 9)
2025-12-22 22:18:07 - dimension_optimizer - INFO - Dimensions créées : 8
2025-12-22 22:18:07 - dimension_optimizer - INFO - Colonnes finales : ['Situation_Couple', 'Situation_Celibataire', 'AGE', 'REVENU_Score', 'Enfants_Avec', 'Enfants_Sans', 'Logement_Proprietaire', 'Logement_NonProprietaire']
2025-12-22 22:18:11 - dimension_optimizer - INFO - DimensionOptimizer initialisé - Mode : stratifie
2025-12-22 22:18:11 - dimension_optimizer - INFO - Début transformation dimensionnelle - Mode stratifie
2025-12-22 22:18:11 - dimension_optimizer - INFO - Shape initiale : (1500, 19)
2025-12-22 22:18:11 - dimension_optimizer - INFO - Transformation situation_composite : 2 colonnes
2025-12-22 22:18:11 - dimension_optimizer - INFO - Transformation age : 1 colonnes
2025-12-22 22:18:11 - dimension_optimizer - WARNING - Colonnes FRONTALIER ou CDPCSP manquantes pour REVENU
2025-12-22 22:18:11 - dimension_optimizer - INFO - Transformation revenu : 1 colonnes
2025-12-22 22:18:11 - dimension_optimizer - WARNING - Colonne nb_enfant manquante
2025-12-22 22:18:11 - dimension_optimizer - INFO - Transformation enfants : 2 colonnes
2025-12-22 22:18:11 - dimension_optimizer - WARNING - Colonne CD_OCC_LGT manquante
2025-12-22 22:18:11 - dimension_optimizer - INFO - Transformation logement : 2 colonnes
2025-12-22 22:18:11 - dimension_optimizer - INFO - Transformation terminée : (1500, 9)
2025-12-22 22:18:11 - dimension_optimizer - INFO - Dimensions créées : 8
2025-12-22 22:18:11 - dimension_optimizer - INFO - Colonnes finales : ['Situation_Couple', 'Situation_Celibataire', 'AGE', 'REVENU_Score', 'Enfants_Avec', 'Enfants_Sans', 'Logement_Proprietaire', 'Logement_NonProprietaire']
2025-12-22 22:18:12 - dimension_optimizer - INFO - DimensionOptimizer initialisé - Mode : stratifie
2025-12-22 22:18:12 - dimension_optimizer - INFO - Début transformation dimensionnelle - Mode stratifie
2025-12-22 22:18:12 - dimension_optimizer - INFO - Shape initiale : (1000, 19)
2025-12-22 22:18:12 - dimension_optimizer - INFO - Transformation situation_composite : 2 colonnes
2025-12-22 22:18:12 - dimension_optimizer - INFO - Transformation age : 1 colonnes
2025-12-22 22:18:12 - dimension_optimizer - WARNING - Colonnes FRONTALIER ou CDPCSP manquantes pour REVENU
2025-12-22 22:18:12 - dimension_optimizer - INFO - Transformation revenu : 1 colonnes
2025-12-22 22:18:12 - dimension_optimizer - WARNING - Colonne nb_enfant manquante
2025-12-22 22:18:12 - dimension_optimizer - INFO - Transformation enfants : 2 colonnes
2025-12-22 22:18:12 - dimension_optimizer - WARNING - Colonne CD_OCC_LGT manquante
2025-12-22 22:18:12 - dimension_optimizer - INFO - Transformation logement : 2 colonnes
2025-12-22 22:18:12 - dimension_optimizer - INFO - Transformation terminée : (1000, 9)
2025-12-22 22:18:12 - dimension_optimizer - INFO - Dimensions créées : 8
2025-12-22 22:18:12 - dimension_optimizer - INFO - Colonnes finales : ['Situation_Couple', 'Situation_Celibataire', 'AGE', 'REVENU_Score', 'Enfants_Avec', 'Enfants_Sans', 'Logement_Proprietaire', 'Logement_NonProprietaire']
2025-12-22 22:18:12 - dimension_optimizer - INFO - DimensionOptimizer initialisé - Mode : global
2025-12-22 22:18:12 - dimension_optimizer - INFO - Début transformation dimensionnelle - Mode global
2025-12-22 22:18:12 - dimension_optimizer - INFO - Shape initiale : (1000, 19)
2025-12-22 22:18:12 - dimension_optimizer - INFO - Transformation situation_composite : 2 colonnes
2025-12-22 22:18:12 - dimension_optimizer - INFO - Transformation age : 4 colonnes
2025-12-22 22:18:12 - dimension_optimizer - WARNING - Colonnes FRONTALIER ou CDPCSP manquantes pour REVENU
2025-12-22 22:18:12 - dimension_optimizer - INFO - Transformation revenu : 1 colonnes
2025-12-22 22:18:12 - dimension_optimizer - WARNING - Colonne nb_enfant manquante
2025-12-22 22:18:12 - dimension_optimizer - INFO - Transformation enfants : 2 colonnes
2025-12-22 22:18:12 - dimension_optimizer - WARNING - Colonne CD_OCC_LGT manquante
2025-12-22 22:18:12 - dimension_optimizer - INFO - Transformation logement : 2 colonnes
2025-12-22 22:18:12 - dimension_optimizer - INFO - Transformation terminée : (1000, 12)
2025-12-22 22:18:12 - dimension_optimizer - INFO - Dimensions créées : 11
2025-12-22 22:18:12 - dimension_optimizer - INFO - Colonnes finales : ['Situation_Couple', 'Situation_Celibataire', 'Age_Jeunes', 'Age_Actifs', 'Age_Seniors', 'Age_Retraites', 'REVENU_Score', 'Enfants_Avec', 'Enfants_Sans', 'Logement_Proprietaire', 'Logement_NonProprietaire']
2025-12-22 22:18:12 - dimension_optimizer - INFO - DimensionOptimizer initialisé - Mode : stratifie
2025-12-22 22:18:12 - dimension_optimizer - INFO - DimensionOptimizer initialisé - Mode : stratifie
2025-12-22 22:18:12 - dimension_optimizer - INFO - Début transformation dimensionnelle - Mode stratifie
2025-12-22 22:18:12 - dimension_optimizer - INFO - Shape initiale : (1000, 19)
2025-12-22 22:18:12 - dimension_optimizer - INFO - Transformation situation_composite : 2 colonnes
2025-12-22 22:18:12 - dimension_optimizer - INFO - Transformation age : 1 colonnes
2025-12-22 22:18:12 - dimension_optimizer - WARNING - Colonnes FRONTALIER ou CDPCSP manquantes pour REVENU
2025-12-22 22:18:12 - dimension_optimizer - INFO - Transformation revenu : 1 colonnes
2025-12-22 22:18:12 - dimension_optimizer - WARNING - Colonne nb_enfant manquante
2025-12-22 22:18:12 - dimension_optimizer - INFO - Transformation enfants : 2 colonnes
2025-12-22 22:18:12 - dimension_optimizer - WARNING - Colonne CD_OCC_LGT manquante
2025-12-22 22:18:12 - dimension_optimizer - INFO - Transformation logement : 2 colonnes
2025-12-22 22:18:12 - dimension_optimizer - INFO - Transformation terminée : (1000, 9)
2025-12-22 22:18:12 - dimension_optimizer - INFO - Dimensions créées : 8
2025-12-22 22:18:12 - dimension_optimizer - INFO - Colonnes finales : ['Situation_Couple', 'Situation_Celibataire', 'AGE', 'REVENU_Score', 'Enfants_Avec', 'Enfants_Sans', 'Logement_Proprietaire', 'Logement_NonProprietaire']
2025-12-22 22:18:12 - dimension_optimizer - INFO - DimensionOptimizer initialisé - Mode : stratifie
2025-12-22 22:18:12 - dimension_optimizer - INFO - Début transformation dimensionnelle - Mode stratifie
2025-12-22 22:18:12 - dimension_optimizer - INFO - Shape initiale : (1000, 19)
2025-12-22 22:18:12 - dimension_optimizer - INFO - Transformation situation_composite : 2 colonnes
2025-12-22 22:18:12 - dimension_optimizer - INFO - Transformation age : 1 colonnes
2025-12-22 22:18:12 - dimension_optimizer - WARNING - Colonnes FRONTALIER ou CDPCSP manquantes pour REVENU
2025-12-22 22:18:12 - dimension_optimizer - INFO - Transformation revenu : 1 colonnes
2025-12-22 22:18:12 - dimension_optimizer - WARNING - Colonne nb_enfant manquante
2025-12-22 22:18:12 - dimension_optimizer - INFO - Transformation enfants : 2 colonnes
2025-12-22 22:18:12 - dimension_optimizer - WARNING - Colonne CD_OCC_LGT manquante
2025-12-22 22:18:12 - dimension_optimizer - INFO - Transformation logement : 2 colonnes
2025-12-22 22:18:12 - dimension_optimizer - INFO - Transformation terminée : (1000, 8)
2025-12-22 22:18:12 - dimension_optimizer - INFO - Dimensions créées : 8
2025-12-22 22:18:12 - dimension_optimizer - INFO - Colonnes finales : ['Situation_Couple', 'Situation_Celibataire', 'AGE', 'REVENU_Score', 'Enfants_Avec', 'Enfants_Sans', 'Logement_Proprietaire', 'Logement_NonProprietaire']
2025-12-22 22:18:12 - dimension_optimizer - INFO - DimensionOptimizer initialisé - Mode : stratifie
2025-12-22 22:18:12 - dimension_optimizer - INFO - Début transformation dimensionnelle - Mode stratifie
2025-12-22 22:18:12 - dimension_optimizer - INFO - Shape initiale : (0, 0)
2025-12-22 22:18:12 - dimension_optimizer - ERROR - DataFrame vide en entrée
2025-12-22 22:18:12 - dimension_optimizer - INFO - DimensionOptimizer initialisé - Mode : stratifie
2025-12-22 22:18:12 - dimension_optimizer - INFO - Début transformation dimensionnelle - Mode stratifie
2025-12-22 22:18:12 - dimension_optimizer - INFO - Shape initiale : (3, 2)
2025-12-22 22:18:12 - dimension_optimizer - INFO - Transformation situation_composite : 2 colonnes
2025-12-22 22:18:12 - dimension_optimizer - INFO - Transformation age : 1 colonnes
2025-12-22 22:18:12 - dimension_optimizer - WARNING - Colonnes FRONTALIER ou CDPCSP manquantes pour REVENU
2025-12-22 22:18:12 - dimension_optimizer - INFO - Transformation revenu : 1 colonnes
2025-12-22 22:18:12 - dimension_optimizer - WARNING - Colonne nb_enfant manquante
2025-12-22 22:18:12 - dimension_optimizer - INFO - Transformation enfants : 2 colonnes
2025-12-22 22:18:12 - dimension_optimizer - WARNING - Colonne CD_OCC_LGT manquante
2025-12-22 22:18:12 - dimension_optimizer - INFO - Transformation logement : 2 colonnes
2025-12-22 22:18:12 - dimension_optimizer - INFO - Transformation terminée : (3, 8)
2025-12-22 22:18:12 - dimension_optimizer - INFO - Dimensions créées : 8
2025-12-22 22:18:12 - dimension_optimizer - INFO - Colonnes finales : ['Situation_Couple', 'Situation_Celibataire', 'AGE', 'REVENU_Score', 'Enfants_Avec', 'Enfants_Sans', 'Logement_Proprietaire', 'Logement_NonProprietaire']
2025-12-22 22:18:13 - dimension_optimizer - INFO - DimensionOptimizer initialisé - Mode : stratifie
2025-12-22 22:18:13 - dimension_optimizer - INFO - Début transformation dimensionnelle - Mode stratifie
2025-12-22 22:18:13 - dimension_optimizer - INFO - Shape initiale : (2000, 19)
2025-12-22 22:18:13 - dimension_optimizer - INFO - Transformation situation_composite : 2 colonnes
2025-12-22 22:18:13 - dimension_optimizer - INFO - Transformation age : 1 colonnes
2025-12-22 22:18:13 - dimension_optimizer - WARNING - Colonnes FRONTALIER ou CDPCSP manquantes pour REVENU
2025-12-22 22:18:13 - dimension_optimizer - INFO - Transformation revenu : 1 colonnes
2025-12-22 22:18:13 - dimension_optimizer - WARNING - Colonne nb_enfant manquante
2025-12-22 22:18:13 - dimension_optimizer - INFO - Transformation enfants : 2 colonnes
2025-12-22 22:18:13 - dimension_optimizer - WARNING - Colonne CD_OCC_LGT manquante
2025-12-22 22:18:13 - dimension_optimizer - INFO - Transformation logement : 2 colonnes
2025-12-22 22:18:13 - dimension_optimizer - INFO - Transformation terminée : (2000, 9)
2025-12-22 22:18:13 - dimension_optimizer - INFO - Dimensions créées : 8
2025-12-22 22:18:13 - dimension_optimizer - INFO - Colonnes finales : ['Situation_Couple', 'Situation_Celibataire', 'AGE', 'REVENU_Score', 'Enfants_Avec', 'Enfants_Sans', 'Logement_Proprietaire', 'Logement_NonProprietaire']
2025-12-22 22:18:13 - dimension_optimizer - INFO - DimensionOptimizer initialisé - Mode : stratifie
2025-12-22 22:18:13 - dimension_optimizer - INFO - Début transformation dimensionnelle - Mode stratifie
2025-12-22 22:18:13 - dimension_optimizer - INFO - Shape initiale : (2000, 19)
2025-12-22 22:18:13 - dimension_optimizer - INFO - Transformation situation_composite : 2 colonnes
2025-12-22 22:18:13 - dimension_optimizer - INFO - Transformation age : 1 colonnes
2025-12-22 22:18:13 - dimension_optimizer - WARNING - Colonnes FRONTALIER ou CDPCSP manquantes pour REVENU
2025-12-22 22:18:13 - dimension_optimizer - INFO - Transformation revenu : 1 colonnes
2025-12-22 22:18:13 - dimension_optimizer - WARNING - Colonne nb_enfant manquante
2025-12-22 22:18:13 - dimension_optimizer - INFO - Transformation enfants : 2 colonnes
2025-12-22 22:18:13 - dimension_optimizer - WARNING - Colonne CD_OCC_LGT manquante
2025-12-22 22:18:13 - dimension_optimizer - INFO - Transformation logement : 2 colonnes
2025-12-22 22:18:13 - dimension_optimizer - INFO - Transformation terminée : (2000, 9)
2025-12-22 22:18:13 - dimension_optimizer - INFO - Dimensions créées : 8
2025-12-22 22:18:13 - dimension_optimizer - INFO - Colonnes finales : ['Situation_Couple', 'Situation_Celibataire', 'AGE', 'REVENU_Score', 'Enfants_Avec', 'Enfants_Sans', 'Logement_Proprietaire', 'Logement_NonProprietaire']
2025-12-22 22:18:14 - dimension_optimizer - INFO - DimensionOptimizer initialisé - Mode : stratifie
2025-12-22 22:18:14 - dimension_optimizer - INFO - Début transformation dimensionnelle - Mode stratifie
2025-12-22 22:18:14 - dimension_optimizer - INFO - Shape initiale : (2000, 19)
2025-12-22 22:18:14 - dimension_optimizer - INFO - Transformation situation_composite : 2 colonnes
2025-12-22 22:18:14 - dimension_optimizer - INFO - Transformation age : 1 colonnes
2025-12-22 22:18:14 - dimension_optimizer - WARNING - Colonnes FRONTALIER ou CDPCSP manquantes pour REVENU
2025-12-22 22:18:14 - dimension_optimizer - INFO - Transformation revenu : 1 colonnes
2025-12-22 22:18:14 - dimension_optimizer - WARNING - Colonne nb_enfant manquante
2025-12-22 22:18:14 - dimension_optimizer - INFO - Transformation enfants : 2 colonnes
2025-12-22 22:18:14 - dimension_optimizer - WARNING - Colonne CD_OCC_LGT manquante
2025-12-22 22:18:14 - dimension_optimizer - INFO - Transformation logement : 2 colonnes
2025-12-22 22:18:14 - dimension_optimizer - INFO - Transformation terminée : (2000, 9)
2025-12-22 22:18:14 - dimension_optimizer - INFO - Dimensions créées : 8
2025-12-22 22:18:14 - dimension_optimizer - INFO - Colonnes finales : ['Situation_Couple', 'Situation_Celibataire', 'AGE', 'REVENU_Score', 'Enfants_Avec', 'Enfants_Sans', 'Logement_Proprietaire', 'Logement_NonProprietaire']
2025-12-22 22:18:15 - dimension_optimizer - INFO - DimensionOptimizer initialisé - Mode : stratifie
2025-12-22 22:18:15 - dimension_optimizer - INFO - Début transformation dimensionnelle - Mode stratifie
2025-12-22 22:18:15 - dimension_optimizer - INFO - Shape initiale : (2000, 19)
2025-12-22 22:18:15 - dimension_optimizer - INFO - Transformation situation_composite : 2 colonnes
2025-12-22 22:18:15 - dimension_optimizer - INFO - Transformation age : 1 colonnes
2025-12-22 22:18:15 - dimension_optimizer - WARNING - Colonnes FRONTALIER ou CDPCSP manquantes pour REVENU
2025-12-22 22:18:15 - dimension_optimizer - INFO - Transformation revenu : 1 colonnes
2025-12-22 22:18:15 - dimension_optimizer - WARNING - Colonne nb_enfant manquante
2025-12-22 22:18:15 - dimension_optimizer - INFO - Transformation enfants : 2 colonnes
2025-12-22 22:18:15 - dimension_optimizer - WARNING - Colonne CD_OCC_LGT manquante
2025-12-22 22:18:15 - dimension_optimizer - INFO - Transformation logement : 2 colonnes
2025-12-22 22:18:15 - dimension_optimizer - INFO - Transformation terminée : (2000, 9)
2025-12-22 22:18:15 - dimension_optimizer - INFO - Dimensions créées : 8
2025-12-22 22:18:15 - dimension_optimizer - INFO - Colonnes finales : ['Situation_Couple', 'Situation_Celibataire', 'AGE', 'REVENU_Score', 'Enfants_Avec', 'Enfants_Sans', 'Logement_Proprietaire', 'Logement_NonProprietaire']
2025-12-22 22:18:15 - dimension_optimizer - INFO - DimensionOptimizer initialisé - Mode : stratifie
2025-12-22 22:18:15 - dimension_optimizer - INFO - Début transformation dimensionnelle - Mode stratifie
2025-12-22 22:18:15 - dimension_optimizer - INFO - Shape initiale : (2000, 19)
2025-12-22 22:18:15 - dimension_optimizer - INFO - Transformation situation_composite : 2 colonnes
2025-12-22 22:18:15 - dimension_optimizer - INFO - Transformation age : 1 colonnes
2025-12-22 22:18:15 - dimension_optimizer - WARNING - Colonnes FRONTALIER ou CDPCSP manquantes pour REVENU
2025-12-22 22:18:15 - dimension_optimizer - INFO - Transformation revenu : 1 colonnes
2025-12-22 22:18:15 - dimension_optimizer - WARNING - Colonne nb_enfant manquante
2025-12-22 22:18:15 - dimension_optimizer - INFO - Transformation enfants : 2 colonnes
2025-12-22 22:18:15 - dimension_optimizer - WARNING - Colonne CD_OCC_LGT manquante
2025-12-22 22:18:15 - dimension_optimizer - INFO - Transformation logement : 2 colonnes
2025-12-22 22:18:15 - dimension_optimizer - INFO - Transformation terminée : (2000, 9)
2025-12-22 22:18:15 - dimension_optimizer - INFO - Dimensions créées : 8
2025-12-22 22:18:15 - dimension_optimizer - INFO - Colonnes finales : ['Situation_Couple', 'Situation_Celibataire', 'AGE', 'REVENU_Score', 'Enfants_Avec', 'Enfants_Sans', 'Logement_Proprietaire', 'Logement_NonProprietaire']
2025-12-22 22:18:15 - dimension_optimizer - INFO - DimensionOptimizer initialisé - Mode : stratifie
2025-12-22 22:18:15 - dimension_optimizer - INFO - Début transformation dimensionnelle - Mode stratifie
2025-12-22 22:18:15 - dimension_optimizer - INFO - Shape initiale : (200, 19)
2025-12-22 22:18:15 - dimension_optimizer - INFO - Transformation situation_composite : 2 colonnes
2025-12-22 22:18:15 - dimension_optimizer - INFO - Transformation age : 1 colonnes
2025-12-22 22:18:15 - dimension_optimizer - WARNING - Colonnes FRONTALIER ou CDPCSP manquantes pour REVENU
2025-12-22 22:18:15 - dimension_optimizer - INFO - Transformation revenu : 1 colonnes
2025-12-22 22:18:15 - dimension_optimizer - WARNING - Colonne nb_enfant manquante
2025-12-22 22:18:15 - dimension_optimizer - INFO - Transformation enfants : 2 colonnes
2025-12-22 22:18:15 - dimension_optimizer - WARNING - Colonne CD_OCC_LGT manquante
2025-12-22 22:18:15 - dimension_optimizer - INFO - Transformation logement : 2 colonnes
2025-12-22 22:18:15 - dimension_optimizer - INFO - Transformation terminée : (200, 9)
2025-12-22 22:18:15 - dimension_optimizer - INFO - Dimensions créées : 8
2025-12-22 22:18:15 - dimension_optimizer - INFO - Colonnes finales : ['Situation_Couple', 'Situation_Celibataire', 'AGE', 'REVENU_Score', 'Enfants_Avec', 'Enfants_Sans', 'Logement_Proprietaire', 'Logement_NonProprietaire']
2025-12-22 22:18:16 - dimension_optimizer - INFO - DimensionOptimizer initialisé - Mode : stratifie
2025-12-22 22:18:16 - dimension_optimizer - INFO - Début transformation dimensionnelle - Mode stratifie
2025-12-22 22:18:16 - dimension_optimizer - INFO - Shape initiale : (2000, 19)
2025-12-22 22:18:16 - dimension_optimizer - INFO - Transformation situation_composite : 2 colonnes
2025-12-22 22:18:16 - dimension_optimizer - INFO - Transformation age : 1 colonnes
2025-12-22 22:18:16 - dimension_optimizer - WARNING - Colonnes FRONTALIER ou CDPCSP manquantes pour REVENU
2025-12-22 22:18:16 - dimension_optimizer - INFO - Transformation revenu : 1 colonnes
2025-12-22 22:18:16 - dimension_optimizer - WARNING - Colonne nb_enfant manquante
2025-12-22 22:18:16 - dimension_optimizer - INFO - Transformation enfants : 2 colonnes
2025-12-22 22:18:16 - dimension_optimizer - WARNING - Colonne CD_OCC_LGT manquante
2025-12-22 22:18:16 - dimension_optimizer - INFO - Transformation logement : 2 colonnes
2025-12-22 22:18:16 - dimension_optimizer - INFO - Transformation terminée : (2000, 9)
2025-12-22 22:18:16 - dimension_optimizer - INFO - Dimensions créées : 8
2025-12-22 22:18:16 - dimension_optimizer - INFO - Colonnes finales : ['Situation_Couple', 'Situation_Celibataire', 'AGE', 'REVENU_Score', 'Enfants_Avec', 'Enfants_Sans', 'Logement_Proprietaire', 'Logement_NonProprietaire']
2025-12-22 22:18:16 - dimension_optimizer - INFO - DimensionOptimizer initialisé - Mode : stratifie
2025-12-22 22:18:16 - dimension_optimizer - INFO - Début transformation dimensionnelle - Mode stratifie
2025-12-22 22:18:16 - dimension_optimizer - INFO - Shape initiale : (2000, 19)
2025-12-22 22:18:16 - dimension_optimizer - INFO - Transformation situation_composite : 2 colonnes
2025-12-22 22:18:16 - dimension_optimizer - INFO - Transformation age : 1 colonnes
2025-12-22 22:18:16 - dimension_optimizer - WARNING - Colonnes FRONTALIER ou CDPCSP manquantes pour REVENU
2025-12-22 22:18:16 - dimension_optimizer - INFO - Transformation revenu : 1 colonnes
2025-12-22 22:18:16 - dimension_optimizer - WARNING - Colonne nb_enfant manquante
2025-12-22 22:18:16 - dimension_optimizer - INFO - Transformation enfants : 2 colonnes
2025-12-22 22:18:16 - dimension_optimizer - WARNING - Colonne CD_OCC_LGT manquante
2025-12-22 22:18:16 - dimension_optimizer - INFO - Transformation logement : 2 colonnes
2025-12-22 22:18:16 - dimension_optimizer - INFO - Transformation terminée : (2000, 9)
2025-12-22 22:18:16 - dimension_optimizer - INFO - Dimensions créées : 8
2025-12-22 22:18:16 - dimension_optimizer - INFO - Colonnes finales : ['Situation_Couple', 'Situation_Celibataire', 'AGE', 'REVENU_Score', 'Enfants_Avec', 'Enfants_Sans', 'Logement_Proprietaire', 'Logement_NonProprietaire']
2025-12-22 22:18:17 - dimension_optimizer - INFO - DimensionOptimizer initialisé - Mode : stratifie
2025-12-22 22:18:17 - dimension_optimizer - INFO - Début transformation dimensionnelle - Mode stratifie
2025-12-22 22:18:17 - dimension_optimizer - INFO - Shape initiale : (2000, 19)
2025-12-22 22:18:17 - dimension_optimizer - INFO - Transformation situation_composite : 2 colonnes
2025-12-22 22:18:17 - dimension_optimizer - INFO - Transformation age : 1 colonnes
2025-12-22 22:18:17 - dimension_optimizer - WARNING - Colonnes FRONTALIER ou CDPCSP manquantes pour REVENU
2025-12-22 22:18:17 - dimension_optimizer - INFO - Transformation revenu : 1 colonnes
2025-12-22 22:18:17 - dimension_optimizer - WARNING - Colonne nb_enfant manquante
2025-12-22 22:18:17 - dimension_optimizer - INFO - Transformation enfants : 2 colonnes
2025-12-22 22:18:17 - dimension_optimizer - WARNING - Colonne CD_OCC_LGT manquante
2025-12-22 22:18:17 - dimension_optimizer - INFO - Transformation logement : 2 colonnes
2025-12-22 22:18:17 - dimension_optimizer - INFO - Transformation terminée : (2000, 9)
2025-12-22 22:18:17 - dimension_optimizer - INFO - Dimensions créées : 8
2025-12-22 22:18:17 - dimension_optimizer - INFO - Colonnes finales : ['Situation_Couple', 'Situation_Celibataire', 'AGE', 'REVENU_Score', 'Enfants_Avec', 'Enfants_Sans', 'Logement_Proprietaire', 'Logement_NonProprietaire']
2025-12-22 22:18:18 - dimension_optimizer - INFO - DimensionOptimizer initialisé - Mode : stratifie
2025-12-22 22:18:18 - dimension_optimizer - INFO - Début transformation dimensionnelle - Mode stratifie
2025-12-22 22:18:18 - dimension_optimizer - INFO - Shape initiale : (2000, 19)
2025-12-22 22:18:18 - dimension_optimizer - INFO - Transformation situation_composite : 2 colonnes
2025-12-22 22:18:18 - dimension_optimizer - INFO - Transformation age : 1 colonnes
2025-12-22 22:18:18 - dimension_optimizer - WARNING - Colonnes FRONTALIER ou CDPCSP manquantes pour REVENU
2025-12-22 22:18:18 - dimension_optimizer - INFO - Transformation revenu : 1 colonnes
2025-12-22 22:18:18 - dimension_optimizer - WARNING - Colonne nb_enfant manquante
2025-12-22 22:18:18 - dimension_optimizer - INFO - Transformation enfants : 2 colonnes
2025-12-22 22:18:18 - dimension_optimizer - WARNING - Colonne CD_OCC_LGT manquante
2025-12-22 22:18:18 - dimension_optimizer - INFO - Transformation logement : 2 colonnes
2025-12-22 22:18:18 - dimension_optimizer - INFO - Transformation terminée : (2000, 9)
2025-12-22 22:18:18 - dimension_optimizer - INFO - Dimensions créées : 8
2025-12-22 22:18:18 - dimension_optimizer - INFO - Colonnes finales : ['Situation_Couple', 'Situation_Celibataire', 'AGE', 'REVENU_Score', 'Enfants_Avec', 'Enfants_Sans', 'Logement_Proprietaire', 'Logement_NonProprietaire']
2025-12-22 22:18:19 - dimension_optimizer - INFO - DimensionOptimizer initialisé - Mode : stratifie
2025-12-22 22:18:19 - dimension_optimizer - INFO - Début transformation dimensionnelle - Mode stratifie
2025-12-22 22:18:19 - dimension_optimizer - INFO - Shape initiale : (2000, 19)
2025-12-22 22:18:19 - dimension_optimizer - INFO - Transformation situation_composite : 2 colonnes
2025-12-22 22:18:19 - dimension_optimizer - INFO - Transformation age : 1 colonnes
2025-12-22 22:18:19 - dimension_optimizer - WARNING - Colonnes FRONTALIER ou CDPCSP manquantes pour REVENU
2025-12-22 22:18:19 - dimension_optimizer - INFO - Transformation revenu : 1 colonnes
2025-12-22 22:18:19 - dimension_optimizer - WARNING - Colonne nb_enfant manquante
2025-12-22 22:18:19 - dimension_optimizer - INFO - Transformation enfants : 2 colonnes
2025-12-22 22:18:19 - dimension_optimizer - WARNING - Colonne CD_OCC_LGT manquante
2025-12-22 22:18:19 - dimension_optimizer - INFO - Transformation logement : 2 colonnes
2025-12-22 22:18:19 - dimension_optimizer - INFO - Transformation terminée : (2000, 9)
2025-12-22 22:18:19 - dimension_optimizer - INFO - Dimensions créées : 8
2025-12-22 22:18:19 - dimension_optimizer - INFO - Colonnes finales : ['Situation_Couple', 'Situation_Celibataire', 'AGE', 'REVENU_Score', 'Enfants_Avec', 'Enfants_Sans', 'Logement_Proprietaire', 'Logement_NonProprietaire']
2025-12-22 22:18:19 - dimension_optimizer - INFO - DimensionOptimizer initialisé - Mode : stratifie
2025-12-22 22:18:19 - dimension_optimizer - INFO - Début transformation dimensionnelle - Mode stratifie
2025-12-22 22:18:19 - dimension_optimizer - INFO - Shape initiale : (1000, 19)
2025-12-22 22:18:19 - dimension_optimizer - INFO - Transformation situation_composite : 2 colonnes
2025-12-22 22:18:19 - dimension_optimizer - INFO - Transformation age : 1 colonnes
2025-12-22 22:18:19 - dimension_optimizer - WARNING - Colonnes FRONTALIER ou CDPCSP manquantes pour REVENU
2025-12-22 22:18:19 - dimension_optimizer - INFO - Transformation revenu : 1 colonnes
2025-12-22 22:18:19 - dimension_optimizer - WARNING - Colonne nb_enfant manquante
2025-12-22 22:18:19 - dimension_optimizer - INFO - Transformation enfants : 2 colonnes
2025-12-22 22:18:19 - dimension_optimizer - WARNING - Colonne CD_OCC_LGT manquante
2025-12-22 22:18:19 - dimension_optimizer - INFO - Transformation logement : 2 colonnes
2025-12-22 22:18:19 - dimension_optimizer - INFO - Transformation terminée : (1000, 9)
2025-12-22 22:18:19 - dimension_optimizer - INFO - Dimensions créées : 8
2025-12-22 22:18:19 - dimension_optimizer - INFO - Colonnes finales : ['Situation_Couple', 'Situation_Celibataire', 'AGE', 'REVENU_Score', 'Enfants_Avec', 'Enfants_Sans', 'Logement_Proprietaire', 'Logement_NonProprietaire']
2025-12-22 22:18:20 - dimension_optimizer - INFO - DimensionOptimizer initialisé - Mode : stratifie
2025-12-22 22:18:20 - dimension_optimizer - INFO - Début transformation dimensionnelle - Mode stratifie
2025-12-22 22:18:20 - dimension_optimizer - INFO - Shape initiale : (1000, 19)
2025-12-22 22:18:20 - dimension_optimizer - INFO - Transformation situation_composite : 2 colonnes
2025-12-22 22:18:20 - dimension_optimizer - INFO - Transformation age : 1 colonnes
2025-12-22 22:18:20 - dimension_optimizer - WARNING - Colonnes FRONTALIER ou CDPCSP manquantes pour REVENU
2025-12-22 22:18:20 - dimension_optimizer - INFO - Transformation revenu : 1 colonnes
2025-12-22 22:18:20 - dimension_optimizer - WARNING - Colonne nb_enfant manquante
2025-12-22 22:18:20 - dimension_optimizer - INFO - Transformation enfants : 2 colonnes
2025-12-22 22:18:20 - dimension_optimizer - WARNING - Colonne CD_OCC_LGT manquante
2025-12-22 22:18:20 - dimension_optimizer - INFO - Transformation logement : 2 colonnes
2025-12-22 22:18:20 - dimension_optimizer - INFO - Transformation terminée : (1000, 9)
2025-12-22 22:18:20 - dimension_optimizer - INFO - Dimensions créées : 8
2025-12-22 22:18:20 - dimension_optimizer - INFO - Colonnes finales : ['Situation_Couple', 'Situation_Celibataire', 'AGE', 'REVENU_Score', 'Enfants_Avec', 'Enfants_Sans', 'Logement_Proprietaire', 'Logement_NonProprietaire']
2025-12-22 22:18:20 - dimension_optimizer - INFO - DimensionOptimizer initialisé - Mode : stratifie
2025-12-22 22:18:20 - dimension_optimizer - INFO - Début transformation dimensionnelle - Mode stratifie
2025-12-22 22:18:20 - dimension_optimizer - INFO - Shape initiale : (1000, 19)
2025-12-22 22:18:20 - dimension_optimizer - INFO - Transformation situation_composite : 2 colonnes
2025-12-22 22:18:20 - dimension_optimizer - INFO - Transformation age : 1 colonnes
2025-12-22 22:18:20 - dimension_optimizer - WARNING - Colonnes FRONTALIER ou CDPCSP manquantes pour REVENU
2025-12-22 22:18:20 - dimension_optimizer - INFO - Transformation revenu : 1 colonnes
2025-12-22 22:18:20 - dimension_optimizer - WARNING - Colonne nb_enfant manquante
2025-12-22 22:18:20 - dimension_optimizer - INFO - Transformation enfants : 2 colonnes
2025-12-22 22:18:20 - dimension_optimizer - WARNING - Colonne CD_OCC_LGT manquante
2025-12-22 22:18:20 - dimension_optimizer - INFO - Transformation logement : 2 colonnes
2025-12-22 22:18:20 - dimension_optimizer - INFO - Transformation terminée : (1000, 9)
2025-12-22 22:18:20 - dimension_optimizer - INFO - Dimensions créées : 8
2025-12-22 22:18:20 - dimension_optimizer - INFO - Colonnes finales : ['Situation_Couple', 'Situation_Celibataire', 'AGE', 'REVENU_Score', 'Enfants_Avec', 'Enfants_Sans', 'Logement_Proprietaire', 'Logement_NonProprietaire']
2025-12-22 22:18:21 - dimension_optimizer - INFO - DimensionOptimizer initialisé - Mode : stratifie
2025-12-22 22:18:21 - dimension_optimizer - INFO - Début transformation dimensionnelle - Mode stratifie
2025-12-22 22:18:21 - dimension_optimizer - INFO - Shape initiale : (400, 19)
2025-12-22 22:18:21 - dimension_optimizer - INFO - Transformation situation_composite : 2 colonnes
2025-12-22 22:18:21 - dimension_optimizer - INFO - Transformation age : 1 colonnes
2025-12-22 22:18:21 - dimension_optimizer - WARNING - Colonnes FRONTALIER ou CDPCSP manquantes pour REVENU
2025-12-22 22:18:21 - dimension_optimizer - INFO - Transformation revenu : 1 colonnes
2025-12-22 22:18:21 - dimension_optimizer - WARNING - Colonne nb_enfant manquante
2025-12-22 22:18:21 - dimension_optimizer - INFO - Transformation enfants : 2 colonnes
2025-12-22 22:18:21 - dimension_optimizer - WARNING - Colonne CD_OCC_LGT manquante
2025-12-22 22:18:21 - dimension_optimizer - INFO - Transformation logement : 2 colonnes
2025-12-22 22:18:21 - dimension_optimizer - INFO - Transformation terminée : (400, 9)
2025-12-22 22:18:21 - dimension_optimizer - INFO - Dimensions créées : 8
2025-12-22 22:18:21 - dimension_optimizer - INFO - Colonnes finales : ['Situation_Couple', 'Situation_Celibataire', 'AGE', 'REVENU_Score', 'Enfants_Avec', 'Enfants_Sans', 'Logement_Proprietaire', 'Logement_NonProprietaire']
2025-12-22 22:24:59 - dimension_optimizer - INFO - Logger dimension_optimizer configuré - Fichier: /Users/taieb/Documents/GITHUB REPO/ML_banking_segmentation/logs/dimension_optimizer_20251222.log
2025-12-22 22:24:59 - dimension_optimizer - INFO - DimensionOptimizer initialisé - Mode : stratifie
2025-12-22 22:24:59 - dimension_optimizer - INFO - Début transformation dimensionnelle - Mode stratifie
2025-12-22 22:24:59 - dimension_optimizer - INFO - Shape initiale : (1000, 19)
2025-12-22 22:24:59 - dimension_optimizer - INFO - Transformation situation_composite : 2 colonnes
2025-12-22 22:24:59 - dimension_optimizer - INFO - Transformation age : 1 colonnes
2025-12-22 22:24:59 - dimension_optimizer - WARNING - Colonnes FRONTALIER ou CDPCSP manquantes pour REVENU
2025-12-22 22:24:59 - dimension_optimizer - INFO - Transformation revenu : 1 colonnes
2025-12-22 22:24:59 - dimension_optimizer - WARNING - Colonne nb_enfant manquante
2025-12-22 22:24:59 - dimension_optimizer - INFO - Transformation enfants : 2 colonnes
2025-12-22 22:24:59 - dimension_optimizer - WARNING - Colonne CD_OCC_LGT manquante
2025-12-22 22:24:59 - dimension_optimizer - INFO - Transformation logement : 2 colonnes
2025-12-22 22:24:59 - dimension_optimizer - INFO - Transformation terminée : (1000, 9)
2025-12-22 22:24:59 - dimension_optimizer - INFO - Dimensions créées : 8
2025-12-22 22:24:59 - dimension_optimizer - INFO - Colonnes finales : ['Situation_Couple', 'Situation_Celibataire', 'AGE', 'REVENU_Score', 'Enfants_Avec', 'Enfants_Sans', 'Logement_Proprietaire', 'Logement_NonProprietaire']
2025-12-22 22:24:59 - dimension_optimizer - INFO - DimensionOptimizer initialisé - Mode : global
2025-12-22 22:24:59 - dimension_optimizer - INFO - Début transformation dimensionnelle - Mode global
2025-12-22 22:24:59 - dimension_optimizer - INFO - Shape initiale : (1000, 19)
2025-12-22 22:24:59 - dimension_optimizer - INFO - Transformation situation_composite : 2 colonnes
2025-12-22 22:24:59 - dimension_optimizer - INFO - Transformation age : 4 colonnes
2025-12-22 22:24:59 - dimension_optimizer - WARNING - Colonnes FRONTALIER ou CDPCSP manquantes pour REVENU
2025-12-22 22:24:59 - dimension_optimizer - INFO - Transformation revenu : 1 colonnes
2025-12-22 22:24:59 - dimension_optimizer - WARNING - Colonne nb_enfant manquante
2025-12-22 22:24:59 - dimension_optimizer - INFO - Transformation enfants : 2 colonnes
2025-12-22 22:24:59 - dimension_optimizer - WARNING - Colonne CD_OCC_LGT manquante
2025-12-22 22:24:59 - dimension_optimizer - INFO - Transformation logement : 2 colonnes
2025-12-22 22:24:59 - dimension_optimizer - INFO - Transformation terminée : (1000, 12)
2025-12-22 22:24:59 - dimension_optimizer - INFO - Dimensions créées : 11
2025-12-22 22:24:59 - dimension_optimizer - INFO - Colonnes finales : ['Situation_Couple', 'Situation_Celibataire', 'Age_Jeunes', 'Age_Actifs', 'Age_Seniors', 'Age_Retraites', 'REVENU_Score', 'Enfants_Avec', 'Enfants_Sans', 'Logement_Proprietaire', 'Logement_NonProprietaire']
2025-12-22 22:25:12 - dimension_optimizer - INFO - Logger dimension_optimizer configuré - Fichier: /Users/taieb/Documents/GITHUB REPO/ML_banking_segmentation/logs/dimension_optimizer_20251222.log
2025-12-22 22:25:12 - dimension_optimizer - INFO - DimensionOptimizer initialisé - Mode : stratifie
2025-12-22 22:25:12 - dimension_optimizer - INFO - Début transformation dimensionnelle - Mode stratifie
2025-12-22 22:25:12 - dimension_optimizer - INFO - Shape initiale : (5000, 19)
2025-12-22 22:25:12 - dimension_optimizer - INFO - Transformation situation_composite : 2 colonnes
2025-12-22 22:25:12 - dimension_optimizer - INFO - Transformation age : 1 colonnes
2025-12-22 22:25:12 - dimension_optimizer - WARNING - Colonnes FRONTALIER ou CDPCSP manquantes pour REVENU
2025-12-22 22:25:12 - dimension_optimizer - INFO - Transformation revenu : 1 colonnes
2025-12-22 22:25:12 - dimension_optimizer - WARNING - Colonne nb_enfant manquante
2025-12-22 22:25:12 - dimension_optimizer - INFO - Transformation enfants : 2 colonnes
2025-12-22 22:25:12 - dimension_optimizer - WARNING - Colonne CD_OCC_LGT manquante
2025-12-22 22:25:12 - dimension_optimizer - INFO - Transformation logement : 2 colonnes
2025-12-22 22:25:12 - dimension_optimizer - INFO - Transformation terminée : (5000, 9)
2025-12-22 22:25:12 - dimension_optimizer - INFO - Dimensions créées : 8
2025-12-22 22:25:12 - dimension_optimizer - INFO - Colonnes finales : ['Situation_Couple', 'Situation_Celibataire', 'AGE', 'REVENU_Score', 'Enfants_Avec', 'Enfants_Sans', 'Logement_Proprietaire', 'Logement_NonProprietaire']
2025-12-22 22:25:16 - dimension_optimizer - INFO - DimensionOptimizer initialisé - Mode : stratifie
2025-12-22 22:25:16 - dimension_optimizer - INFO - Début transformation dimensionnelle - Mode stratifie
2025-12-22 22:25:16 - dimension_optimizer - INFO - Shape initiale : (1500, 19)
2025-12-22 22:25:16 - dimension_optimizer - INFO - Transformation situation_composite : 2 colonnes
2025-12-22 22:25:16 - dimension_optimizer - INFO - Transformation age : 1 colonnes
2025-12-22 22:25:16 - dimension_optimizer - WARNING - Colonnes FRONTALIER ou CDPCSP manquantes pour REVENU
2025-12-22 22:25:16 - dimension_optimizer - INFO - Transformation revenu : 1 colonnes
2025-12-22 22:25:16 - dimension_optimizer - WARNING - Colonne nb_enfant manquante
2025-12-22 22:25:16 - dimension_optimizer - INFO - Transformation enfants : 2 colonnes
2025-12-22 22:25:16 - dimension_optimizer - WARNING - Colonne CD_OCC_LGT manquante
2025-12-22 22:25:16 - dimension_optimizer - INFO - Transformation logement : 2 colonnes
2025-12-22 22:25:16 - dimension_optimizer - INFO - Transformation terminée : (1500, 9)
2025-12-22 22:25:16 - dimension_optimizer - INFO - Dimensions créées : 8
2025-12-22 22:25:16 - dimension_optimizer - INFO - Colonnes finales : ['Situation_Couple', 'Situation_Celibataire', 'AGE', 'REVENU_Score', 'Enfants_Avec', 'Enfants_Sans', 'Logement_Proprietaire', 'Logement_NonProprietaire']
2025-12-22 22:25:17 - dimension_optimizer - INFO - DimensionOptimizer initialisé - Mode : stratifie
2025-12-22 22:25:17 - dimension_optimizer - INFO - Début transformation dimensionnelle - Mode stratifie
2025-12-22 22:25:17 - dimension_optimizer - INFO - Shape initiale : (1000, 19)
2025-12-22 22:25:17 - dimension_optimizer - INFO - Transformation situation_composite : 2 colonnes
2025-12-22 22:25:17 - dimension_optimizer - INFO - Transformation age : 1 colonnes
2025-12-22 22:25:17 - dimension_optimizer - WARNING - Colonnes FRONTALIER ou CDPCSP manquantes pour REVENU
2025-12-22 22:25:17 - dimension_optimizer - INFO - Transformation revenu : 1 colonnes
2025-12-22 22:25:17 - dimension_optimizer - WARNING - Colonne nb_enfant manquante
2025-12-22 22:25:17 - dimension_optimizer - INFO - Transformation enfants : 2 colonnes
2025-12-22 22:25:17 - dimension_optimizer - WARNING - Colonne CD_OCC_LGT manquante
2025-12-22 22:25:17 - dimension_optimizer - INFO - Transformation logement : 2 colonnes
2025-12-22 22:25:17 - dimension_optimizer - INFO - Transformation terminée : (1000, 9)
2025-12-22 22:25:17 - dimension_optimizer - INFO - Dimensions créées : 8
2025-12-22 22:25:17 - dimension_optimizer - INFO - Colonnes finales : ['Situation_Couple', 'Situation_Celibataire', 'AGE', 'REVENU_Score', 'Enfants_Avec', 'Enfants_Sans', 'Logement_Proprietaire', 'Logement_NonProprietaire']
2025-12-22 22:25:17 - dimension_optimizer - INFO - DimensionOptimizer initialisé - Mode : global
2025-12-22 22:25:17 - dimension_optimizer - INFO - Début transformation dimensionnelle - Mode global
2025-12-22 22:25:17 - dimension_optimizer - INFO - Shape initiale : (1000, 19)
2025-12-22 22:25:17 - dimension_optimizer - INFO - Transformation situation_composite : 2 colonnes
2025-12-22 22:25:17 - dimension_optimizer - INFO - Transformation age : 4 colonnes
2025-12-22 22:25:17 - dimension_optimizer - WARNING - Colonnes FRONTALIER ou CDPCSP manquantes pour REVENU
2025-12-22 22:25:17 - dimension_optimizer - INFO - Transformation revenu : 1 colonnes
2025-12-22 22:25:17 - dimension_optimizer - WARNING - Colonne nb_enfant manquante
2025-12-22 22:25:17 - dimension_optimizer - INFO - Transformation enfants : 2 colonnes
2025-12-22 22:25:17 - dimension_optimizer - WARNING - Colonne CD_OCC_LGT manquante
2025-12-22 22:25:17 - dimension_optimizer - INFO - Transformation logement : 2 colonnes
2025-12-22 22:25:17 - dimension_optimizer - INFO - Transformation terminée : (1000, 12)
2025-12-22 22:25:17 - dimension_optimizer - INFO - Dimensions créées : 11
2025-12-22 22:25:17 - dimension_optimizer - INFO - Colonnes finales : ['Situation_Couple', 'Situation_Celibataire', 'Age_Jeunes', 'Age_Actifs', 'Age_Seniors', 'Age_Retraites', 'REVENU_Score', 'Enfants_Avec', 'Enfants_Sans', 'Logement_Proprietaire', 'Logement_NonProprietaire']
2025-12-22 22:25:17 - dimension_optimizer - INFO - DimensionOptimizer initialisé - Mode : stratifie
2025-12-22 22:25:17 - dimension_optimizer - INFO - DimensionOptimizer initialisé - Mode : stratifie
2025-12-22 22:25:17 - dimension_optimizer - INFO - Début transformation dimensionnelle - Mode stratifie
2025-12-22 22:25:17 - dimension_optimizer - INFO - Shape initiale : (1000, 19)
2025-12-22 22:25:17 - dimension_optimizer - INFO - Transformation situation_composite : 2 colonnes
2025-12-22 22:25:17 - dimension_optimizer - INFO - Transformation age : 1 colonnes
2025-12-22 22:25:17 - dimension_optimizer - WARNING - Colonnes FRONTALIER ou CDPCSP manquantes pour REVENU
2025-12-22 22:25:17 - dimension_optimizer - INFO - Transformation revenu : 1 colonnes
2025-12-22 22:25:17 - dimension_optimizer - WARNING - Colonne nb_enfant manquante
2025-12-22 22:25:17 - dimension_optimizer - INFO - Transformation enfants : 2 colonnes
2025-12-22 22:25:17 - dimension_optimizer - WARNING - Colonne CD_OCC_LGT manquante
2025-12-22 22:25:17 - dimension_optimizer - INFO - Transformation logement : 2 colonnes
2025-12-22 22:25:17 - dimension_optimizer - INFO - Transformation terminée : (1000, 9)
2025-12-22 22:25:17 - dimension_optimizer - INFO - Dimensions créées : 8
2025-12-22 22:25:17 - dimension_optimizer - INFO - Colonnes finales : ['Situation_Couple', 'Situation_Celibataire', 'AGE', 'REVENU_Score', 'Enfants_Avec', 'Enfants_Sans', 'Logement_Proprietaire', 'Logement_NonProprietaire']
2025-12-22 22:25:17 - dimension_optimizer - INFO - DimensionOptimizer initialisé - Mode : stratifie
2025-12-22 22:25:17 - dimension_optimizer - INFO - Début transformation dimensionnelle - Mode stratifie
2025-12-22 22:25:17 - dimension_optimizer - INFO - Shape initiale : (1000, 19)
2025-12-22 22:25:17 - dimension_optimizer - INFO - Transformation situation_composite : 2 colonnes
2025-12-22 22:25:17 - dimension_optimizer - INFO - Transformation age : 1 colonnes
2025-12-22 22:25:17 - dimension_optimizer - WARNING - Colonnes FRONTALIER ou CDPCSP manquantes pour REVENU
2025-12-22 22:25:17 - dimension_optimizer - INFO - Transformation revenu : 1 colonnes
2025-12-22 22:25:17 - dimension_optimizer - WARNING - Colonne nb_enfant manquante
2025-12-22 22:25:17 - dimension_optimizer - INFO - Transformation enfants : 2 colonnes
2025-12-22 22:25:17 - dimension_optimizer - WARNING - Colonne CD_OCC_LGT manquante
2025-12-22 22:25:17 - dimension_optimizer - INFO - Transformation logement : 2 colonnes
2025-12-22 22:25:17 - dimension_optimizer - INFO - Transformation terminée : (1000, 8)
2025-12-22 22:25:17 - dimension_optimizer - INFO - Dimensions créées : 8
2025-12-22 22:25:17 - dimension_optimizer - INFO - Colonnes finales : ['Situation_Couple', 'Situation_Celibataire', 'AGE', 'REVENU_Score', 'Enfants_Avec', 'Enfants_Sans', 'Logement_Proprietaire', 'Logement_NonProprietaire']
2025-12-22 22:25:17 - dimension_optimizer - INFO - DimensionOptimizer initialisé - Mode : stratifie
2025-12-22 22:25:17 - dimension_optimizer - INFO - Début transformation dimensionnelle - Mode stratifie
2025-12-22 22:25:17 - dimension_optimizer - INFO - Shape initiale : (0, 0)
2025-12-22 22:25:17 - dimension_optimizer - ERROR - DataFrame vide en entrée
2025-12-22 22:25:17 - dimension_optimizer - INFO - DimensionOptimizer initialisé - Mode : stratifie
2025-12-22 22:25:17 - dimension_optimizer - INFO - Début transformation dimensionnelle - Mode stratifie
2025-12-22 22:25:17 - dimension_optimizer - INFO - Shape initiale : (3, 2)
2025-12-22 22:25:17 - dimension_optimizer - INFO - Transformation situation_composite : 2 colonnes
2025-12-22 22:25:17 - dimension_optimizer - INFO - Transformation age : 1 colonnes
2025-12-22 22:25:17 - dimension_optimizer - WARNING - Colonnes FRONTALIER ou CDPCSP manquantes pour REVENU
2025-12-22 22:25:17 - dimension_optimizer - INFO - Transformation revenu : 1 colonnes
2025-12-22 22:25:17 - dimension_optimizer - WARNING - Colonne nb_enfant manquante
2025-12-22 22:25:17 - dimension_optimizer - INFO - Transformation enfants : 2 colonnes
2025-12-22 22:25:17 - dimension_optimizer - WARNING - Colonne CD_OCC_LGT manquante
2025-12-22 22:25:17 - dimension_optimizer - INFO - Transformation logement : 2 colonnes
2025-12-22 22:25:17 - dimension_optimizer - INFO - Transformation terminée : (3, 8)
2025-12-22 22:25:17 - dimension_optimizer - INFO - Dimensions créées : 8
2025-12-22 22:25:17 - dimension_optimizer - INFO - Colonnes finales : ['Situation_Couple', 'Situation_Celibataire', 'AGE', 'REVENU_Score', 'Enfants_Avec', 'Enfants_Sans', 'Logement_Proprietaire', 'Logement_NonProprietaire']
2025-12-22 22:25:17 - dimension_optimizer - INFO - DimensionOptimizer initialisé - Mode : stratifie
2025-12-22 22:25:17 - dimension_optimizer - INFO - Début transformation dimensionnelle - Mode stratifie
2025-12-22 22:25:17 - dimension_optimizer - INFO - Shape initiale : (2000, 19)
2025-12-22 22:25:17 - dimension_optimizer - INFO - Transformation situation_composite : 2 colonnes
2025-12-22 22:25:17 - dimension_optimizer - INFO - Transformation age : 1 colonnes
2025-12-22 22:25:17 - dimension_optimizer - WARNING - Colonnes FRONTALIER ou CDPCSP manquantes pour REVENU
2025-12-22 22:25:17 - dimension_optimizer - INFO - Transformation revenu : 1 colonnes
2025-12-22 22:25:17 - dimension_optimizer - WARNING - Colonne nb_enfant manquante
2025-12-22 22:25:17 - dimension_optimizer - INFO - Transformation enfants : 2 colonnes
2025-12-22 22:25:17 - dimension_optimizer - WARNING - Colonne CD_OCC_LGT manquante
2025-12-22 22:25:17 - dimension_optimizer - INFO - Transformation logement : 2 colonnes
2025-12-22 22:25:17 - dimension_optimizer - INFO - Transformation terminée : (2000, 9)
2025-12-22 22:25:17 - dimension_optimizer - INFO - Dimensions créées : 8
2025-12-22 22:25:17 - dimension_optimizer - INFO - Colonnes finales : ['Situation_Couple', 'Situation_Celibataire', 'AGE', 'REVENU_Score', 'Enfants_Avec', 'Enfants_Sans', 'Logement_Proprietaire', 'Logement_NonProprietaire']
2025-12-22 22:25:18 - dimension_optimizer - INFO - DimensionOptimizer initialisé - Mode : stratifie
2025-12-22 22:25:18 - dimension_optimizer - INFO - Début transformation dimensionnelle - Mode stratifie
2025-12-22 22:25:18 - dimension_optimizer - INFO - Shape initiale : (2000, 19)
2025-12-22 22:25:18 - dimension_optimizer - INFO - Transformation situation_composite : 2 colonnes
2025-12-22 22:25:18 - dimension_optimizer - INFO - Transformation age : 1 colonnes
2025-12-22 22:25:18 - dimension_optimizer - WARNING - Colonnes FRONTALIER ou CDPCSP manquantes pour REVENU
2025-12-22 22:25:18 - dimension_optimizer - INFO - Transformation revenu : 1 colonnes
2025-12-22 22:25:18 - dimension_optimizer - WARNING - Colonne nb_enfant manquante
2025-12-22 22:25:18 - dimension_optimizer - INFO - Transformation enfants : 2 colonnes
2025-12-22 22:25:18 - dimension_optimizer - WARNING - Colonne CD_OCC_LGT manquante
2025-12-22 22:25:18 - dimension_optimizer - INFO - Transformation logement : 2 colonnes
2025-12-22 22:25:18 - dimension_optimizer - INFO - Transformation terminée : (2000, 9)
2025-12-22 22:25:18 - dimension_optimizer - INFO - Dimensions créées : 8
2025-12-22 22:25:18 - dimension_optimizer - INFO - Colonnes finales : ['Situation_Couple', 'Situation_Celibataire', 'AGE', 'REVENU_Score', 'Enfants_Avec', 'Enfants_Sans', 'Logement_Proprietaire', 'Logement_NonProprietaire']
2025-12-22 22:25:19 - dimension_optimizer - INFO - DimensionOptimizer initialisé - Mode : stratifie
2025-12-22 22:25:19 - dimension_optimizer - INFO - Début transformation dimensionnelle - Mode stratifie
2025-12-22 22:25:19 - dimension_optimizer - INFO - Shape initiale : (2000, 19)
2025-12-22 22:25:19 - dimension_optimizer - INFO - Transformation situation_composite : 2 colonnes
2025-12-22 22:25:19 - dimension_optimizer - INFO - Transformation age : 1 colonnes
2025-12-22 22:25:19 - dimension_optimizer - WARNING - Colonnes FRONTALIER ou CDPCSP manquantes pour REVENU
2025-12-22 22:25:19 - dimension_optimizer - INFO - Transformation revenu : 1 colonnes
2025-12-22 22:25:19 - dimension_optimizer - WARNING - Colonne nb_enfant manquante
2025-12-22 22:25:19 - dimension_optimizer - INFO - Transformation enfants : 2 colonnes
2025-12-22 22:25:19 - dimension_optimizer - WARNING - Colonne CD_OCC_LGT manquante
2025-12-22 22:25:19 - dimension_optimizer - INFO - Transformation logement : 2 colonnes
2025-12-22 22:25:19 - dimension_optimizer - INFO - Transformation terminée : (2000, 9)
2025-12-22 22:25:19 - dimension_optimizer - INFO - Dimensions créées : 8
2025-12-22 22:25:19 - dimension_optimizer - INFO - Colonnes finales : ['Situation_Couple', 'Situation_Celibataire', 'AGE', 'REVENU_Score', 'Enfants_Avec', 'Enfants_Sans', 'Logement_Proprietaire', 'Logement_NonProprietaire']
2025-12-22 22:25:20 - dimension_optimizer - INFO - DimensionOptimizer initialisé - Mode : stratifie
2025-12-22 22:25:20 - dimension_optimizer - INFO - Début transformation dimensionnelle - Mode stratifie
2025-12-22 22:25:20 - dimension_optimizer - INFO - Shape initiale : (2000, 19)
2025-12-22 22:25:20 - dimension_optimizer - INFO - Transformation situation_composite : 2 colonnes
2025-12-22 22:25:20 - dimension_optimizer - INFO - Transformation age : 1 colonnes
2025-12-22 22:25:20 - dimension_optimizer - WARNING - Colonnes FRONTALIER ou CDPCSP manquantes pour REVENU
2025-12-22 22:25:20 - dimension_optimizer - INFO - Transformation revenu : 1 colonnes
2025-12-22 22:25:20 - dimension_optimizer - WARNING - Colonne nb_enfant manquante
2025-12-22 22:25:20 - dimension_optimizer - INFO - Transformation enfants : 2 colonnes
2025-12-22 22:25:20 - dimension_optimizer - WARNING - Colonne CD_OCC_LGT manquante
2025-12-22 22:25:20 - dimension_optimizer - INFO - Transformation logement : 2 colonnes
2025-12-22 22:25:20 - dimension_optimizer - INFO - Transformation terminée : (2000, 9)
2025-12-22 22:25:20 - dimension_optimizer - INFO - Dimensions créées : 8
2025-12-22 22:25:20 - dimension_optimizer - INFO - Colonnes finales : ['Situation_Couple', 'Situation_Celibataire', 'AGE', 'REVENU_Score', 'Enfants_Avec', 'Enfants_Sans', 'Logement_Proprietaire', 'Logement_NonProprietaire']
2025-12-22 22:25:20 - dimension_optimizer - INFO - DimensionOptimizer initialisé - Mode : stratifie
2025-12-22 22:25:20 - dimension_optimizer - INFO - Début transformation dimensionnelle - Mode stratifie
2025-12-22 22:25:20 - dimension_optimizer - INFO - Shape initiale : (2000, 19)
2025-12-22 22:25:20 - dimension_optimizer - INFO - Transformation situation_composite : 2 colonnes
2025-12-22 22:25:20 - dimension_optimizer - INFO - Transformation age : 1 colonnes
2025-12-22 22:25:20 - dimension_optimizer - WARNING - Colonnes FRONTALIER ou CDPCSP manquantes pour REVENU
2025-12-22 22:25:20 - dimension_optimizer - INFO - Transformation revenu : 1 colonnes
2025-12-22 22:25:20 - dimension_optimizer - WARNING - Colonne nb_enfant manquante
2025-12-22 22:25:20 - dimension_optimizer - INFO - Transformation enfants : 2 colonnes
2025-12-22 22:25:20 - dimension_optimizer - WARNING - Colonne CD_OCC_LGT manquante
2025-12-22 22:25:20 - dimension_optimizer - INFO - Transformation logement : 2 colonnes
2025-12-22 22:25:20 - dimension_optimizer - INFO - Transformation terminée : (2000, 9)
2025-12-22 22:25:20 - dimension_optimizer - INFO - Dimensions créées : 8
2025-12-22 22:25:20 - dimension_optimizer - INFO - Colonnes finales : ['Situation_Couple', 'Situation_Celibataire', 'AGE', 'REVENU_Score', 'Enfants_Avec', 'Enfants_Sans', 'Logement_Proprietaire', 'Logement_NonProprietaire']
2025-12-22 22:25:20 - dimension_optimizer - INFO - DimensionOptimizer initialisé - Mode : stratifie
2025-12-22 22:25:20 - dimension_optimizer - INFO - Début transformation dimensionnelle - Mode stratifie
2025-12-22 22:25:20 - dimension_optimizer - INFO - Shape initiale : (200, 19)
2025-12-22 22:25:20 - dimension_optimizer - INFO - Transformation situation_composite : 2 colonnes
2025-12-22 22:25:20 - dimension_optimizer - INFO - Transformation age : 1 colonnes
2025-12-22 22:25:20 - dimension_optimizer - WARNING - Colonnes FRONTALIER ou CDPCSP manquantes pour REVENU
2025-12-22 22:25:20 - dimension_optimizer - INFO - Transformation revenu : 1 colonnes
2025-12-22 22:25:20 - dimension_optimizer - WARNING - Colonne nb_enfant manquante
2025-12-22 22:25:20 - dimension_optimizer - INFO - Transformation enfants : 2 colonnes
2025-12-22 22:25:20 - dimension_optimizer - WARNING - Colonne CD_OCC_LGT manquante
2025-12-22 22:25:20 - dimension_optimizer - INFO - Transformation logement : 2 colonnes
2025-12-22 22:25:20 - dimension_optimizer - INFO - Transformation terminée : (200, 9)
2025-12-22 22:25:20 - dimension_optimizer - INFO - Dimensions créées : 8
2025-12-22 22:25:20 - dimension_optimizer - INFO - Colonnes finales : ['Situation_Couple', 'Situation_Celibataire', 'AGE', 'REVENU_Score', 'Enfants_Avec', 'Enfants_Sans', 'Logement_Proprietaire', 'Logement_NonProprietaire']
2025-12-22 22:25:20 - dimension_optimizer - INFO - DimensionOptimizer initialisé - Mode : stratifie
2025-12-22 22:25:20 - dimension_optimizer - INFO - Début transformation dimensionnelle - Mode stratifie
2025-12-22 22:25:20 - dimension_optimizer - INFO - Shape initiale : (2000, 19)
2025-12-22 22:25:20 - dimension_optimizer - INFO - Transformation situation_composite : 2 colonnes
2025-12-22 22:25:20 - dimension_optimizer - INFO - Transformation age : 1 colonnes
2025-12-22 22:25:20 - dimension_optimizer - WARNING - Colonnes FRONTALIER ou CDPCSP manquantes pour REVENU
2025-12-22 22:25:20 - dimension_optimizer - INFO - Transformation revenu : 1 colonnes
2025-12-22 22:25:20 - dimension_optimizer - WARNING - Colonne nb_enfant manquante
2025-12-22 22:25:20 - dimension_optimizer - INFO - Transformation enfants : 2 colonnes
2025-12-22 22:25:20 - dimension_optimizer - WARNING - Colonne CD_OCC_LGT manquante
2025-12-22 22:25:20 - dimension_optimizer - INFO - Transformation logement : 2 colonnes
2025-12-22 22:25:20 - dimension_optimizer - INFO - Transformation terminée : (2000, 9)
2025-12-22 22:25:20 - dimension_optimizer - INFO - Dimensions créées : 8
2025-12-22 22:25:20 - dimension_optimizer - INFO - Colonnes finales : ['Situation_Couple', 'Situation_Celibataire', 'AGE', 'REVENU_Score', 'Enfants_Avec', 'Enfants_Sans', 'Logement_Proprietaire', 'Logement_NonProprietaire']
2025-12-22 22:25:21 - dimension_optimizer - INFO - DimensionOptimizer initialisé - Mode : stratifie
2025-12-22 22:25:21 - dimension_optimizer - INFO - Début transformation dimensionnelle - Mode stratifie
2025-12-22 22:25:21 - dimension_optimizer - INFO - Shape initiale : (2000, 19)
2025-12-22 22:25:21 - dimension_optimizer - INFO - Transformation situation_composite : 2 colonnes
2025-12-22 22:25:21 - dimension_optimizer - INFO - Transformation age : 1 colonnes
2025-12-22 22:25:21 - dimension_optimizer - WARNING - Colonnes FRONTALIER ou CDPCSP manquantes pour REVENU
2025-12-22 22:25:21 - dimension_optimizer - INFO - Transformation revenu : 1 colonnes
2025-12-22 22:25:21 - dimension_optimizer - WARNING - Colonne nb_enfant manquante
2025-12-22 22:25:21 - dimension_optimizer - INFO - Transformation enfants : 2 colonnes
2025-12-22 22:25:21 - dimension_optimizer - WARNING - Colonne CD_OCC_LGT manquante
2025-12-22 22:25:21 - dimension_optimizer - INFO - Transformation logement : 2 colonnes
2025-12-22 22:25:21 - dimension_optimizer - INFO - Transformation terminée : (2000, 9)
2025-12-22 22:25:21 - dimension_optimizer - INFO - Dimensions créées : 8
2025-12-22 22:25:21 - dimension_optimizer - INFO - Colonnes finales : ['Situation_Couple', 'Situation_Celibataire', 'AGE', 'REVENU_Score', 'Enfants_Avec', 'Enfants_Sans', 'Logement_Proprietaire', 'Logement_NonProprietaire']
2025-12-22 22:25:22 - dimension_optimizer - INFO - DimensionOptimizer initialisé - Mode : stratifie
2025-12-22 22:25:22 - dimension_optimizer - INFO - Début transformation dimensionnelle - Mode stratifie
2025-12-22 22:25:22 - dimension_optimizer - INFO - Shape initiale : (2000, 19)
2025-12-22 22:25:22 - dimension_optimizer - INFO - Transformation situation_composite : 2 colonnes
2025-12-22 22:25:22 - dimension_optimizer - INFO - Transformation age : 1 colonnes
2025-12-22 22:25:22 - dimension_optimizer - WARNING - Colonnes FRONTALIER ou CDPCSP manquantes pour REVENU
2025-12-22 22:25:22 - dimension_optimizer - INFO - Transformation revenu : 1 colonnes
2025-12-22 22:25:22 - dimension_optimizer - WARNING - Colonne nb_enfant manquante
2025-12-22 22:25:22 - dimension_optimizer - INFO - Transformation enfants : 2 colonnes
2025-12-22 22:25:22 - dimension_optimizer - WARNING - Colonne CD_OCC_LGT manquante
2025-12-22 22:25:22 - dimension_optimizer - INFO - Transformation logement : 2 colonnes
2025-12-22 22:25:22 - dimension_optimizer - INFO - Transformation terminée : (2000, 9)
2025-12-22 22:25:22 - dimension_optimizer - INFO - Dimensions créées : 8
2025-12-22 22:25:22 - dimension_optimizer - INFO - Colonnes finales : ['Situation_Couple', 'Situation_Celibataire', 'AGE', 'REVENU_Score', 'Enfants_Avec', 'Enfants_Sans', 'Logement_Proprietaire', 'Logement_NonProprietaire']
2025-12-22 22:25:23 - dimension_optimizer - INFO - DimensionOptimizer initialisé - Mode : stratifie
2025-12-22 22:25:23 - dimension_optimizer - INFO - Début transformation dimensionnelle - Mode stratifie
2025-12-22 22:25:23 - dimension_optimizer - INFO - Shape initiale : (2000, 19)
2025-12-22 22:25:23 - dimension_optimizer - INFO - Transformation situation_composite : 2 colonnes
2025-12-22 22:25:23 - dimension_optimizer - INFO - Transformation age : 1 colonnes
2025-12-22 22:25:23 - dimension_optimizer - WARNING - Colonnes FRONTALIER ou CDPCSP manquantes pour REVENU
2025-12-22 22:25:23 - dimension_optimizer - INFO - Transformation revenu : 1 colonnes
2025-12-22 22:25:23 - dimension_optimizer - WARNING - Colonne nb_enfant manquante
2025-12-22 22:25:23 - dimension_optimizer - INFO - Transformation enfants : 2 colonnes
2025-12-22 22:25:23 - dimension_optimizer - WARNING - Colonne CD_OCC_LGT manquante
2025-12-22 22:25:23 - dimension_optimizer - INFO - Transformation logement : 2 colonnes
2025-12-22 22:25:23 - dimension_optimizer - INFO - Transformation terminée : (2000, 9)
2025-12-22 22:25:23 - dimension_optimizer - INFO - Dimensions créées : 8
2025-12-22 22:25:23 - dimension_optimizer - INFO - Colonnes finales : ['Situation_Couple', 'Situation_Celibataire', 'AGE', 'REVENU_Score', 'Enfants_Avec', 'Enfants_Sans', 'Logement_Proprietaire', 'Logement_NonProprietaire']
2025-12-22 22:25:23 - dimension_optimizer - INFO - DimensionOptimizer initialisé - Mode : stratifie
2025-12-22 22:25:23 - dimension_optimizer - INFO - Début transformation dimensionnelle - Mode stratifie
2025-12-22 22:25:23 - dimension_optimizer - INFO - Shape initiale : (2000, 19)
2025-12-22 22:25:23 - dimension_optimizer - INFO - Transformation situation_composite : 2 colonnes
2025-12-22 22:25:23 - dimension_optimizer - INFO - Transformation age : 1 colonnes
2025-12-22 22:25:23 - dimension_optimizer - WARNING - Colonnes FRONTALIER ou CDPCSP manquantes pour REVENU
2025-12-22 22:25:23 - dimension_optimizer - INFO - Transformation revenu : 1 colonnes
2025-12-22 22:25:23 - dimension_optimizer - WARNING - Colonne nb_enfant manquante
2025-12-22 22:25:23 - dimension_optimizer - INFO - Transformation enfants : 2 colonnes
2025-12-22 22:25:23 - dimension_optimizer - WARNING - Colonne CD_OCC_LGT manquante
2025-12-22 22:25:23 - dimension_optimizer - INFO - Transformation logement : 2 colonnes
2025-12-22 22:25:23 - dimension_optimizer - INFO - Transformation terminée : (2000, 9)
2025-12-22 22:25:23 - dimension_optimizer - INFO - Dimensions créées : 8
2025-12-22 22:25:23 - dimension_optimizer - INFO - Colonnes finales : ['Situation_Couple', 'Situation_Celibataire', 'AGE', 'REVENU_Score', 'Enfants_Avec', 'Enfants_Sans', 'Logement_Proprietaire', 'Logement_NonProprietaire']
2025-12-22 22:25:24 - dimension_optimizer - INFO - DimensionOptimizer initialisé - Mode : stratifie
2025-12-22 22:25:24 - dimension_optimizer - INFO - Début transformation dimensionnelle - Mode stratifie
2025-12-22 22:25:24 - dimension_optimizer - INFO - Shape initiale : (1000, 19)
2025-12-22 22:25:24 - dimension_optimizer - INFO - Transformation situation_composite : 2 colonnes
2025-12-22 22:25:24 - dimension_optimizer - INFO - Transformation age : 1 colonnes
2025-12-22 22:25:24 - dimension_optimizer - WARNING - Colonnes FRONTALIER ou CDPCSP manquantes pour REVENU
2025-12-22 22:25:24 - dimension_optimizer - INFO - Transformation revenu : 1 colonnes
2025-12-22 22:25:24 - dimension_optimizer - WARNING - Colonne nb_enfant manquante
2025-12-22 22:25:24 - dimension_optimizer - INFO - Transformation enfants : 2 colonnes
2025-12-22 22:25:24 - dimension_optimizer - WARNING - Colonne CD_OCC_LGT manquante
2025-12-22 22:25:24 - dimension_optimizer - INFO - Transformation logement : 2 colonnes
2025-12-22 22:25:24 - dimension_optimizer - INFO - Transformation terminée : (1000, 9)
2025-12-22 22:25:24 - dimension_optimizer - INFO - Dimensions créées : 8
2025-12-22 22:25:24 - dimension_optimizer - INFO - Colonnes finales : ['Situation_Couple', 'Situation_Celibataire', 'AGE', 'REVENU_Score', 'Enfants_Avec', 'Enfants_Sans', 'Logement_Proprietaire', 'Logement_NonProprietaire']
2025-12-22 22:25:24 - dimension_optimizer - INFO - DimensionOptimizer initialisé - Mode : stratifie
2025-12-22 22:25:24 - dimension_optimizer - INFO - Début transformation dimensionnelle - Mode stratifie
2025-12-22 22:25:24 - dimension_optimizer - INFO - Shape initiale : (1000, 19)
2025-12-22 22:25:24 - dimension_optimizer - INFO - Transformation situation_composite : 2 colonnes
2025-12-22 22:25:24 - dimension_optimizer - INFO - Transformation age : 1 colonnes
2025-12-22 22:25:24 - dimension_optimizer - WARNING - Colonnes FRONTALIER ou CDPCSP manquantes pour REVENU
2025-12-22 22:25:24 - dimension_optimizer - INFO - Transformation revenu : 1 colonnes
2025-12-22 22:25:24 - dimension_optimizer - WARNING - Colonne nb_enfant manquante
2025-12-22 22:25:24 - dimension_optimizer - INFO - Transformation enfants : 2 colonnes
2025-12-22 22:25:24 - dimension_optimizer - WARNING - Colonne CD_OCC_LGT manquante
2025-12-22 22:25:24 - dimension_optimizer - INFO - Transformation logement : 2 colonnes
2025-12-22 22:25:24 - dimension_optimizer - INFO - Transformation terminée : (1000, 9)
2025-12-22 22:25:24 - dimension_optimizer - INFO - Dimensions créées : 8
2025-12-22 22:25:24 - dimension_optimizer - INFO - Colonnes finales : ['Situation_Couple', 'Situation_Celibataire', 'AGE', 'REVENU_Score', 'Enfants_Avec', 'Enfants_Sans', 'Logement_Proprietaire', 'Logement_NonProprietaire']
2025-12-22 22:25:25 - dimension_optimizer - INFO - DimensionOptimizer initialisé - Mode : stratifie
2025-12-22 22:25:25 - dimension_optimizer - INFO - Début transformation dimensionnelle - Mode stratifie
2025-12-22 22:25:25 - dimension_optimizer - INFO - Shape initiale : (1000, 19)
2025-12-22 22:25:25 - dimension_optimizer - INFO - Transformation situation_composite : 2 colonnes
2025-12-22 22:25:25 - dimension_optimizer - INFO - Transformation age : 1 colonnes
2025-12-22 22:25:25 - dimension_optimizer - WARNING - Colonnes FRONTALIER ou CDPCSP manquantes pour REVENU
2025-12-22 22:25:25 - dimension_optimizer - INFO - Transformation revenu : 1 colonnes
2025-12-22 22:25:25 - dimension_optimizer - WARNING - Colonne nb_enfant manquante
2025-12-22 22:25:25 - dimension_optimizer - INFO - Transformation enfants : 2 colonnes
2025-12-22 22:25:25 - dimension_optimizer - WARNING - Colonne CD_OCC_LGT manquante
2025-12-22 22:25:25 - dimension_optimizer - INFO - Transformation logement : 2 colonnes
2025-12-22 22:25:25 - dimension_optimizer - INFO - Transformation terminée : (1000, 9)
2025-12-22 22:25:25 - dimension_optimizer - INFO - Dimensions créées : 8
2025-12-22 22:25:25 - dimension_optimizer - INFO - Colonnes finales : ['Situation_Couple', 'Situation_Celibataire', 'AGE', 'REVENU_Score', 'Enfants_Avec', 'Enfants_Sans', 'Logement_Proprietaire', 'Logement_NonProprietaire']
2025-12-22 22:25:25 - dimension_optimizer - INFO - DimensionOptimizer initialisé - Mode : global
2025-12-22 22:25:25 - dimension_optimizer - INFO - Début transformation dimensionnelle - Mode global
2025-12-22 22:25:25 - dimension_optimizer - INFO - Shape initiale : (1000, 19)
2025-12-22 22:25:25 - dimension_optimizer - INFO - Transformation situation_composite : 2 colonnes
2025-12-22 22:25:25 - dimension_optimizer - INFO - Transformation age : 4 colonnes
2025-12-22 22:25:25 - dimension_optimizer - WARNING - Colonnes FRONTALIER ou CDPCSP manquantes pour REVENU
2025-12-22 22:25:25 - dimension_optimizer - INFO - Transformation revenu : 1 colonnes
2025-12-22 22:25:25 - dimension_optimizer - WARNING - Colonne nb_enfant manquante
2025-12-22 22:25:25 - dimension_optimizer - INFO - Transformation enfants : 2 colonnes
2025-12-22 22:25:25 - dimension_optimizer - WARNING - Colonne CD_OCC_LGT manquante
2025-12-22 22:25:25 - dimension_optimizer - INFO - Transformation logement : 2 colonnes
2025-12-22 22:25:25 - dimension_optimizer - INFO - Transformation terminée : (1000, 12)
2025-12-22 22:25:25 - dimension_optimizer - INFO - Dimensions créées : 11
2025-12-22 22:25:25 - dimension_optimizer - INFO - Colonnes finales : ['Situation_Couple', 'Situation_Celibataire', 'Age_Jeunes', 'Age_Actifs', 'Age_Seniors', 'Age_Retraites', 'REVENU_Score', 'Enfants_Avec', 'Enfants_Sans', 'Logement_Proprietaire', 'Logement_NonProprietaire']
2025-12-22 22:25:26 - dimension_optimizer - INFO - DimensionOptimizer initialisé - Mode : stratifie
2025-12-22 22:25:26 - dimension_optimizer - INFO - Début transformation dimensionnelle - Mode stratifie
2025-12-22 22:25:26 - dimension_optimizer - INFO - Shape initiale : (400, 19)
2025-12-22 22:25:26 - dimension_optimizer - INFO - Transformation situation_composite : 2 colonnes
2025-12-22 22:25:26 - dimension_optimizer - INFO - Transformation age : 1 colonnes
2025-12-22 22:25:26 - dimension_optimizer - WARNING - Colonnes FRONTALIER ou CDPCSP manquantes pour REVENU
2025-12-22 22:25:26 - dimension_optimizer - INFO - Transformation revenu : 1 colonnes
2025-12-22 22:25:26 - dimension_optimizer - WARNING - Colonne nb_enfant manquante
2025-12-22 22:25:26 - dimension_optimizer - INFO - Transformation enfants : 2 colonnes
2025-12-22 22:25:26 - dimension_optimizer - WARNING - Colonne CD_OCC_LGT manquante
2025-12-22 22:25:26 - dimension_optimizer - INFO - Transformation logement : 2 colonnes
2025-12-22 22:25:26 - dimension_optimizer - INFO - Transformation terminée : (400, 9)
2025-12-22 22:25:26 - dimension_optimizer - INFO - Dimensions créées : 8
2025-12-22 22:25:26 - dimension_optimizer - INFO - Colonnes finales : ['Situation_Couple', 'Situation_Celibataire', 'AGE', 'REVENU_Score', 'Enfants_Avec', 'Enfants_Sans', 'Logement_Proprietaire', 'Logement_NonProprietaire']
